"source_id","source_group","work_id","doi","title","publication_year","type","cited_by_count","referenced_works_count","locations_count","countries_distinct_count","institutions_distinct_count","fwci","has_fulltext","oa_is_oa","oa_status","primary_topic","primary_topic_subfield","primary_topic_field","primary_topic_domain","primary_source_display_name"
"S13948593","nais","W2863843163","10.1177/1177180118785382","Indigenization as inclusion, reconciliation, and decolonization: navigating the different visions for indigenizing the Canadian Academy",2018,"article",383,14,1,1,2,28.0119,FALSE,TRUE,"hybrid","Indigenous Health, Education, and Rights","Health","Social Sciences","Social Sciences","AlterNative An International Journal of Indigenous Peoples"
"S13948593","nais","W1905556413","10.1177/117718011401000304","Positioning Historical Trauma Theory within Aotearoa new Zealand",2014,"article",189,23,2,1,6,6.3397,FALSE,TRUE,"green","Indigenous Health, Education, and Rights","Health","Social Sciences","Social Sciences","AlterNative An International Journal of Indigenous Peoples"
"S13948593","nais","W1579625741","10.1177/117718010800400210","Decolonising Framings in Pacific Research: Indigenous Fijian Vanua Research Framework as an Organic Response",2008,"article",162,9,1,1,1,0,FALSE,FALSE,"closed","Pacific and Southeast Asian Studies","Geography, Planning and Development","Social Sciences","Social Sciences","AlterNative An International Journal of Indigenous Peoples"
"S13948593","nais","W2767994227","10.1177/1177180117741351","Traditional storytelling: an effective Indigenous research methodology and its implications for environmental research",2017,"article",159,33,1,1,1,3.5843,FALSE,FALSE,"closed","Indigenous Health, Education, and Rights","Health","Social Sciences","Social Sciences","AlterNative An International Journal of Indigenous Peoples"
"S13948593","nais","W2123089587","10.1177/117718011401000505","Traditional Knowledge and Water Governance: The ethic of responsibility",2014,"article",138,15,1,1,1,3.1161,FALSE,FALSE,"closed","Indigenous Studies and Ecology","General Health Professions","Health Professions","Health Sciences","AlterNative An International Journal of Indigenous Peoples"
"S13948593","nais","W2599301038","10.1177/1177180117701028","Factors that support Indigenous involvement in multi-actor environmental stewardship",2017,"article",137,37,1,2,5,31.8847,FALSE,FALSE,"closed","Environmental Education and Sustainability","Management, Monitoring, Policy and Law","Environmental Science","Physical Sciences","AlterNative An International Journal of Indigenous Peoples"
"S13948593","nais","W3027194193","10.1177/1177180120917480","YARNING AS PROTECTED SPACE: principles and protocols",2020,"article",99,25,1,1,4,5.0383,FALSE,FALSE,"closed","Indigenous Health, Education, and Rights","Health","Social Sciences","Social Sciences","AlterNative An International Journal of Indigenous Peoples"
"S13948593","nais","W2536770424","10.20507/alternative.2016.12.4.8","Research, Ethics and Indigenous Peoples: An Australian Indigenous perspective on three threshold considerations for respectful engagement",2016,"article",92,29,2,1,1,3.0811,FALSE,FALSE,"closed","Indigenous Health, Education, and Rights","Health","Social Sciences","Social Sciences","AlterNative An International Journal of Indigenous Peoples"
"S13948593","nais","W3123438626","10.1177/1177180120986151","Yarning as protected space: relational accountability in research",2021,"article",80,23,1,1,5,7.2561,FALSE,TRUE,"bronze","Indigenous Health, Education, and Rights","Health","Social Sciences","Social Sciences","AlterNative An International Journal of Indigenous Peoples"
"S13948593","nais","W2532722490","10.20507/alternative.2016.12.4.5","Indigenous Positioning in Health Research: The importance of Kaupapa Māori theory-informed practice",2016,"article",79,48,2,1,1,4.2364,FALSE,FALSE,"closed","Indigenous Health, Education, and Rights","Health","Social Sciences","Social Sciences","AlterNative An International Journal of Indigenous Peoples"
"S13948593","nais","W2796990361","10.1177/1177180118767436","Talanoa: Tongan epistemology and Indigenous research method",2018,"article",74,20,1,2,4,21.7087,FALSE,FALSE,"closed","Island Studies and Pacific Affairs","Demography","Social Sciences","Social Sciences","AlterNative An International Journal of Indigenous Peoples"
"S13948593","nais","W2890846867","10.1177/1177180118796870","Arts-based research methods with indigenous peoples: an international scoping review",2018,"article",71,53,1,1,6,8.5537,FALSE,FALSE,"closed","Participatory Visual Research Methods","Sociology and Political Science","Social Sciences","Social Sciences","AlterNative An International Journal of Indigenous Peoples"
"S13948593","nais","W3160587239","10.1177/11771801211015442","Are you really using Yarning research? Mapping Social and Family Yarning to strengthen Yarning research quality",2021,"article",71,44,1,1,3,6.1855,FALSE,TRUE,"bronze","Indigenous Health, Education, and Rights","Health","Social Sciences","Social Sciences","AlterNative An International Journal of Indigenous Peoples"
"S13948593","nais","W4223493961","10.1177/11771801221085353","Dadirri: an Indigenous place-based research methodology",2022,"article",63,43,1,1,7,9.361,FALSE,FALSE,"closed","Indigenous Health, Education, and Rights","Health","Social Sciences","Social Sciences","AlterNative An International Journal of Indigenous Peoples"
"S13948593","nais","W3131078094","10.1177/1177180121994680","Māori Indigenous values and tourism business sustainability",2021,"article",30,84,1,1,2,8.7113,FALSE,TRUE,"bronze","Diverse Aspects of Tourism Research","Sociology and Political Science","Social Sciences","Social Sciences","AlterNative An International Journal of Indigenous Peoples"
"S13948593","nais","W3212185473","10.1177/11771801211058342","Bringing research <i>back home</i>: exploring Indigenous Melanesian tok stori as ontology",2021,"article",15,43,1,1,2,0.8327,FALSE,FALSE,"closed","Indigenous Health, Education, and Rights","Health","Social Sciences","Social Sciences","AlterNative An International Journal of Indigenous Peoples"
"S13948593","nais","W1481668597","10.1177/117718011300900303","Indigenous Methodologies: Traversing Indigenous and Western worldviews in research",2013,"article",72,36,1,1,1,1.5363,FALSE,FALSE,"closed","Indigenous Health, Education, and Rights","Health","Social Sciences","Social Sciences","AlterNative An International Journal of Indigenous Peoples"
"S13948593","nais","W2661694775","10.1177/1177180117714411","Ethical spaces and places: Indigenous cultural safety in British Columbia health care",2017,"article",67,23,1,1,4,4.3525,FALSE,FALSE,"closed","Indigenous Health, Education, and Rights","Health","Social Sciences","Social Sciences","AlterNative An International Journal of Indigenous Peoples"
"S13948593","nais","W2769008973","10.1177/1177180117742202","Conceptualising historical privilege: the flip side of historical trauma, a brief examination",2017,"article",55,55,1,1,3,3.3282,FALSE,TRUE,"bronze","Indigenous Health, Education, and Rights","Health","Social Sciences","Social Sciences","AlterNative An International Journal of Indigenous Peoples"
"S13948593","nais","W1580000900","10.1177/117718011501100203","Situating the Work: A typology of traditional knowledge literature",2015,"article",49,53,1,1,1,5.0579,FALSE,FALSE,"closed","Indigenous Knowledge Systems and Agriculture","Plant Science","Agricultural and Biological Sciences","Life Sciences","AlterNative An International Journal of Indigenous Peoples"
"S13948593","nais","W3028590548","10.1177/1177180120919166","Seeing the unseen: evidence of kaupapa Māori health interventions",2020,"article",47,42,1,1,6,3.8228,FALSE,FALSE,"closed","Indigenous Health, Education, and Rights","Health","Social Sciences","Social Sciences","AlterNative An International Journal of Indigenous Peoples"
"S13948593","nais","W1690208385","10.1177/117718011200800101","Canadian Indigenous Governance Literature: A Review",2012,"review",45,17,1,1,1,0.8217,FALSE,FALSE,"closed","Indigenous Health, Education, and Rights","Health","Social Sciences","Social Sciences","AlterNative An International Journal of Indigenous Peoples"
"S13948593","nais","W3048575063","10.1177/1177180120948270","Thesis as kin: living relationality with research",2020,"article",45,33,1,1,1,2.4605,FALSE,FALSE,"closed","Indigenous Health, Education, and Rights","Health","Social Sciences","Social Sciences","AlterNative An International Journal of Indigenous Peoples"
"S13948593","nais","W1662388593","10.1177/117718011300900302","Perspectives on a Decolonizing Approach to Research About Indigenous Women's Health: The Indigenous Women's Wellness Study",2013,"article",27,29,2,1,4,1.229,FALSE,FALSE,"closed","Indigenous Health, Education, and Rights","Health","Social Sciences","Social Sciences","AlterNative An International Journal of Indigenous Peoples"
"S13948593","nais","W3197046779","10.1177/11771801211042019","Indigenous standpoint theory as a theoretical framework for decolonizing social science health research with American Indian communities",2021,"article",25,74,3,1,7,1.6653,FALSE,TRUE,"green","Indigenous Health, Education, and Rights","Health","Social Sciences","Social Sciences","AlterNative An International Journal of Indigenous Peoples"
"S13948593","nais","W3090702464","10.1177/1177180120952896","Community-based (rooted) research for regeneration: understanding benefits, barriers, and resources for Indigenous education and research",2020,"article",23,70,2,1,7,1.5232,FALSE,FALSE,"closed","Indigenous Health, Education, and Rights","Health","Social Sciences","Social Sciences","AlterNative An International Journal of Indigenous Peoples"
"S13948593","nais","W1863369831","10.1177/117718011300900406","The Preservation of Canadian Indigenous Language and Culture through Educational Technology",2013,"article",8,67,1,1,1,2.8104,FALSE,FALSE,"closed","Multilingual Education and Policy","Linguistics and Language","Social Sciences","Social Sciences","AlterNative An International Journal of Indigenous Peoples"
"S13948593","nais","W4392619836","10.1177/11771801241235051","Indigenous community engagement requirements for academic journals",2024,"article",4,40,1,2,13,8.7115,FALSE,TRUE,"hybrid","Service-Learning and Community Engagement","Education","Social Sciences","Social Sciences","AlterNative An International Journal of Indigenous Peoples"
"S13948593","nais","W4388945197","10.1177/11771801231197822","Kapori: researching local responses to sorcery accusation–related violence in Papua New Guinea through Indigenous storytelling",2023,"article",3,27,2,2,4,0.8433,TRUE,TRUE,"hybrid","Indigenous Health, Education, and Rights","Health","Social Sciences","Social Sciences","AlterNative An International Journal of Indigenous Peoples"
"S13948593","nais","W4392885092","10.1177/11771801241235415","Indigenous methodologies walking together in a good way: urban Indigenous collective governance in health research",2024,"article",3,55,1,1,16,1.6709,FALSE,TRUE,"hybrid","Indigenous Health, Education, and Rights","Health","Social Sciences","Social Sciences","AlterNative An International Journal of Indigenous Peoples"
"S13948593","nais","W1548294932","10.1177/117718011300900305","Developing a Kaupapa Māori Research Project to Help Reduce Health Disparities Experienced by Young Māori Women and Their Babies",2013,"article",28,18,1,1,7,1.8434,FALSE,FALSE,"closed","Indigenous Health, Education, and Rights","Health","Social Sciences","Social Sciences","AlterNative An International Journal of Indigenous Peoples"
"S13948593","nais","W589364211","10.1177/117718011401000102","At the Heart of Learning (Series: Paper 2 of 4): Witulya Mulapa ngana<u>n</u>a Mantjintjaku: From Cultural Devastation to Cultural Re-Invention",2014,"article",26,16,1,1,2,3.003,FALSE,FALSE,"closed","Indigenous Health, Education, and Rights","Health","Social Sciences","Social Sciences","AlterNative An International Journal of Indigenous Peoples"
"S13948593","nais","W2607888707","10.1177/1177180117701692","Indigenous perspectives of ecosystem-based management and co-governance in the Pacific Northwest: lessons for Aotearoa",2017,"article",22,14,3,1,3,1.9071,FALSE,TRUE,"green","Indigenous Studies and Ecology","General Health Professions","Health Professions","Health Sciences","AlterNative An International Journal of Indigenous Peoples"
"S13948593","nais","W2770487218","10.1177/1177180117744612","A consultation journey: developing a Kaupapa Māori research methodology to explore Māori whānau experiences of harm and loss around birth",2017,"article",17,21,1,1,1,1.0241,FALSE,FALSE,"closed","Indigenous Health, Education, and Rights","Health","Social Sciences","Social Sciences","AlterNative An International Journal of Indigenous Peoples"
"S13948593","nais","W3005484155","10.1177/1177180120903500","Applying an Indigenous methodology to a North–South, cross-cultural collaboration: successes and remaining challenges",2020,"article",16,32,1,3,5,1.0545,FALSE,FALSE,"closed","Indigenous Health, Education, and Rights","Health","Social Sciences","Social Sciences","AlterNative An International Journal of Indigenous Peoples"
"S13948593","nais","W1527539913","10.1177/117718011401000101","At the Heart of Learning (Series: Paper 1 of 4): Pu<u>t</u>u<u>n</u>a Kulini: The trouble with “Hearing”",2014,"article",15,27,1,1,1,2.002,FALSE,FALSE,"closed","Indigenous Health, Education, and Rights","Health","Social Sciences","Social Sciences","AlterNative An International Journal of Indigenous Peoples"
"S13948593","nais","W2756038358","10.1177/1177180117729771","Supervision of Indigenous research students: considerations for cross-cultural supervisors",2017,"article",14,33,1,1,1,2.8516,FALSE,FALSE,"closed","Cultural Competency in Health Care","Sociology and Political Science","Social Sciences","Social Sciences","AlterNative An International Journal of Indigenous Peoples"
"S13948593","nais","W2966788671","10.1177/1177180119866515","“I would prefer to have my health care provided over a cup of tea any day”: recommendations by urban Métis women to improve access to health and social services in Toronto for the Métis community",2019,"article",14,14,1,2,4,0.8586,FALSE,TRUE,"hybrid","Indigenous Health, Education, and Rights","Health","Social Sciences","Social Sciences","AlterNative An International Journal of Indigenous Peoples"
"S13948593","nais","W4399046596","10.1177/11771801241251862","Farmers’ use of Indigenous knowledge on climate change adaptation across farming systems and agroecological zones of Sierra Leone",2024,"article",5,64,1,2,2,5.4478,FALSE,TRUE,"hybrid","Agriculture and Rural Development Research","Ecology, Evolution, Behavior and Systematics","Agricultural and Biological Sciences","Life Sciences","AlterNative An International Journal of Indigenous Peoples"
"S13948593","nais","W1654207101","10.1177/117718011401000104","At the Heart of Learning (Series: Paper 4 of 4): Kuranyu-kutu nyakula nyaan nyanganyi? Imagining the Future",2014,"article",24,23,1,1,2,2.6693,FALSE,FALSE,"closed","Indigenous Health, Education, and Rights","Health","Social Sciences","Social Sciences","AlterNative An International Journal of Indigenous Peoples"
"S13948593","nais","W2102606036","10.1177/117718010700300206","Story-Telling as a Potent Research Paradigm for Indigenous Communities",2007,"article",18,5,1,1,1,1.3832,FALSE,FALSE,"closed","Digital Storytelling and Education","Speech and Hearing","Health Professions","Health Sciences","AlterNative An International Journal of Indigenous Peoples"
"S13948593","nais","W1537747990","10.1177/117718011401000504","Indigenous at the Heart: Indigenous research in a climate change project",2014,"article",17,32,2,1,2,2.493,FALSE,FALSE,"closed","Indigenous Studies and Ecology","General Health Professions","Health Professions","Health Sciences","AlterNative An International Journal of Indigenous Peoples"
"S13948593","nais","W1562020329","10.1177/117718011401000103","At the Heart of Learning (Series: Paper 3 of 4): Kurunta Kanyintja: Holding Knowledge in our Spirit",2014,"article",17,13,1,1,2,2.002,FALSE,FALSE,"closed","Indigenous Health, Education, and Rights","Health","Social Sciences","Social Sciences","AlterNative An International Journal of Indigenous Peoples"
"S13948593","nais","W1517624475","10.1177/117718011401000407","A Promised Mindland?: A rectificatory theory-practice position for non-Indigenous researchers",2014,"article",9,100,1,1,1,0.3337,FALSE,FALSE,"closed","Indigenous Health, Education, and Rights","Health","Social Sciences","Social Sciences","AlterNative An International Journal of Indigenous Peoples"
"S13948593","nais","W4398222650","10.1177/11771801241251411","Promoting health and wellness through Indigenous sacred sites, ceremony grounds, and land-based learning: a scoping review",2024,"review",3,41,1,1,3,0.4931,FALSE,TRUE,"hybrid","Indigenous Health, Education, and Rights","Health","Social Sciences","Social Sciences","AlterNative An International Journal of Indigenous Peoples"
"S13948593","nais","W4296231011","10.1177/11771801221122820","Persistence in Indigenous language work during the COVID-19 pandemic",2022,"article",2,26,4,2,4,0.3173,FALSE,TRUE,"green","Indigenous Health, Education, and Rights","Health","Social Sciences","Social Sciences","AlterNative An International Journal of Indigenous Peoples"
"S13948593","nais","W4385662847","10.1177/11771801231187180","Basket weaving as an Aboriginal methodology and theoretical framework",2023,"article",2,34,1,1,3,0.5616,FALSE,TRUE,"hybrid","Indigenous Health, Education, and Rights","Health","Social Sciences","Social Sciences","AlterNative An International Journal of Indigenous Peoples"
"S13948593","nais","W4396773232","10.1177/11771801241249920","“We don’t have a lot of trees, but by God, do we have a lot of fish”: imagining postcolonial futures for the Nunatsiavut fishing industry",2024,"article",1,42,1,1,8,0.8958,FALSE,TRUE,"hybrid","Indigenous Studies and Ecology","General Health Professions","Health Professions","Health Sciences","AlterNative An International Journal of Indigenous Peoples"
"S13948593","nais","W4404292810","10.1177/11771801241289999","Healing through tradition: the role of Indigenous Elder support in child and youth mental health in Canada",2024,"article",1,27,1,1,3,0.5549,FALSE,FALSE,"closed","Indigenous Health, Education, and Rights","Health","Social Sciences","Social Sciences","AlterNative An International Journal of Indigenous Peoples"
"S13948593","nais","W4411378120","10.1177/11771801251334917","Composing, decomposing, and recomposing engagement in Indigenous-led research for land and sea management, Tiwi Islands, Australia",2025,"article",1,47,1,1,14,2.2382,FALSE,TRUE,"hybrid","Indigenous Health, Education, and Rights","Health","Social Sciences","Social Sciences","AlterNative An International Journal of Indigenous Peoples"
"S13948593","nais","W2590024358","10.1177/1177180116689032","Native American studies: a place of community",2017,"article",2,24,1,1,1,1.0317,FALSE,FALSE,"closed","Service-Learning and Community Engagement","Education","Social Sciences","Social Sciences","AlterNative An International Journal of Indigenous Peoples"
"S13948593","nais","W97934219","10.1177/117718011401000408","I have Pen, Book and Food; Now, Let's Write: Indigenizing a postgraduate writing workshop",2014,"article",2,30,1,1,2,0,FALSE,FALSE,"closed","Indigenous Health, Education, and Rights","Health","Social Sciences","Social Sciences","AlterNative An International Journal of Indigenous Peoples"
"S13948593","nais","W1496674189","10.1177/117718010900500108","Pursuing Wicozani (the Good Way of Life): Functional Adaptations through Dakota Lifeways",2009,"article",0,32,1,1,5,0,FALSE,FALSE,"closed","Indigenous Health, Education, and Rights","Health","Social Sciences","Social Sciences","AlterNative An International Journal of Indigenous Peoples"
"S13948593","nais","W4311062734","10.1177/11771801221137834","Stories from the river: thematic analysis of non-Indigenous health students’ free-text survey responses about Australian cultural safety education",2022,"article",0,39,1,1,5,0,FALSE,FALSE,"closed","Cultural Competency in Health Care","Sociology and Political Science","Social Sciences","Social Sciences","AlterNative An International Journal of Indigenous Peoples"
"S13948593","nais","W4392518988","10.1177/11771801241235332","Adaptation to water-induced disaster: exploring local knowledge and Indigenous knowledge-led strategies",2024,"article",0,78,2,3,11,0,FALSE,TRUE,"hybrid","Child Nutrition and Water Access","Nutrition and Dietetics","Nursing","Health Sciences","AlterNative An International Journal of Indigenous Peoples"
"S13948593","nais","W4409602328","10.1177/11771801251334675","Tracing the Pacific at UBC: kinship, representation, and vakaturaga in public health research in Vancouver, Canada",2025,"article",0,60,1,2,2,0,FALSE,TRUE,"hybrid","Indigenous Health, Education, and Rights","Health","Social Sciences","Social Sciences","AlterNative An International Journal of Indigenous Peoples"
"S13948593","nais","W4409825297","10.1177/11771801251334772","Nurturing roots: a scoping review on Indigenous acts of resistance through Land-based healing practices",2025,"review",0,60,1,2,5,0,FALSE,TRUE,"hybrid","Indigenous Health, Education, and Rights","Health","Social Sciences","Social Sciences","AlterNative An International Journal of Indigenous Peoples"
"S13948593","nais","W4411126177","10.1177/11771801251342662","“It’s a big, round circle of knowledge to me. I don’t know how else to explain it”: strengthening cultural identity through Indigenous placekeeping and food sovereignty practices in Kingston, Ontario",2025,"article",0,54,1,1,12,0,FALSE,TRUE,"hybrid","Indigenous Studies and Ecology","General Health Professions","Health Professions","Health Sciences","AlterNative An International Journal of Indigenous Peoples"
"S13948593","nais","W4414249956","10.1177/11771801251369903","Indigenous and decolonial approaches to environmental learning",2025,"article",0,23,1,3,2,0,FALSE,FALSE,"closed","Indigenous and Place-Based Education","Education","Social Sciences","Social Sciences","AlterNative An International Journal of Indigenous Peoples"
"S13948593","nais","W4414287872","10.1177/11771801251360106","An Indigenous data analysis framework of practice and Carmen’s Theory",2025,"article",0,43,1,2,4,0,FALSE,TRUE,"hybrid","Indigenous Health, Education, and Rights","Health","Social Sciences","Social Sciences","AlterNative An International Journal of Indigenous Peoples"
"S13948593","nais","W7117116690","10.1177/11771801251394749","Caught in the middle: a qualitative metasynthesis of Māori youth cultural identity",2025,"article",0,36,1,1,2,0,FALSE,FALSE,"closed","Indigenous Health, Education, and Rights","Health","Social Sciences","Social Sciences","AlterNative An International Journal of Indigenous Peoples"
"S13948593","nais","W7117117811","10.1177/11771801251398574","Practical guidelines for Indigenous research: lessons from a case study exploring data literacy in our local Aboriginal and Torres Strait Islander community",2025,"article",0,31,1,1,3,0,FALSE,TRUE,"hybrid","Indigenous Health, Education, and Rights","Health","Social Sciences","Social Sciences","AlterNative An International Journal of Indigenous Peoples"
"S4210175943","nais","W2007583141","10.5820/aian.1603.2009.16","Depressed Affect and Historical Loss Among North American Indigenous Adolescents",2009,"article",148,48,4,1,1,5.2985,FALSE,FALSE,"closed","Migration, Health and Trauma","Clinical Psychology","Psychology","Social Sciences","American Indian and Alaska Native Mental Health Research"
"S4210175943","nais","W1998501767","10.5820/aian.2201.2015.42","Healing of the Canoe: Preliminary Results of a Culturally Tailored Intervention to Prevent Substance Abuse and Promote Tribal Identity for Native Youth in Two Pacific Northwest Tribes",2015,"article",92,109,3,1,1,5.1938,FALSE,FALSE,"closed","Optimism, Hope, and Well-being","Applied Psychology","Psychology","Social Sciences","American Indian and Alaska Native Mental Health Research"
"S4210175943","nais","W2004795064","10.5820/aian.1103.2004.49","Intimate Partner Violence in American Indian and/or Alaska Native Communities: A Social Ecological Framework of Determinants and Interventions",2004,"review",122,51,2,1,1,0.9996,FALSE,FALSE,"closed","Intimate Partner and Family Violence","Health","Social Sciences","Social Sciences","American Indian and Alaska Native Mental Health Research"
"S4210175943","nais","W2464068737","10.5820/aian.2303.2016.206","Strength-based well-being indicators for indigenous children and families: A literature review of indigenous communities’ identified well-being indicators",2016,"review",52,3,2,0,1,4.0662,FALSE,TRUE,"diamond","Psychological Well-being and Life Satisfaction","Social Psychology","Psychology","Social Sciences","American Indian and Alaska Native Mental Health Research"
"S4210175943","nais","W2120795971","10.5820/aian.1902.2012.20","The Power of Protection: A Population-based Comparison of Native and Non-Native Youth Suicide Attempters",2012,"article",39,97,3,1,1,3.7395,FALSE,FALSE,"closed","Suicide and Self-Harm Studies","Clinical Psychology","Psychology","Social Sciences","American Indian and Alaska Native Mental Health Research"
"S4210175943","nais","W2801266816","10.5820/aian.2501.2018.19","Approach and Methods of the 2016 Alaska Native Research Forum",2018,"article",6,18,4,0,6,2.544,FALSE,TRUE,"diamond","Health Policy Implementation Science","General Health Professions","Health Professions","Health Sciences","American Indian and Alaska Native Mental Health Research"
"S4210175943","nais","W2032333567","10.5820/aian.1102.2004.1","Contextual Issues for Strategic Planning and Evaluation of Systems of Care for American Indian and Alaska Native Communities: An Introduction to Circles of Care",2004,"article",17,28,2,1,1,1.7359,FALSE,FALSE,"closed","Evaluation and Performance Assessment","Management Science and Operations Research","Decision Sciences","Social Sciences","American Indian and Alaska Native Mental Health Research"
"S4210175943","nais","W2331212896","10.5820/aian.2102.2014.1","Self-reported versus Administrative Identification of American Indian and Alaska Native Arrestees: Effects on Relative Estimates of Illicit Drug Use and Alcohol Abuse",2014,"article",7,106,2,0,1,0.63,FALSE,FALSE,"closed","Substance Abuse Treatment and Outcomes","Epidemiology","Medicine","Health Sciences","American Indian and Alaska Native Mental Health Research"
"S4210175943","nais","W2976916478","10.5820/aian.2602.2019.1","The Collaborative Research Center for American Indian Health’s Partnership River of Life: Special Issue Introduction",2019,"article",4,13,3,1,6,0.4293,FALSE,TRUE,"diamond","Indigenous Health, Education, and Rights","Health","Social Sciences","Social Sciences","American Indian and Alaska Native Mental Health Research"
"S4210175943","nais","W3204374789","10.5820/aian.2802.2021.1","A Positive Youth Development Perspective on Mental Distress among American Indian/Alaska Native Youth",2021,"article",4,23,2,0,2,0.6381,FALSE,TRUE,"diamond","Youth Development and Social Support","Safety Research","Social Sciences","Social Sciences","American Indian and Alaska Native Mental Health Research"
"S32628711","nais","W324717042","10.17953/aicr.35.4.4588445552858866","Community-based Indigenous Digital Storytelling with Elders and Youth",2011,"article",112,17,1,1,2,3.7471,FALSE,FALSE,"closed","Indigenous Health, Education, and Rights","Health","Social Sciences","Social Sciences","American Indian Culture and Research Journal"
"S32628711","nais","W41377486","10.17953/aicr.19.3.75725415011514r1","Cultural Imperialism and the Marketing of Native America",1995,"article",71,2,1,1,1,0.8756,FALSE,FALSE,"closed","Indigenous Health, Education, and Rights","Health","Social Sciences","Social Sciences","American Indian Culture and Research Journal"
"S32628711","nais","W2198262729","10.17953/aicrj.39.2.salomontarquini","Native American and Indigenous Studies Association (NAISA) Annual Meetings",2015,"article",3,23,2,0,1,0.6881,TRUE,TRUE,"bronze","Indigenous Health, Education, and Rights","Health","Social Sciences","Social Sciences","American Indian Culture and Research Journal"
"S32628711","nais","W342838457","10.17953/aicr.30.3.v12v8884w2x307t3","Researching Indigenous Indians in Southern California: Commentary, Bibliography, and Online Resources",2006,"article",1,170,1,0,1,0,TRUE,TRUE,"bronze","Archaeology and Natural History","Anthropology","Social Sciences","Social Sciences","American Indian Culture and Research Journal"
"S188904407","nais","W2088413716","10.1353/aiq.2004.0101","Coming Full Circle: Indigenous Knowledge, Environment, and Our Future",2004,"article",427,20,1,0,1,2.4957,FALSE,FALSE,"closed","Indigenous Studies and Ecology","General Health Professions","Health Professions","Health Sciences","The American Indian Quarterly"
"S188904407","nais","W1972253930","10.1353/aiq.2004.0107","Anticolonial Strategies for the Recovery and Maintenance of Indigenous Knowledge",2004,"article",419,17,1,0,1,1.7491,FALSE,FALSE,"closed","Indigenous Health, Education, and Rights","Health","Social Sciences","Social Sciences","The American Indian Quarterly"
"S188904407","nais","W2066262345","10.1353/aiq.2000.0008","The Indian Health Service and the Sterilization of Native American Women",2000,"article",304,31,3,0,1,0,FALSE,FALSE,"closed","American Environmental and Regional History","Management, Monitoring, Policy and Law","Environmental Science","Physical Sciences","The American Indian Quarterly"
"S188904407","nais","W2008495319","10.1353/aiq.2001.0030","Indigenous Identity: What Is It and Who Really Has It?",2001,"article",268,23,1,0,1,13.2827,FALSE,FALSE,"closed","Cultural Identity and Representation","Philosophy","Arts and Humanities","Social Sciences","The American Indian Quarterly"
"S188904407","nais","W2073599660","10.1353/aiq.2004.0073","Their Spirits Live within Us: Aboriginal Women in Downtown Eastside Vancouver Emerging into Visibility",2003,"article",143,14,1,0,1,1.50799241,FALSE,FALSE,"closed","Indigenous Health, Education, and Rights","Health","Social Sciences","Social Sciences","The American Indian Quarterly"
"S188904407","nais","W2086299774","10.1353/aiq.2004.0094","Indigenous Knowledge in the Decolonial Era",2004,"article",97,44,1,0,1,3.9136,FALSE,FALSE,"closed","African cultural and philosophical studies","Education","Social Sciences","Social Sciences","The American Indian Quarterly"
"S188904407","nais","W2036854346","10.2307/1184942","American Indian Intellectualism and the New Indian Story",1996,"article",92,1,1,0,1,0.8607,FALSE,FALSE,"closed","Indigenous Health, Education, and Rights","Health","Social Sciences","Social Sciences","The American Indian Quarterly"
"S188904407","nais","W2324082932","10.2307/1185596","""Constructing"" Nations within States: The Quest for Federal Recognition by the Catawba and Lumbee Tribes",1995,"article",70,16,1,0,2,1.84023293,FALSE,FALSE,"closed","American Constitutional Law and Politics","Political Science and International Relations","Social Sciences","Social Sciences","The American Indian Quarterly"
"S188904407","nais","W1811429008","10.5250/amerindiquar.39.2.0113","Invisibility in the Color-Blind Era: Examining Legitimized Racism against Indigenous Peoples",2015,"article",65,49,1,0,1,19.4683,FALSE,FALSE,"closed","Critical Race Theory in Education","Sociology and Political Science","Social Sciences","Social Sciences","The American Indian Quarterly"
"S188904407","nais","W2072496352","10.1353/aiq.2007.0026","More Light Than Heat: The Current State of Native American Studies",2007,"article",60,35,1,0,1,2.568,FALSE,FALSE,"closed","Indigenous Health, Education, and Rights","Health","Social Sciences","Social Sciences","The American Indian Quarterly"
"S188904407","nais","W1995811201","10.2307/1184944","Why Indian People Should Be the Ones to Write about Indian Education",1996,"article",91,10,1,0,1,0.8607,FALSE,FALSE,"closed","Indigenous Health, Education, and Rights","Health","Social Sciences","Social Sciences","The American Indian Quarterly"
"S188904407","nais","W1986958036","10.1353/aiq.2003.0011","&amp;quot;Real&amp;quot; Indian Songs: The Society of American Indians and the Use of Native American Culture as a Means of Reform",2002,"article",23,13,1,0,1,0.2894,FALSE,FALSE,"closed","Indigenous Health, Education, and Rights","Health","Social Sciences","Social Sciences","The American Indian Quarterly"
"S188904407","nais","W2075731517","10.1353/aiq.2007.0028","In Search of Theory and Method in American Indian Studies",2007,"article",46,9,1,0,1,1.712,FALSE,FALSE,"closed","Indigenous Health, Education, and Rights","Health","Social Sciences","Social Sciences","The American Indian Quarterly"
"S188904407","nais","W2314920949","10.2307/1185590","Methodological Approaches to Native American Narrative and the Role of Performance",1997,"article",13,76,1,0,1,0,FALSE,FALSE,"closed","Folklore, Mythology, and Literature Studies","Literature and Literary Theory","Arts and Humanities","Social Sciences","The American Indian Quarterly"
"S188904407","nais","W1582682554","10.5250/amerindiquar.34.4.0435","“The question which has puzzled, and still puzzles”: How American Indian Authors Challenged Dominant Discourse about Native American Origins in the Nineteenth Century",2010,"article",10,44,1,0,1,0.5915,FALSE,FALSE,"closed","Indigenous Health, Education, and Rights","Health","Social Sciences","Social Sciences","The American Indian Quarterly"
"S188904407","nais","W2070868904","10.1353/aiq.0.0006","The “Lie” of the Land: Native Sovereignty, Indian Literary Nationalism, and Early Indigenism in Leslie Marmon Silko’s &lt;i&gt;Ceremony&lt;/i&gt;",2008,"article",9,40,1,0,1,6.74567539,FALSE,FALSE,"closed","Ecocriticism and Environmental Literature","Literature and Literary Theory","Arts and Humanities","Social Sciences","The American Indian Quarterly"
"S188904407","nais","W2980197039","10.5250/amerindiquar.43.4.0408","Confronting Cannabis: Legalization on Native Nation Lands and the Impacts of Differential Federal Enforcement",2019,"article",3,30,1,0,1,0.3422,FALSE,FALSE,"closed","Cannabis and Cannabinoid Research","Pharmacology","Medicine","Health Sciences","The American Indian Quarterly"
"S188904407","nais","W2083106974","10.1353/aiq.2004.0006","Cumulative Index, volumes 22-25 (1998-2001)",2002,"article",0,116,1,0,1,0,FALSE,FALSE,"closed","Indigenous Health, Education, and Rights","Health","Social Sciences","Social Sciences","The American Indian Quarterly"
"S2764868871","nais","W2272808552","10.1017/s132601110000452x","Sovereign Subjects: Indigenous Sovereignty Matters",2007,"article",286,2,2,0,1,41.9786,FALSE,TRUE,"diamond","Indigenous Peoples' Rights and Law","Law","Social Sciences","Social Sciences","The Australian Journal of Indigenous Education"
"S2764868871","nais","W2198451730","10.1017/s1326011100016239","Reshaping The University: Responsibility, Indigenous Epistemes, and The Logic of the Gift",2008,"article",249,1,2,1,1,6.2195,FALSE,TRUE,"diamond","Feminist Epistemology and Gender Studies","Sociology and Political Science","Social Sciences","Social Sciences","The Australian Journal of Indigenous Education"
"S2764868871","nais","W2221982875","10.1375/s1326011100000326","Indigenous Knowledge Studies and the Next Generation: Pedagogical Possibilites for Anti-Colonial Education",2008,"article",147,17,2,1,1,25.6313,FALSE,TRUE,"diamond","Global Educational Policies and Reforms","Political Science and International Relations","Social Sciences","Social Sciences","The Australian Journal of Indigenous Education"
"S2764868871","nais","W2121135362","10.1017/s1326011100003793","Cultural Safety: Let’s name it!",2003,"article",135,6,2,1,1,1.1317,FALSE,TRUE,"diamond","Indigenous Health, Education, and Rights","Health","Social Sciences","Social Sciences","The Australian Journal of Indigenous Education"
"S2764868871","nais","W2162873520","10.1375/ajie.40.1","Pathways for Indigenous Education in the Australian Curriculum Framework",2011,"article",135,8,2,1,1,11.2658,FALSE,TRUE,"diamond","Education Systems and Policy","Education","Social Sciences","Social Sciences","The Australian Journal of Indigenous Education"
"S2764868871","nais","W2099273917","10.1017/s1326011100016033","Indigenous Higher Education: The Role of Universities in Releasing the Potential",2008,"article",103,11,2,1,3,1.1685,FALSE,TRUE,"diamond","Indigenous Health, Education, and Rights","Health","Social Sciences","Social Sciences","The Australian Journal of Indigenous Education"
"S2764868871","nais","W2913711705","10.1017/jie.2018.25","Extending the yarning yarn: Collaborative Yarning Methodology for ethical Indigenist education research",2019,"article",100,31,2,1,1,7.9423,FALSE,TRUE,"diamond","Indigenous Health, Education, and Rights","Health","Social Sciences","Social Sciences","The Australian Journal of Indigenous Education"
"S2764868871","nais","W2064792261","10.1017/jie.2012.25","‘So, What is Wrong with Indigenous Education?’ Perspective, Position and Power Beyond a Deficit Discourse",2012,"article",87,49,3,1,1,5.5354,TRUE,TRUE,"diamond","Critical Race Theory in Education","Sociology and Political Science","Social Sciences","Social Sciences","The Australian Journal of Indigenous Education"
"S2764868871","nais","W2590644569","10.1375/s1326011100000697","Arlathirnda Ngurkarnda Ityirnda: Being-Knowing-Doing: De-Colonising Indigenous Tertiary Education",2009,"article",66,3,2,1,1,4.8385,FALSE,TRUE,"diamond","African cultural and philosophical studies","Education","Social Sciences","Social Sciences","The Australian Journal of Indigenous Education"
"S2764868871","nais","W2008853708","10.1017/jie.2014.8","Four Scholars Speak to Navigating the Complexities of Naming in Indigenous Studies",2014,"article",46,39,2,2,4,3.003,FALSE,TRUE,"diamond","Indigenous Health, Education, and Rights","Health","Social Sciences","Social Sciences","The Australian Journal of Indigenous Education"
"S2764868871","nais","W2943018127","10.1017/jie.2019.5","Investigation of the factors contributing to Indigenous students’ retention and attrition rates at the University of Adelaide",2019,"article",21,25,4,1,4,3.9421,TRUE,TRUE,"diamond","Higher Education Research Studies","Education","Social Sciences","Social Sciences","The Australian Journal of Indigenous Education"
"S2764868871","nais","W1806476573","10.1017/s1326011100004191","Transdisciplinary Research and Aboriginal Knowledge",2006,"article",103,23,2,0,1,2.8401,FALSE,TRUE,"diamond","Indigenous Knowledge Systems and Agriculture","Plant Science","Agricultural and Biological Sciences","Life Sciences","The Australian Journal of Indigenous Education"
"S2764868871","nais","W1790444561","10.1017/s1326011100004701","Indigenising the Curriculum or Negotiating the Tensions at the Cultural Interface? Embedding Indigenous Perspectives and Pedagogies in a University Curriculum",2007,"article",77,21,2,1,2,5.8306,FALSE,TRUE,"diamond","Educator Training and Historical Pedagogy","Sociology and Political Science","Social Sciences","Social Sciences","The Australian Journal of Indigenous Education"
"S2764868871","nais","W97283659","10.1017/s1326011100003859","Education, Indigenous Survival and Well-Being: Emerging Ideas and Programs",2003,"article",75,27,2,1,2,1.1328,FALSE,TRUE,"diamond","Indigenous Health, Education, and Rights","Health","Social Sciences","Social Sciences","The Australian Journal of Indigenous Education"
"S2764868871","nais","W2153882938","10.1375/s132601110000048x","Indigenous Pedagogy as a Force for Change",2008,"article",74,28,2,1,2,11.7165,FALSE,TRUE,"diamond","Critical and Liberation Pedagogy","Education","Social Sciences","Social Sciences","The Australian Journal of Indigenous Education"
"S2764868871","nais","W1844178484","10.1375/s1326011100000533","Indigenous Higher Education Student Equity: Focusing on What Works",2009,"article",71,12,3,1,1,2.8802,FALSE,TRUE,"diamond","Indigenous Health, Education, and Rights","Health","Social Sciences","Social Sciences","The Australian Journal of Indigenous Education"
"S2764868871","nais","W1876046984","10.1375/s1326011100000478","Approaches to theAcademic Preparation andSupport ofAustralian Indigenous Students forTertiary Studies",2008,"article",67,32,3,1,3,2.0448,FALSE,TRUE,"diamond","Indigenous Health, Education, and Rights","Health","Social Sciences","Social Sciences","The Australian Journal of Indigenous Education"
"S2764868871","nais","W2060021640","10.1017/jie.2013.17","Red Dirt Thinking on Aspiration and Success",2013,"article",66,40,2,1,2,14.7603,FALSE,TRUE,"diamond","Indigenous and Place-Based Education","Education","Social Sciences","Social Sciences","The Australian Journal of Indigenous Education"
"S2764868871","nais","W2108567448","10.1375/ajie.40.59","Indigenous Australian Students' Participation Rates in Higher Education: Exploring the Role of Universities",2011,"article",62,27,3,1,3,7.5105,FALSE,TRUE,"diamond","Higher Education Practises and Engagement","Education","Social Sciences","Social Sciences","The Australian Journal of Indigenous Education"
"S2764868871","nais","W1977482214","10.1017/s1326011100003641","Some Thoughts on Literacy Issues in Indigenous Contexts",2003,"article",55,9,2,1,1,7.0963,FALSE,TRUE,"diamond","Education Systems and Policy","Education","Social Sciences","Social Sciences","The Australian Journal of Indigenous Education"
"S2764868871","nais","W2198385060","10.1375/s1326011100000442","Beneath the Teaching Iceberg: Exposing the Hidden Support Dimensions of Indigenous Academic Work",2008,"article",55,17,2,1,2,1.7527,FALSE,TRUE,"diamond","Indigenous Health, Education, and Rights","Health","Social Sciences","Social Sciences","The Australian Journal of Indigenous Education"
"S2764868871","nais","W1540544897","10.1017/s1326011100003926","Thinking Place: Animating the Indigenous Humanities in Education",2005,"article",52,18,2,1,5,5.2199,FALSE,TRUE,"diamond","Indigenous and Place-Based Education","Education","Social Sciences","Social Sciences","The Australian Journal of Indigenous Education"
"S2764868871","nais","W1511683711","10.1017/jie.2012.35","Belonging Together: Dealing With the Politics of Disenchantment in Australian Indigenous Policy",2012,"article",49,1,2,0,1,4.1083,TRUE,TRUE,"diamond","Indigenous Health, Education, and Rights","Health","Social Sciences","Social Sciences","The Australian Journal of Indigenous Education"
"S2764868871","nais","W1790698729","10.1375/s1326011100000545","Build it and They Will Come: Building the Capacity of Indigenous Units in Universities to Provide Better Support for Indigenous Australian Postgraduate Students",2009,"article",49,11,2,1,1,0.576,FALSE,TRUE,"diamond","Indigenous Health, Education, and Rights","Health","Social Sciences","Social Sciences","The Australian Journal of Indigenous Education"
"S2764868871","nais","W2341324308","10.1017/jie.2016.10","Meeting Country and Self to Initiate an Embodiment of Knowledge: Embedding a Process for Aboriginal Perspectives",2016,"article",48,35,2,1,1,3.081,FALSE,TRUE,"diamond","Indigenous Health, Education, and Rights","Health","Social Sciences","Social Sciences","The Australian Journal of Indigenous Education"
"S2764868871","nais","W193700234","10.1375/s1326011100000570","Considering The Work of Martin Nakata's “Cultural Interface”: a Reflection on Theory and Practice by a Non-Indigenous Academic",2009,"article",45,7,2,1,1,2.4652,FALSE,TRUE,"diamond","Service-Learning and Community Engagement","Education","Social Sciences","Social Sciences","The Australian Journal of Indigenous Education"
"S2764868871","nais","W2142195013","10.1017/jie.2013.18","Red Dirt Thinking on Educational Disadvantage",2013,"article",45,51,2,1,3,2.1508,FALSE,TRUE,"diamond","Indigenous Health, Education, and Rights","Health","Social Sciences","Social Sciences","The Australian Journal of Indigenous Education"
"S2764868871","nais","W2361516714","10.1017/jie.2016.8","Brilliant Minds: A Snapshot of Successful Indigenous Australian Doctoral Students",2016,"article",37,32,2,1,3,8.0285,FALSE,TRUE,"diamond","Doctoral Education Challenges and Solutions","General Health Professions","Health Professions","Health Sciences","The Australian Journal of Indigenous Education"
"S2764868871","nais","W2998746112","10.1017/jie.2019.30","Indigenous higher education sector: the evolution of recognised Indigenous Leaders within Australian Universities",2020,"article",36,24,2,1,3,2.6949,FALSE,TRUE,"diamond","Indigenous Health, Education, and Rights","Health","Social Sciences","Social Sciences","The Australian Journal of Indigenous Education"
"S2764868871","nais","W1586697991","10.1375/s1326011100000892","Bangawarra'gumada — Strengthening the Spirit: Causal Modelling of Academic Self-Concept and Patterns of Disengagement for Indigenous and Non-Indigenous Australian Students",2010,"article",33,43,3,1,3,6.3689,FALSE,TRUE,"diamond","Early Childhood Education and Development","Education","Social Sciences","Social Sciences","The Australian Journal of Indigenous Education"
"S2764868871","nais","W2248220537","10.1017/jie.2015.16","Indigenous Student Perspectives on Support and Impediments at University",2015,"article",33,40,3,1,4,11.5994,FALSE,TRUE,"diamond","Education Systems and Policy","Education","Social Sciences","Social Sciences","The Australian Journal of Indigenous Education"
"S2764868871","nais","W2975430521","10.1017/jie.2019.16","The ‘Pedagogy of discomfort’: A qualitative exploration of non-indigenous student learning in a First Peoples health course",2019,"article",29,53,3,1,2,7.1407,FALSE,TRUE,"diamond","Cultural Competency in Health Care","Sociology and Political Science","Social Sciences","Social Sciences","The Australian Journal of Indigenous Education"
"S2764868871","nais","W1538953691","10.1375/s1326011100000922","Addressing the Foundations for Improved Indigenous Secondary Student Outcomes: A South Australian Qualitative Study",2010,"article",28,35,2,0,1,2.5476,FALSE,TRUE,"diamond","Education Systems and Policy","Education","Social Sciences","Social Sciences","The Australian Journal of Indigenous Education"
"S2764868871","nais","W2232293415","10.1017/jie.2015.8","Alternative Education Engaging Indigenous Young People: Flexi Schooling in Queensland",2015,"article",28,55,2,1,2,2.8998,TRUE,TRUE,"diamond","Education Systems and Policy","Education","Social Sciences","Social Sciences","The Australian Journal of Indigenous Education"
"S2764868871","nais","W2771666352","10.1017/jie.2017.36","Closing Gaps in Indigenous Undergraduate Higher Education Outcomes: Repositioning the Role of Student Support Services to Improve Retention and Completion Rates",2017,"article",26,9,2,1,4,2.5602,TRUE,TRUE,"diamond","Indigenous Health, Education, and Rights","Health","Social Sciences","Social Sciences","The Australian Journal of Indigenous Education"
"S2764868871","nais","W2144689508","10.1017/jie.2012.3","Pearls, not Problems: Exploring Transformative Education in Indigenous Australian Studies",2012,"article",22,29,2,1,2,13.3429,FALSE,TRUE,"diamond","Adult and Continuing Education Topics","Education","Social Sciences","Social Sciences","The Australian Journal of Indigenous Education"
"S2764868871","nais","W1527454759","10.1017/s1326011100600820","Exploring Effective Teaching Strategies: Simulation Case Studies and Indigenous Studies at the University Level",2004,"article",21,9,2,1,1,0,FALSE,TRUE,"diamond","Educator Training and Historical Pedagogy","Sociology and Political Science","Social Sciences","Social Sciences","The Australian Journal of Indigenous Education"
"S2764868871","nais","W2793348120","10.1017/jie.2018.1","Mapping Boarding School Opportunities for Aboriginal Students from the Central Land Council Region of Northern Territory",2018,"article",16,40,5,1,5,2.1384,FALSE,TRUE,"diamond","Indigenous Health, Education, and Rights","Health","Social Sciences","Social Sciences","The Australian Journal of Indigenous Education"
"S2764868871","nais","W2889106146","10.1017/jie.2018.15","Understanding the Challenges, Yet Focusing on the Successes: An Investigation into Indigenous University Students’ Academic Success",2018,"article",13,33,3,1,2,0.2138,TRUE,TRUE,"diamond","Indigenous Health, Education, and Rights","Health","Social Sciences","Social Sciences","The Australian Journal of Indigenous Education"
"S2764868871","nais","W2326193279","10.1017/jie.2016.3","Educator Perspectives on Indigenous Cultural Content in an Occupational Therapy Curriculum",2016,"article",12,31,4,1,3,0.9986,TRUE,TRUE,"diamond","Cultural Competency in Health Care","Sociology and Political Science","Social Sciences","Social Sciences","The Australian Journal of Indigenous Education"
"S2764868871","nais","W3147726352","10.1017/jie.2021.1","Indigenous students’ experience and engagement with support at university: a mixed-method study",2021,"article",10,26,3,1,3,3.1865,TRUE,TRUE,"diamond","Education Systems and Policy","Education","Social Sciences","Social Sciences","The Australian Journal of Indigenous Education"
"S2764868871","nais","W4385274268","10.55146/ajie.v52i1.28","First Peoples' perspectives on successful engagement at university: What keeps students coming back to Indigenous education units?",2023,"article",6,34,3,1,3,1.6847,TRUE,TRUE,"diamond","Indigenous Health, Education, and Rights","Health","Social Sciences","Social Sciences","The Australian Journal of Indigenous Education"
"S2764868871","nais","W4288056074","10.55146/ajie.2022.49","First In Family, First For Family: Indigenous academic women's legacy motivation",2022,"article",5,35,2,1,1,0.6347,TRUE,TRUE,"diamond","Indigenous Health, Education, and Rights","Health","Social Sciences","Social Sciences","The Australian Journal of Indigenous Education"
"S2764868871","nais","W4385278501","10.55146/ajie.v52i1.625","Indigenous education at university: Stepping into and navigating the classroom",2023,"article",2,39,2,1,1,0.5622,TRUE,TRUE,"diamond","Indigenous Health, Education, and Rights","Health","Social Sciences","Social Sciences","The Australian Journal of Indigenous Education"
"S2764868871","nais","W1500397549","10.1375/s132601110000082x","The Place of Indigenous Knowledge in Tertiary Science Education: A Case Study of Canadian Practices in Indigenising the Curriculum",2009,"article",47,37,2,1,3,1.1521,FALSE,TRUE,"diamond","Indigenous Health, Education, and Rights","Health","Social Sciences","Social Sciences","The Australian Journal of Indigenous Education"
"S2764868871","nais","W1799829755","10.1017/s1326011100004695","Indigenous Autoethnography: Formulating Our Knowledge, Our Way",2007,"article",46,30,2,1,1,0.5707,FALSE,TRUE,"diamond","Indigenous Health, Education, and Rights","Health","Social Sciences","Social Sciences","The Australian Journal of Indigenous Education"
"S2764868871","nais","W1974479648","10.1375/s1326011100000405","The Need to Extend Beyond the Knowledge Gained in Cross-Cultural Awareness Training",2008,"article",41,16,2,1,1,1.74214348,FALSE,TRUE,"diamond","Indigenous Health, Education, and Rights","Health","Social Sciences","Social Sciences","The Australian Journal of Indigenous Education"
"S2764868871","nais","W2097265084","10.1017/jie.2012.4","The Invisible Hand of Pedagogy in Australian Indigenous Studies and Indigenous Education",2012,"article",28,16,2,1,2,8.0056,FALSE,TRUE,"diamond","Adult and Continuing Education Topics","Education","Social Sciences","Social Sciences","The Australian Journal of Indigenous Education"
"S2764868871","nais","W2739183285","10.1017/jie.2017.18","Indigenous Education and Literacy Policy in Australia: Bringing Learning Back to the Debate",2017,"article",27,73,3,1,4,9.7062,FALSE,TRUE,"diamond","Global Educational Policies and Reforms","Political Science and International Relations","Social Sciences","Social Sciences","The Australian Journal of Indigenous Education"
"S2764868871","nais","W2121398431","10.1017/jie.2012.27","Towards a Decolonising Pedagogy: Understanding Australian Indigenous Studies through Critical Whiteness Theory and Film Pedagogy",2012,"article",26,53,2,1,1,5.5354,FALSE,TRUE,"diamond","Critical Race Theory in Education","Sociology and Political Science","Social Sciences","Social Sciences","The Australian Journal of Indigenous Education"
"S2764868871","nais","W2127601880","10.1017/jie.2014.3","Rethinking Majors in Australian Indigenous Studies",2014,"article",26,45,2,1,4,7.9666,TRUE,TRUE,"diamond","Educator Training and Historical Pedagogy","Sociology and Political Science","Social Sciences","Social Sciences","The Australian Journal of Indigenous Education"
"S2764868871","nais","W1970697050","10.1017/jie.2013.19","Red Dirt Thinking on Power, Pedagogy and Paradigms: Reframing the Dialogue in Remote Education",2013,"article",24,31,2,1,2,8.60134713,FALSE,TRUE,"diamond","Indigenous and Place-Based Education","Education","Social Sciences","Social Sciences","The Australian Journal of Indigenous Education"
"S2764868871","nais","W2261928820","10.1375/s1326011100001095","Nurturing Relationships Within a Space Created by “Indigenous Ways of Knowing”: a Case Study",2010,"article",24,43,2,1,1,2.5476,FALSE,TRUE,"diamond","Higher Education Practises and Engagement","Education","Social Sciences","Social Sciences","The Australian Journal of Indigenous Education"
"S2764868871","nais","W2552842176","10.1017/jie.2016.1","Facing the Indigenous ‘Other’: Culturally Responsive Research and Pedagogy in Music Education",2016,"article",24,63,2,1,2,30.2247,FALSE,TRUE,"diamond","Diverse Music Education Insights","Music","Arts and Humanities","Social Sciences","The Australian Journal of Indigenous Education"
"S2764868871","nais","W2129179008","10.1017/jie.2014.4","Exploring New Conceptualisations of Old Problems: Researching and Reorienting Teaching in Indigenous Studies to Transform Student Learning",2014,"article",23,63,2,1,1,4.9793,FALSE,TRUE,"diamond","Educator Training and Historical Pedagogy","Sociology and Political Science","Social Sciences","Social Sciences","The Australian Journal of Indigenous Education"
"S2764868871","nais","W4240479542","10.1375/s1326011100000041","Indigenous Higher Education: The Role of Universities in Releasing the Potential",2008,"article",22,1,1,1,3,0.29035725,FALSE,TRUE,"diamond","Indigenous Health, Education, and Rights","Health","Social Sciences","Social Sciences","The Australian Journal of Indigenous Education"
"S2764868871","nais","W2222149649","10.1017/s1326011100001277","Relationships with the School: Listening to the Voices of a Remote Aboriginal Community",2000,"article",17,57,2,1,1,3.0222,FALSE,TRUE,"diamond","Indigenous and Place-Based Education","Education","Social Sciences","Social Sciences","The Australian Journal of Indigenous Education"
"S2764868871","nais","W3092150208","10.1017/jie.2020.31","Tok stori as pedagogy: an approach to school leadership education in Solomon Islands",2020,"article",16,48,2,2,4,1.0545,FALSE,TRUE,"diamond","Indigenous Health, Education, and Rights","Health","Social Sciences","Social Sciences","The Australian Journal of Indigenous Education"
"S2764868871","nais","W2408748891","10.1017/jie.2016.11","Finding Space and Place: Using Narrative and Imagery to Support Successful Outcomes for Aboriginal and Torres Strait Islander People in Enabling Programs",2016,"article",12,52,3,2,3,2.3108,TRUE,TRUE,"diamond","Indigenous Health, Education, and Rights","Health","Social Sciences","Social Sciences","The Australian Journal of Indigenous Education"
"S2764868871","nais","W4288056072","10.55146/ajie.2022.20","Counter stories: The voices of Indigenous peoples undertaking educative roles in flexi schools",2022,"article",8,40,4,1,3,4.5588,TRUE,TRUE,"diamond","Indigenous and Place-Based Education","Education","Social Sciences","Social Sciences","The Australian Journal of Indigenous Education"
"S2764868871","nais","W4311455531","10.55146/ajie.v51i2.37","Centring Anangu voices on work: A contextualised response to red dirt thinking",2022,"article",6,41,3,1,5,0.9519,TRUE,TRUE,"diamond","Indigenous Health, Education, and Rights","Health","Social Sciences","Social Sciences","The Australian Journal of Indigenous Education"
"S2764868871","nais","W1860405945","10.1017/s1326011100004117","Enhancing Indigenous Participation in Higher Education Health Courses in Rural Victoria",2006,"article",28,13,2,1,3,1.9082,FALSE,TRUE,"diamond","Indigenous Health, Education, and Rights","Health","Social Sciences","Social Sciences","The Australian Journal of Indigenous Education"
"S2764868871","nais","W1752788324","10.1375/s1326011100000454","Quality and Efficacy of the Indigenous Tutorial Assistance Scheme (ITAS) for University Students",2008,"article",15,28,2,1,5,0.5842,FALSE,TRUE,"diamond","Indigenous Health, Education, and Rights","Health","Social Sciences","Social Sciences","The Australian Journal of Indigenous Education"
"S2764868871","nais","W2549864286","10.1017/jie.2016.20","Challenging Lecturer Assumptions About Preservice Teacher Learning in Mandatory Indigenous Studies",2016,"article",14,34,2,1,2,4.9928,FALSE,TRUE,"diamond","Educator Training and Historical Pedagogy","Sociology and Political Science","Social Sciences","Social Sciences","The Australian Journal of Indigenous Education"
"S2764868871","nais","W2613235022","10.1017/jie.2017.3","A Share in the Future . . . Only for Those Who Become Like ‘Us’!: Challenging the ‘Standardisation’ Reform Approach to Indigenous Education in the Northern Territory",2017,"article",12,27,2,0,1,2.4265,FALSE,TRUE,"diamond","Global Educational Policies and Reforms","Political Science and International Relations","Social Sciences","Social Sciences","The Australian Journal of Indigenous Education"
"S2764868871","nais","W2795084371","10.1017/jie.2018.2","Empowerment is the Basis for Improving Education and Employment Outcomes for Aboriginal People in Remote Australia",2018,"article",11,42,3,1,6,1.0692,TRUE,TRUE,"diamond","Indigenous Health, Education, and Rights","Health","Social Sciences","Social Sciences","The Australian Journal of Indigenous Education"
"S2764868871","nais","W1985987858","10.1017/jie.2015.2","Culturally Inclusive Curriculum in Higher Education",2015,"article",10,22,2,1,5,0,TRUE,TRUE,"diamond","Indigenous and Place-Based Education","Education","Social Sciences","Social Sciences","The Australian Journal of Indigenous Education"
"S2764868871","nais","W3206328848","10.1017/jie.2019.6","‘Wings to fly’: a case study of supporting Indigenous student success through a whole-of-university approach",2019,"article",9,25,2,1,4,0.657,FALSE,TRUE,"diamond","Higher Education Research Studies","Education","Social Sciences","Social Sciences","The Australian Journal of Indigenous Education"
"S2764868871","nais","W2253676500","10.1017/jie.2015.24","Customary Assets and Contemporary Artistry: Multimodal Learning and Remote Economic Participation",2015,"article",4,41,2,0,1,0,TRUE,TRUE,"diamond","Indigenous Health, Education, and Rights","Health","Social Sciences","Social Sciences","The Australian Journal of Indigenous Education"
"S2764868871","nais","W2972298539","10.1017/jie.2019.12","Imagining the possibilities of a cross-cultural oral narrative portraiture method: stepping beyond binary discourses",2019,"article",4,44,3,1,2,0.2147,FALSE,TRUE,"diamond","Indigenous Health, Education, and Rights","Health","Social Sciences","Social Sciences","The Australian Journal of Indigenous Education"
"S2764868871","nais","W2049019575","10.1017/jie.2013.7","Indigenising the Griffith School of Environment Curriculum: Where to From Here?",2013,"article",10,13,4,1,4,0.3073,TRUE,TRUE,"diamond","Indigenous Health, Education, and Rights","Health","Social Sciences","Social Sciences","The Australian Journal of Indigenous Education"
"S2764868871","nais","W2162644777","10.1017/jie.2014.19","Motivation Matters: Profiling Indigenous and Non-Indigenous Students’ Motivational Goals",2014,"article",9,86,2,2,6,2.2933,TRUE,TRUE,"diamond","Motivation and Self-Concept in Sports","Social Psychology","Psychology","Social Sciences","The Australian Journal of Indigenous Education"
"S2764868871","nais","W2204029060","10.1017/jie.2015.31","Negotiating Global and Interdisciplinary Imperatives for Indigenous Education Scholarship and Pedagogy",2015,"article",5,32,2,2,3,1.0322,FALSE,TRUE,"diamond","Indigenous Health, Education, and Rights","Health","Social Sciences","Social Sciences","The Australian Journal of Indigenous Education"
"S2764868871","nais","W4288056073","10.55146/ajie.2022.13","Beyond the doctorate: Exploring Indigenous Early Career Research trajectories",2022,"article",5,63,2,1,3,0.7933,TRUE,TRUE,"diamond","Indigenous Health, Education, and Rights","Health","Social Sciences","Social Sciences","The Australian Journal of Indigenous Education"
"S2764868871","nais","W3092087140","10.1017/jie.2020.29","Evaluation of the pilot phase of a Student Support Strategy to improve retention and completion rates of Aboriginal and Torres Strait Islander students",2020,"article",4,40,2,1,2,0.2343,TRUE,TRUE,"diamond","Indigenous Health, Education, and Rights","Health","Social Sciences","Social Sciences","The Australian Journal of Indigenous Education"
"S2764868871","nais","W3107447852","10.1017/jie.2020.32","Rural Aboriginal high school students' views of their future tertiary education",2020,"article",3,80,2,1,4,0.8919,TRUE,TRUE,"diamond","Indigenous and Place-Based Education","Education","Social Sciences","Social Sciences","The Australian Journal of Indigenous Education"
"S2764868871","nais","W4311455278","10.55146/ajie.v51i2.38","The Whole of Community Engagement initiative: Interculturality in remote Aboriginal education",2022,"article",3,46,2,1,5,0.4759,TRUE,TRUE,"diamond","Indigenous Health, Education, and Rights","Health","Social Sciences","Social Sciences","The Australian Journal of Indigenous Education"
"S2764868871","nais","W4389308427","10.55146/ajie.v52i2.331","Highlighting the voice of Indigenous communities for education: Findings from a case study in rural Chile",2023,"article",3,49,2,2,3,6.8425,TRUE,TRUE,"diamond","Migration, Education, Indigenous Social Dynamics","Cultural Studies","Social Sciences","Social Sciences","The Australian Journal of Indigenous Education"
"S2764868871","nais","W4401369150","10.55146/ajie.v53i1.1039","Remote secondary education retention: What helps First Nations students stay until, and complete, year 12",2024,"article",2,52,2,1,4,1.1122,FALSE,TRUE,"diamond","Indigenous Health, Education, and Rights","Health","Social Sciences","Social Sciences","The Australian Journal of Indigenous Education"
"S2764868871","nais","W4412930647","10.55146/ajie.v54i1.1073","Embedding Indigenous knowledge in the curriculum: Principles and strategies across the Australian higher education sector",2025,"article",2,40,2,1,2,4.4983,FALSE,TRUE,"diamond","Indigenous Health, Education, and Rights","Health","Social Sciences","Social Sciences","The Australian Journal of Indigenous Education"
"S2764868871","nais","W4288056076","10.55146/ajie.2022.16","Counting on Indigenous accountants: Collaborative curriculum development for an Indigenous pre-accounting enabling program",2022,"article",2,30,3,3,3,0.5606,TRUE,TRUE,"diamond","Accounting Education and Careers","Accounting","Business, Management and Accounting","Social Sciences","The Australian Journal of Indigenous Education"
"S2764868871","nais","W4311455298","10.55146/ajie.v51i2.23","Teaching Australian Indigenous Studies: Non-Indigenous academics negotiating structural impediments in a regional context",2022,"article",2,34,2,1,2,0.758,TRUE,TRUE,"diamond","Educator Training and Historical Pedagogy","Sociology and Political Science","Social Sciences","Social Sciences","The Australian Journal of Indigenous Education"
"S2764868871","nais","W4385274066","10.55146/ajie.v52i1.32","Exploring Queensland secondary teacher induction training undertaken prior to working with remote Aboriginal and Torres Strait Islander students",2023,"article",2,36,2,1,3,1.9182,TRUE,TRUE,"diamond","Indigenous and Place-Based Education","Education","Social Sciences","Social Sciences","The Australian Journal of Indigenous Education"
"S2764868871","nais","W2205225612","10.1017/s1326011100003835","Around inCircles orExpanding Spirals?: aRetrospective Look atEducation inTorres Strait, 1964-2003",2003,"article",4,56,2,1,1,0,FALSE,TRUE,"diamond","Indigenous and Place-Based Education","Education","Social Sciences","Social Sciences","The Australian Journal of Indigenous Education"
"S2764868871","nais","W2213562979","10.1017/s1326011100001605","Non-Indigenous Academic and Indigenous Autonomy",2000,"article",3,15,2,1,1,0,FALSE,TRUE,"diamond","Education Systems and Policy","Education","Social Sciences","Social Sciences","The Australian Journal of Indigenous Education"
"S2764868871","nais","W2028921358","10.1017/s1326011100600856","Indigenous Students and Mathematics: Teachers’ Perceptions of the Role of Teacher Aides",2004,"article",1,22,5,1,3,0,FALSE,TRUE,"diamond","Collaborative Teaching and Inclusion","Education","Social Sciences","Social Sciences","The Australian Journal of Indigenous Education"
"S2764868871","nais","W4288056078","10.55146/ajie.2022.45","Aboriginal Nation: A strong Kimberley tertiary education narrative",2022,"article",1,38,2,1,4,0.1587,TRUE,TRUE,"diamond","Indigenous Health, Education, and Rights","Health","Social Sciences","Social Sciences","The Australian Journal of Indigenous Education"
"S2764868871","nais","W2014491368","10.1017/jie.2014.7","A Discussion With Sandy O’Sullivan About Key Issues for the Australian Indigenous Studies Learning and Teaching Network",2014,"article",0,12,2,1,1,0,FALSE,TRUE,"diamond","Educator Training and Historical Pedagogy","Sociology and Political Science","Social Sciences","Social Sciences","The Australian Journal of Indigenous Education"
"S2764868871","nais","W2734941205","10.1017/jie.2017.14","Reinventing Another Unaipon: Indigenous Science Leaders for the Future",2017,"article",0,27,3,1,3,0,FALSE,TRUE,"diamond","Education Systems and Policy","Education","Social Sciences","Social Sciences","The Australian Journal of Indigenous Education"
"S2764868871","nais","W3098569697","10.1017/jie.2020.19","Did DI do it? Response to a rejoinder",2020,"article",0,11,2,1,2,0,FALSE,TRUE,"diamond","Indigenous Health, Education, and Rights","Health","Social Sciences","Social Sciences","The Australian Journal of Indigenous Education"
"S2764868871","nais","W4311455277","10.55146/ajie.v51i2.33","Aboriginal educators at the intersection: Intimations of greater nuance in both-ways education",2022,"article",0,63,2,1,3,0,TRUE,TRUE,"diamond","Indigenous Health, Education, and Rights","Health","Social Sciences","Social Sciences","The Australian Journal of Indigenous Education"
"S2764868871","nais","W4311455292","10.55146/ajie.v51i2.59","Agency and leadership by Indigenous education workers for family-school-community engagement",2022,"article",0,35,3,1,2,0,TRUE,TRUE,"diamond","Parental Involvement in Education","Education","Social Sciences","Social Sciences","The Australian Journal of Indigenous Education"
"S2764868871","nais","W4389310482","10.55146/ajie.v52i2.678","Growing learning dispositions in Indigenous studies",2023,"article",0,24,1,1,5,0,TRUE,TRUE,"diamond","Educator Training and Historical Pedagogy","Sociology and Political Science","Social Sciences","Social Sciences","The Australian Journal of Indigenous Education"
"S2764868871","nais","W4401372908","10.55146/ajie.v53i1.1016","“Smooth seas never made a skilled sailor”: Indigenous students’ academic buoyancy and the locale of the learner",2024,"article",0,37,2,1,2,0,FALSE,TRUE,"diamond","Indigenous and Place-Based Education","Education","Social Sciences","Social Sciences","The Australian Journal of Indigenous Education"
"S132538520","nais","W2079739148","10.1080/10361146.2011.595700","Aboriginality and the Northern Territory Intervention",2011,"article",75,37,1,1,1,2.8824,FALSE,FALSE,"closed","Indigenous Health, Education, and Rights","Health","Social Sciences","Social Sciences","Australian Journal of Political Science"
"S132538520","nais","W2903663084","10.1080/10361146.2018.1555230","The technical is political: settler colonialism and the Australian Indigenous policy system",2018,"article",63,43,1,1,1,4.4907,FALSE,FALSE,"closed","Indigenous Health, Education, and Rights","Health","Social Sciences","Social Sciences","Australian Journal of Political Science"
"S132538520","nais","W2047143168","10.1080/10361140701513604","Tools for the Disempowered? Indigenous Leverage Over Mining Companies",2007,"article",59,59,2,1,1,7.7252,TRUE,TRUE,"green","Mining and Resource Management","Building and Construction","Engineering","Physical Sciences","Australian Journal of Political Science"
"S132538520","nais","W3048458361","10.1080/10361146.2020.1804833","Representing indigenous soldiers at the Australian War Memorial: a political analysis of the art exhibition <i>For Country, For Nation</i>",2020,"article",18,27,1,1,1,8.4221,FALSE,FALSE,"closed","Anthropological Studies and Insights","Anthropology","Social Sciences","Social Sciences","Australian Journal of Political Science"
"S132538520","nais","W3212102545","10.1080/10361146.2021.1998342","Australian Indigenous environment policy as a deliberative system",2021,"article",11,75,1,1,1,0.9516,FALSE,FALSE,"closed","Indigenous Health, Education, and Rights","Health","Social Sciences","Social Sciences","Australian Journal of Political Science"
"S132538520","nais","W2963429700","10.1080/10361146.2019.1626347","New collaborations in old institutional spaces: setting a new research agenda to transform Indigenous-settler relations",2019,"article",21,23,2,1,2,1.2879,FALSE,FALSE,"closed","Indigenous Health, Education, and Rights","Health","Social Sciences","Social Sciences","Australian Journal of Political Science"
"S132538520","nais","W2963053430","10.1080/10361146.2019.1625862","Australian political studies and the production of disciplinary innocence",2019,"article",8,55,1,1,3,0.644,FALSE,FALSE,"closed","Indigenous Health, Education, and Rights","Health","Social Sciences","Social Sciences","Australian Journal of Political Science"
"S132538520","nais","W4200270887","10.1080/10361146.2021.2014398","Public opinion on Indigenous issues and constitutional recognition: three decades of liberalisation",2021,"article",8,36,1,1,2,1.4702,FALSE,FALSE,"closed","Social Media and Politics","Communication","Social Sciences","Social Sciences","Australian Journal of Political Science"
"S132538520","nais","W1982804505","10.1080/10361140020032214","The Mining Industry's Campaign Against Native Title: Some Explanations",2001,"article",17,22,2,1,1,2.5061,FALSE,FALSE,"closed","Mining and Resource Management","Building and Construction","Engineering","Physical Sciences","Australian Journal of Political Science"
"S132538520","nais","W2072187770","10.1080/00323269508402353","Reshaping governance in Torres Strait: The Torres Strait regional authority and beyond",1995,"article",16,20,1,1,1,0.4420313,FALSE,FALSE,"closed","Indigenous Health, Education, and Rights","Health","Social Sciences","Social Sciences","Australian Journal of Political Science"
"S132538520","nais","W2412884949","10.1080/10361146.2015.1114561","Indigenous politics in the<i>Australian Journal of Political Science</i>: A review",2015,"review",11,59,2,1,1,4.0986,FALSE,FALSE,"closed","Canadian Identity and History","Sociology and Political Science","Social Sciences","Social Sciences","Australian Journal of Political Science"
"S4210174853","nais","W2913494313","10.5663/aps.v7i2.29336","Keeoukaywin: The Visiting Way - Fostering an Indigenous Research Methodology",2019,"article",71,28,2,1,1,5.1517,TRUE,TRUE,"diamond","Indigenous Health, Education, and Rights","Health","Social Sciences","Social Sciences","aboriginal policy studies"
"S4210174853","nais","W2098633715","10.5663/aps.v1i1.9242","Emerging Themes in Academic Research in Urban Aboriginal Identities in Canada, 1996-2010",2011,"article",34,53,2,1,1,2.0174,TRUE,TRUE,"diamond","Indigenous Health, Education, and Rights","Health","Social Sciences","Social Sciences","aboriginal policy studies"
"S4210174853","nais","W1910909353","10.5663/aps.v5i1.23259","Examining the Urban Aboriginal Policy Gap: Impacts on Service Delivery for Mobile Urban Aboriginal Peoples in Winnipeg, Canada",2015,"article",10,41,2,1,3,0.3441,TRUE,TRUE,"diamond","Indigenous Health, Education, and Rights","Health","Social Sciences","Social Sciences","aboriginal policy studies"
"S4210174853","nais","W4221054478","10.5663/aps.v10i1.29389","Indigenous Studies Programming in Academia: Reflections on Community-Responsive Philosophy &amp; Practice",2022,"article",0,25,1,1,3,0,TRUE,TRUE,"diamond","Service-Learning and Community Engagement","Education","Social Sciences","Social Sciences","aboriginal policy studies"
"S4306507627","nais","W1584411967",NA,"Indigenous Place-Thought and Agency Amongst Humans and Non Humans (First Woman and Sky Woman Go On a European World Tour!)",2013,"article",588,18,1,1,1,25.1882,FALSE,FALSE,"closed","Geographies of human-animal interactions","Geography, Planning and Development","Social Sciences","Social Sciences","Decolonization: Indigeneity, Education & Society"
"S4306507627","nais","W1572847663",NA,"Learning from the land: Indigenous land based pedagogy and decolonization",2014,"article",269,3,1,0,4,27.0696,FALSE,FALSE,"closed","Indigenous and Place-Based Education","Education","Social Sciences","Social Sciences","Decolonization: Indigeneity, Education & Society"
"S4306507627","nais","W1489575754",NA,"Speaking truth to power: Indigenous storytelling as an act of living resistance",2013,"article",159,14,1,1,2,3.6875,FALSE,FALSE,"closed","Indigenous Health, Education, and Rights","Health","Social Sciences","Social Sciences","Decolonization: Indigeneity, Education & Society"
"S4306507627","nais","W1523436214",NA,"Towards the 'tangible unknown': Decolonization and the Indigenous future",2012,"article",139,19,1,1,3,5.2042,FALSE,FALSE,"closed","Indigenous Health, Education, and Rights","Health","Social Sciences","Social Sciences","Decolonization: Indigeneity, Education & Society"
"S4306507627","nais","W1778397383",NA,"Solarize-ing Native hip-hop: Native feminist land ethics and cultural resistance",2014,"article",5,13,1,1,1,9.0849,FALSE,FALSE,"closed","Music History and Culture","Music","Arts and Humanities","Social Sciences","Decolonization: Indigeneity, Education & Society"
"S4306507627","nais","W1578120555",NA,"Decolonizing cultural heritage of Indigenous people and their knowledge from images in global films",2013,"article",2,43,1,1,2,0.6105,FALSE,FALSE,"closed","Media, Gender, and Advertising","Gender Studies","Social Sciences","Social Sciences","Decolonization: Indigeneity, Education & Society"
"S27405227","nais","W2005926966","10.1007/s10393-011-0690-1","Weather, Water Quality and Infectious Gastrointestinal Illness in Two Inuit Communities in Nunatsiavut, Canada: Potential Implications for Climate Change",2011,"article",134,54,2,2,5,16.5582,FALSE,FALSE,"closed","Indigenous Studies and Ecology","General Health Professions","Health Professions","Health Sciences","EcoHealth"
"S27405227","nais","W567898712","10.1007/s10393-015-1036-1","Climate Change in the North American Arctic: A One Health Perspective",2015,"article",88,140,2,2,4,13.45446883,FALSE,FALSE,"closed","Indigenous Studies and Ecology","General Health Professions","Health Professions","Health Sciences","EcoHealth"
"S27405227","nais","W2078007960","10.1007/s10393-005-3870-z","Health of the Land, Health of the People: A Case Study on Gwich’in Berry Harvesting in Northern Canada",2005,"article",108,25,1,1,3,4.2025,FALSE,FALSE,"closed","Indigenous Studies and Ecology","General Health Professions","Health Professions","Health Sciences","EcoHealth"
"S96629499","nais","W2058923887","10.1080/01419870.2013.800575","Decolonizing Methodologies: Research and Indigenous Peoples",2013,"article",1924,1,1,1,1,63.9091,FALSE,FALSE,"closed","Indigenous Health, Education, and Rights","Health","Social Sciences","Social Sciences","Ethnic and Racial Studies"
"S96629499","nais","W2225938742","10.1080/01419870.2015.1081961","Racism within the Canadian university: Indigenous students’ experiences",2015,"article",110,42,1,1,1,5.2055,FALSE,FALSE,"closed","Critical Race Theory in Education","Sociology and Political Science","Social Sciences","Social Sciences","Ethnic and Racial Studies"
"S96629499","nais","W1985362185","10.1080/01419870701791294","Retrieving the Red Continent: settler colonialism and the history of American Indians in the US",2008,"article",67,79,1,0,1,2.0448,FALSE,FALSE,"closed","Indigenous Health, Education, and Rights","Health","Social Sciences","Social Sciences","Ethnic and Racial Studies"
"S96629499","nais","W2085580089","10.1080/01419870.1988.9993587","The transformations of tribe: Organization and self‐concept in Native American ethnicities",1988,"article",40,76,1,1,1,5.6343,FALSE,FALSE,"closed","Anthropology: Ethics, History, Culture","Anthropology","Social Sciences","Social Sciences","Ethnic and Racial Studies"
"S96629499","nais","W2029343478","10.1080/0141987022000009412","As Australia decolonizes: indigenizing settler nationalism and the challenges of settler/indigenous relations",2002,"article",95,67,1,0,1,2.3151,FALSE,FALSE,"closed","Indigenous Health, Education, and Rights","Health","Social Sciences","Social Sciences","Ethnic and Racial Studies"
"S96629499","nais","W2070791166","10.1080/01419870.1992.9993742","Measuring ethnicity: Is ‘Canadian’ an evolving indigenous category?",1992,"article",30,31,1,1,4,2.1133,FALSE,FALSE,"closed","Southeast Asian Sociopolitical Studies","Political Science and International Relations","Social Sciences","Social Sciences","Ethnic and Racial Studies"
"S96629499","nais","W4403339544","10.1080/01419870.2024.2404491","From transnational to trans-Indigenous: a critical analysis of the role of categorization and everyday coloniality in Indigenous mobilities",2024,"article",8,46,1,2,3,31.0603,FALSE,TRUE,"hybrid","Anthropological Studies and Insights","Anthropology","Social Sciences","Social Sciences","Ethnic and Racial Studies"
"S96629499","nais","W2020963814","10.1080/01419870.2012.676202","Negotiating optimum distinctiveness: cognitive tendencies toward primordialism among Mapuche youth",2012,"article",13,58,1,1,1,0.5477,FALSE,FALSE,"closed","Indigenous Health, Education, and Rights","Health","Social Sciences","Social Sciences","Ethnic and Racial Studies"
"S96629499","nais","W2954715998","10.1080/01419870.2019.1628997","What undecidability does: enduring racism in the context of indigenous resurgence in Bolivia",2019,"article",8,29,1,1,1,1.0733,FALSE,FALSE,"closed","Indigenous Health, Education, and Rights","Health","Social Sciences","Social Sciences","Ethnic and Racial Studies"
"S2739297695","nais","W21501256","10.18584/iipj.2011.2.1.5","Colonialism as a Broader Social Determinant of Health",2011,"article",473,41,1,1,1,9.7987,TRUE,TRUE,"diamond","Indigenous Health, Education, and Rights","Health","Social Sciences","Social Sciences","International Indigenous Policy Journal"
"S2739297695","nais","W2609831456","10.18584/iipj.2017.8.2.5","Indigenous Research Methods: A Systematic Review",2017,"review",282,45,1,1,3,14.8498,TRUE,TRUE,"diamond","Indigenous Health, Education, and Rights","Health","Social Sciences","Social Sciences","International Indigenous Policy Journal"
"S2739297695","nais","W2551505094","10.18584/iipj.2016.7.4.3","Cultural Continuity as a Determinant of Indigenous Peoples’ Health: A Metasynthesis of Qualitative Research in Canada and the United States",2016,"article",164,69,2,1,1,11.5539,TRUE,TRUE,"diamond","Indigenous Health, Education, and Rights","Health","Social Sciences","Social Sciences","International Indigenous Policy Journal"
"S2739297695","nais","W150613307","10.18584/iipj.2012.3.3.11","Traditional Knowledge: Considerations for Protecting Water in Ontario",2012,"article",130,18,1,1,1,3.013,TRUE,TRUE,"diamond","Indigenous Health, Education, and Rights","Health","Social Sciences","Social Sciences","International Indigenous Policy Journal"
"S2739297695","nais","W2612250463","10.18584/iipj.2017.8.2.1","Data as a Strategic Resource: Self-determination, Governance, and the Data Challenge for Indigenous Nations in the United States",2017,"article",103,15,3,1,5,83.4646,TRUE,TRUE,"diamond","HIV, TB, and STIs Epidemiology","General Social Sciences","Social Sciences","Social Sciences","International Indigenous Policy Journal"
"S2739297695","nais","W251137095","10.18584/iipj.2015.6.2.4","Research as Cultural Renewal: Applying Two-Eyed Seeing in a Research Project about Cultural Interventions in First Nations Addictions Treatment",2015,"article",90,36,3,1,6,7.2254,TRUE,TRUE,"diamond","Indigenous Health, Education, and Rights","Health","Social Sciences","Social Sciences","International Indigenous Policy Journal"
"S2739297695","nais","W777927258","10.18584/iipj.2015.6.2.7","Bridging Parallel Rows: Epistemic Difference and Relational Accountability in Cross-Cultural Research",2015,"article",83,77,1,1,1,5.8875,TRUE,TRUE,"diamond","Indigenous Studies and Ecology","General Health Professions","Health Professions","Health Sciences","International Indigenous Policy Journal"
"S2739297695","nais","W2521807837","10.18584/iipj.2016.7.3.4","A Mi’kmaw Perspective on Advancing Salmon Governance in Nova Scotia, Canada: Setting the Stage for Collaborative Co-Existence",2016,"article",77,56,2,1,2,4.9406,TRUE,TRUE,"diamond","Indigenous Studies and Ecology","General Health Professions","Health Professions","Health Sciences","International Indigenous Policy Journal"
"S2739297695","nais","W2149142527","10.18584/iipj.2011.2.4.7","Returning to Netukulimk: Mi’kmaq cultural and spiritual connections with resource stewardship and self-governance",2011,"article",58,47,2,1,4,0.5765,TRUE,TRUE,"diamond","Indigenous Health, Education, and Rights","Health","Social Sciences","Social Sciences","International Indigenous Policy Journal"
"S2739297695","nais","W2946112813","10.18584/iipj.2019.10.2.4","Social Determinants of Indigenous Health and Indigenous Rights in Policy: A Scoping Review and Analysis of Problem Representation",2019,"review",43,51,3,1,4,6.4397,TRUE,TRUE,"diamond","Indigenous Health, Education, and Rights","Health","Social Sciences","Social Sciences","International Indigenous Policy Journal"
"S2739297695","nais","W2803930197","10.18584/iipj.2018.9.2.2","The Sweat Lodge Ceremony: A Healing Intervention for Intergenerational Trauma and Substance Use",2018,"article",28,68,2,1,4,2.1383,TRUE,TRUE,"diamond","Indigenous Health, Education, and Rights","Health","Social Sciences","Social Sciences","International Indigenous Policy Journal"
"S2739297695","nais","W4283784587","10.18584/iipj.2022.13.1.13697","Zaagtoonaa Nibi (We Love the Water):",2022,"article",4,80,2,1,2,0.3173,TRUE,TRUE,"diamond","Indigenous Health, Education, and Rights","Health","Social Sciences","Social Sciences","International Indigenous Policy Journal"
"S2739297695","nais","W93868968","10.18584/iipj.2011.2.4.2","Traditional Indigenous Approaches to Healing and the modern welfare of Traditional Knowledge, Spirituality and Lands: A critical reflection on practices and policies taken from the Canadian Indigenous Example",2011,"article",115,20,1,1,2,3.1706,TRUE,TRUE,"diamond","Indigenous Health, Education, and Rights","Health","Social Sciences","Social Sciences","International Indigenous Policy Journal"
"S2739297695","nais","W2472519157","10.18584/iipj.2016.7.2.4","Disrupting the Continuities Among Residential Schools, the Sixties Scoop, and Child Welfare: An Analysis of Colonial and Neocolonial Discourses",2016,"article",88,58,2,1,4,8.4728,TRUE,TRUE,"diamond","Indigenous Health, Education, and Rights","Health","Social Sciences","Social Sciences","International Indigenous Policy Journal"
"S2739297695","nais","W107615731","10.18584/iipj.2012.3.3.3","Water and Indigenous Peoples: Canada’s Paradox",2012,"article",62,36,1,1,3,1.9172,FALSE,TRUE,"diamond","Indigenous Health, Education, and Rights","Health","Social Sciences","Social Sciences","International Indigenous Policy Journal"
"S2739297695","nais","W2417464954","10.18584/iipj.2016.7.2.3","Indigenous Healing and Seeking Safety: A Blended Implementation Project for Intergenerational Trauma and Substance Use Disorders",2016,"article",55,84,2,1,5,3.8514,TRUE,TRUE,"diamond","Indigenous Health, Education, and Rights","Health","Social Sciences","Social Sciences","International Indigenous Policy Journal"
"S2739297695","nais","W29679403","10.18584/iipj.2014.5.3.6","Indigenous Educational Attainment in Canada",2014,"article",46,28,1,1,2,5.6989,TRUE,TRUE,"diamond","Education Systems and Policy","Education","Social Sciences","Social Sciences","International Indigenous Policy Journal"
"S2739297695","nais","W2119309052","10.18584/iipj.2010.1.2.1","Policy Writing as Dialogue: Drafting an Aboriginal Chapter for Canada's Tri-Council Policy Statement: Ethical Conduct for Research Involving Humans",2010,"article",43,7,2,2,2,2.0703,TRUE,TRUE,"diamond","Indigenous Health, Education, and Rights","Health","Social Sciences","Social Sciences","International Indigenous Policy Journal"
"S2739297695","nais","W1931233738","10.18584/iipj.2015.6.4.2","“I Don't Think that Any Peer Review Committee . . . Would Ever ‘Get’ What I Currently Do”: How Institutional Metrics for Success and Merit Risk Perpetuating the (Re)production of Colonial Relationships in Community-Based Participatory Research Involving Indigenous Peoples in Canada",2015,"article",39,72,2,1,4,3.7848,TRUE,TRUE,"diamond","Indigenous Health, Education, and Rights","Health","Social Sciences","Social Sciences","International Indigenous Policy Journal"
"S2739297695","nais","W980234182","10.18584/iipj.2015.6.3.2","Leashes and Lies: Navigating the Colonial Tensions of Institutional Ethics of Research Involving Indigenous Peoples in Canada",2015,"article",38,23,1,1,2,8.8314,TRUE,TRUE,"diamond","Indigenous Studies and Ecology","General Health Professions","Health Professions","Health Sciences","International Indigenous Policy Journal"
"S2739297695","nais","W2562030706","10.18584/iipj.2016.7.4.5","Increased Indigenous Participation in Environmental Decision-Making: A Policy Analysis for the Improvement of Indigenous Health",2016,"article",35,28,2,1,2,3.4663,TRUE,TRUE,"diamond","Indigenous Health, Education, and Rights","Health","Social Sciences","Social Sciences","International Indigenous Policy Journal"
"S2739297695","nais","W872348667","10.18584/iipj.2015.6.3.3","Biocultural Rights: A New Paradigm for Protecting Natural and Cultural Resources of Indigenous Communities",2015,"article",34,60,1,1,2,1.1775,TRUE,TRUE,"diamond","Indigenous Studies and Ecology","General Health Professions","Health Professions","Health Sciences","International Indigenous Policy Journal"
"S2739297695","nais","W2981541399","10.18584/iipj.2019.10.4.8372","Towards an Indigenous-Informed Relational Approach to Free, Prior, and Informed Consent (FPIC)",2019,"article",24,13,1,1,4,1.7172,TRUE,TRUE,"diamond","Indigenous Health, Education, and Rights","Health","Social Sciences","Social Sciences","International Indigenous Policy Journal"
"S2739297695","nais","W2610971724","10.18584/iipj.2017.8.2.4","Implementing the Tri-Council Policy on Ethical Research Involving Indigenous Peoples in Canada: So, How’s That Going in Mi’kma’ki?",2017,"article",22,31,2,1,4,2.8162,TRUE,TRUE,"diamond","Indigenous Health, Education, and Rights","Health","Social Sciences","Social Sciences","International Indigenous Policy Journal"
"S2739297695","nais","W3107500044","10.18584/iipj.2020.11.4.8215","A Journey of Doing Research “In a Good Way”: Partnership, Ceremony, and Reflections Contributing to the Care and Wellbeing of Indigenous Women Living with HIV in Canada",2020,"article",16,26,2,1,20,0.703,TRUE,TRUE,"diamond","Indigenous Health, Education, and Rights","Health","Social Sciences","Social Sciences","International Indigenous Policy Journal"
"S2739297695","nais","W3006688704","10.18584/iipj.2020.11.1.10237","Advancing Indigenous Research Sovereignty: Public Administration Trends and the Opportunity for Meaningful Conversations in Canadian Research Governance",2020,"article",15,85,2,1,3,1.9533,FALSE,TRUE,"diamond","Global Health and Surgery","Public Health, Environmental and Occupational Health","Medicine","Health Sciences","International Indigenous Policy Journal"
"S2739297695","nais","W3166886025","10.18584/iipj.2021.12.2.8641","New Discourses on Energy Transition as an Opportunity for Reconciliation? Analyzing Indigenous and Non-Indigenous Communications in Media and Policy Documents",2021,"article",7,35,2,1,3,1.4519,FALSE,TRUE,"diamond","Arctic and Russian Policy Studies","Sociology and Political Science","Social Sciences","Social Sciences","International Indigenous Policy Journal"
"S2739297695","nais","W4386307226","10.18584/iipj.2023.14.2.14802","Anishinaabeg Elders’ Land-based Knowledge: Enacting Bagijigan for Health and Well-being",2023,"article",6,41,2,1,1,1.6887,TRUE,TRUE,"diamond","Indigenous Health, Education, and Rights","Health","Social Sciences","Social Sciences","International Indigenous Policy Journal"
"S2739297695","nais","W3197319058","10.18584/iipj.2021.12.3.10202","Historical Roots of Social Assistance: An Inadequate Response to the Colonial Destruction of Mi’kmaw Livelihood in Nova Scotia",2021,"article",3,60,2,2,3,0.2379,TRUE,TRUE,"diamond","Indigenous Health, Education, and Rights","Health","Social Sciences","Social Sciences","International Indigenous Policy Journal"
"S2739297695","nais","W2141557924","10.18584/iipj.2014.5.2.1","Enacting Kaitiakitanga: Challenges and Complexities in the Governance and Ownership of Rongoā Research Information",2014,"article",26,36,1,1,4,3.337,TRUE,TRUE,"diamond","Indigenous Health, Education, and Rights","Health","Social Sciences","Social Sciences","International Indigenous Policy Journal"
"S2739297695","nais","W59061324","10.18584/iipj.2010.1.1.4","Indigeneity-Grounded Analysis (IGA) as Policy(-Making) Lens: New Zealand Models, Canadian Realities",2010,"article",23,27,2,2,2,1.183,FALSE,TRUE,"diamond","Indigenous Health, Education, and Rights","Health","Social Sciences","Social Sciences","International Indigenous Policy Journal"
"S2739297695","nais","W140745228","10.18584/iipj.2011.2.1.11","Toward a New Era of Policy: Health Care Service Delivery to First Nations",2011,"article",22,10,1,1,1,0.8647,TRUE,TRUE,"diamond","Indigenous Health, Education, and Rights","Health","Social Sciences","Social Sciences","International Indigenous Policy Journal"
"S2739297695","nais","W96379854","10.18584/iipj.2013.4.1.12","First Nations Teenaged Female Lone Parent Families in Canada: Recognizing Family Diversity and the Importance of Networks of Care",2013,"article",17,21,1,1,1,3.0726,TRUE,TRUE,"diamond","Indigenous Health, Education, and Rights","Health","Social Sciences","Social Sciences","International Indigenous Policy Journal"
"S2739297695","nais","W2767730176","10.18584/iipj.2017.8.4.3","Developing Ethical Research Practices Between Institutional and Community Partners: A Look at the Current Base of Literature Surrounding Memorandums of Understanding in Canada",2017,"article",13,47,2,1,4,1.2802,TRUE,TRUE,"diamond","Indigenous Health, Education, and Rights","Health","Social Sciences","Social Sciences","International Indigenous Policy Journal"
"S2739297695","nais","W2989754105","10.18584/iipj.2019.10.5.8502","Planning Around Reserves: Probing the Inclusion of First Nations in Saskatchewan's Watershed Planning Framework",2019,"article",7,50,2,1,2,1.5449,TRUE,TRUE,"diamond","Indigenous Studies and Ecology","General Health Professions","Health Professions","Health Sciences","International Indigenous Policy Journal"
"S2739297695","nais","W3210361188","10.18584/iipj.2020.11.3.10937","""The Legacy Will Be the Change"": Reconciling How We Live with and Relate to Water",2020,"article",7,75,2,1,8,1.0693,TRUE,TRUE,"diamond","Indigenous Studies and Ecology","General Health Professions","Health Professions","Health Sciences","International Indigenous Policy Journal"
"S2739297695","nais","W4386384305","10.18584/iipj.2023.14.2.14723","Indigenous Community Projects: Addressing Colonization through Using Culture as a Protective Factor",2023,"article",5,72,2,1,2,1.4039,TRUE,TRUE,"diamond","Indigenous Health, Education, and Rights","Health","Social Sciences","Social Sciences","International Indigenous Policy Journal"
"S2739297695","nais","W4390511452","10.18584/iipj.2023.14.3.16348","Analysing the inconsistent recognition of Indigenous rights in early childhood policy documents from the Australian Government’s ""Closing the Gap"" strategy between 2008-2018",2024,"article",4,45,4,1,4,4.6614,TRUE,TRUE,"diamond","Children's Rights and Participation","Sociology and Political Science","Social Sciences","Social Sciences","International Indigenous Policy Journal"
"S2739297695","nais","W3186070613","10.18584/iipj.2021.12.2.10936","Indigenous Trauma Intervention Research in Canada: A Narrative Literature Review",2021,"article",6,57,2,1,4,0.4758,TRUE,TRUE,"diamond","Indigenous Health, Education, and Rights","Health","Social Sciences","Social Sciences","International Indigenous Policy Journal"
"S2739297695","nais","W4306294652","10.18584/iipj.2022.13.2.14012","Why are Indigenous Affairs Policies Framed in ways that Undermine Indigenous Health and Equity?",2022,"article",3,59,4,1,7,0.476,TRUE,TRUE,"diamond","Indigenous Health, Education, and Rights","Health","Social Sciences","Social Sciences","International Indigenous Policy Journal"
"S2739297695","nais","W4323645624","10.18584/iipj.2022.13.3.11269","Development of a Decolonising Framework for Aboriginal and Torres Strait Islander Health Policy Analysis in Australia",2022,"article",3,80,2,1,4,0.476,TRUE,TRUE,"diamond","Indigenous Health, Education, and Rights","Health","Social Sciences","Social Sciences","International Indigenous Policy Journal"
"S2739297695","nais","W4286224991","10.18584/iipj.2022.13.1.13570","“I'll struggle, and I'll fall…I'll have my days, but it's okay”",2022,"article",2,81,2,2,3,0.3173,TRUE,TRUE,"diamond","Indigenous Health, Education, and Rights","Health","Social Sciences","Social Sciences","International Indigenous Policy Journal"
"S2739297695","nais","W4306294685","10.18584/iipj.2022.13.2.10977","Planting Seeds of Change: Voices of Indigenous Youth on Wholistic Health",2022,"article",2,29,2,1,1,0.4178,TRUE,TRUE,"diamond","Urban Agriculture and Sustainability","Plant Science","Agricultural and Biological Sciences","Life Sciences","International Indigenous Policy Journal"
"S2739297695","nais","W4377157489","10.18584/iipj.2023.14.1.10943","Student Transfer Mobility within Indigenous Programs: Pathways of Access or Appropriation?",2023,"article",2,42,2,1,3,0.5622,TRUE,TRUE,"diamond","Indigenous Health, Education, and Rights","Health","Social Sciences","Social Sciences","International Indigenous Policy Journal"
"S2739297695","nais","W4377136774","10.18584/iipj.2023.14.1.14480","Applying a Critical Policy Lens to Contracting in Indigenous Mental Health: An Ethnographic Study with Urban Indigenous Providers",2023,"article",1,79,2,1,6,0.2808,TRUE,TRUE,"diamond","Indigenous Health, Education, and Rights","Health","Social Sciences","Social Sciences","International Indigenous Policy Journal"
"S2739297695","nais","W4399209590","10.18584/iipj.2024.15.1.14819","Leveraging culturally-relevant urban social housing to address Indigenous youth homelessness and transitions out of government care",2024,"article",1,68,2,1,8,1.0565,FALSE,TRUE,"diamond","Homelessness and Social Issues","General Health Professions","Health Professions","Health Sciences","International Indigenous Policy Journal"
"S4210203256","nais","W2801341947","10.5204/ijcis.v5i1.97","Indigenous Research Methodologies",2012,"article",1708,1,1,1,1,133.4258,TRUE,TRUE,"diamond","African cultural and philosophical studies","Education","Social Sciences","Social Sciences","International Journal of Critical Indigenous Studies"
"S4210203256","nais","W2235509840","10.5204/ijcis.v3i1.57","Yarning About Yarning as a Legitimate Method in Indigenous Research",2010,"article",1258,38,1,0,2,8.8727,TRUE,TRUE,"diamond","Indigenous Health, Education, and Rights","Health","Social Sciences","Social Sciences","International Journal of Critical Indigenous Studies"
"S2764525582","nais","W1832125681","10.3138/ijih.v5i2.28982","Colonialism and State Dependency",2009,"article",314,61,1,1,1,7.2004,FALSE,TRUE,"green","Indigenous Health, Education, and Rights","Health","Social Sciences","Social Sciences","International Journal of Indigenous Health"
"S2764525582","nais","W2111549591","10.3138/ijih.v5i2.28981","Cultural Safety Exploring the Applicability of the Concept of Cultural Safety to Aboriginal Health and Community Wellness",2009,"article",291,40,1,0,2,2.8802,FALSE,TRUE,"green","Indigenous Health, Education, and Rights","Health","Social Sciences","Social Sciences","International Journal of Indigenous Health"
"S2764525582","nais","W1823595128","10.18357/ijih51200912327","Language and Culture as Protective Factors for At-Risk Communities",2013,"article",233,63,2,1,3,12.3351,TRUE,TRUE,"diamond","Indigenous Studies and Ecology","General Health Professions","Health Professions","Health Sciences","International Journal of Indigenous Health"
"S2764525582","nais","W2151725738","10.18357/ijih41200812317","Hand Drumming: Health-Promoting Experiences of Aboriginal Women from a Northern Ontario Urban Community",2013,"article",51,25,1,3,5,3.3796,FALSE,TRUE,"diamond","Indigenous Health, Education, and Rights","Health","Social Sciences","Social Sciences","International Journal of Indigenous Health"
"S2764525582","nais","W1829986343","10.18357/ijih.101201513271","“Because we have really unique art”: Decolonizing Research with Indigenous Youth Using the Arts",2014,"article",68,45,2,3,10,9.9588,TRUE,TRUE,"diamond","Participatory Visual Research Methods","Sociology and Political Science","Social Sciences","Social Sciences","International Journal of Indigenous Health"
"S2764525582","nais","W2129271808","10.18357/ijih41200812316","Balancing the Medicine Wheel through Physical Activity",2013,"article",46,8,2,1,1,3.6875,FALSE,TRUE,"diamond","Indigenous Health, Education, and Rights","Health","Social Sciences","Social Sciences","International Journal of Indigenous Health"
"S2764525582","nais","W1488962838","10.18357/ijih.101201513195","Social-relational understandings of health and well-being from an Indigenous Perspective",2014,"article",36,65,1,2,3,2.002,TRUE,TRUE,"diamond","Indigenous Health, Education, and Rights","Health","Social Sciences","Social Sciences","International Journal of Indigenous Health"
"S2764525582","nais","W4393273933","10.32799/ijih.v19i1.41307","Culture, Health and Wellbeing: Yarning with the Victorian Indigenous community",2024,"article",5,58,1,1,5,4.4909,TRUE,TRUE,"diamond","Indigenous Studies and Ecology","General Health Professions","Health Professions","Health Sciences","International Journal of Indigenous Health"
"S2764525582","nais","W2461884157","10.18357/ijih111201616019","Gimiigiwemin: Putting Knowledge Translation Into Practice With Anishinaabe Communities",2016,"article",23,17,1,1,2,0.7703,FALSE,TRUE,"diamond","Indigenous Health, Education, and Rights","Health","Social Sciences","Social Sciences","International Journal of Indigenous Health"
"S2764525582","nais","W2898327006","10.32799/ijih.v13i1.30264","Milo Pimatisiwin Project",2018,"article",5,28,1,2,2,0.8554,TRUE,TRUE,"diamond","Indigenous Health, Education, and Rights","Health","Social Sciences","Social Sciences","International Journal of Indigenous Health"
"S2764525582","nais","W4285088890","10.32799/ijih.v17i2.37131","A Microcosm of Tobacco Research: An American Indian Northern Plains Review",2022,"article",0,41,1,1,4,0,TRUE,TRUE,"diamond","Indigenous Health, Education, and Rights","Health","Social Sciences","Social Sciences","International Journal of Indigenous Health"
"S2765036210","nais","W165633830",NA,"Learning Styles of American Indian/Alaska Native Students: A Review of the Literature and Implications for Practice.",2002,"review",165,189,1,0,1,0.5945,FALSE,FALSE,"closed","Learning Styles and Cognitive Differences","Developmental and Educational Psychology","Psychology","Social Sciences","The Journal of American Indian Education"
"S2765036210","nais","W2730010010",NA,"A Study of Native American Students in a Predominantly White College.",1988,"article",77,5,1,0,1,4.9752,FALSE,FALSE,"closed","Higher Education Research Studies","Education","Social Sciences","Social Sciences","The Journal of American Indian Education"
"S2765036210","nais","W14926768",NA,"Postsecondary Transitions among Navajo Indians.",2001,"article",67,21,2,0,2,0.3197,FALSE,FALSE,"closed","Indigenous Health, Education, and Rights","Health","Social Sciences","Social Sciences","The Journal of American Indian Education"
"S2765036210","nais","W121439085",NA,"Moving toward the Language: Reflections on Teaching in an Indigenous-Immersion School.",2007,"article",55,42,1,0,1,14.9012,FALSE,FALSE,"closed","Multilingual Education and Policy","Linguistics and Language","Social Sciences","Social Sciences","The Journal of American Indian Education"
"S2765036210","nais","W310832965",NA,"American Indian and Alaska Native Postsecondary Departure: An Example of Assessing a Mainstream Model Using National Longitudinal Data.",1993,"article",62,42,1,0,2,1.7138,FALSE,FALSE,"closed","Higher Education Research Studies","Education","Social Sciences","Social Sciences","The Journal of American Indian Education"
"S2765036210","nais","W265855549",NA,"Cooperative Learning and the Education of American Indian/Alaskan Native Students: A Review of the Literature and Suggestions for Implementation.",1990,"review",33,12,1,0,1,0,FALSE,FALSE,"closed","Psychological and Educational Research Studies","Experimental and Cognitive Psychology","Psychology","Social Sciences","The Journal of American Indian Education"
"S2765036210","nais","W135545736",NA,"Brain Hemispheric Functions and the Native American.",1982,"article",28,2,1,0,1,0.5557,FALSE,FALSE,"closed","Jungian Analytical Psychology","Social Psychology","Psychology","Social Sciences","The Journal of American Indian Education"
"S2765036210","nais","W2567585170",NA,"""If I Could Do It, They Could Do It"": A Collective Case Study of Plateau Tribes Nurses",2005,"article",9,28,1,0,1,0.4257,FALSE,FALSE,"closed","Global Health Workforce Issues","Emergency Medical Services","Health Professions","Health Sciences","The Journal of American Indian Education"
"S2765036210","nais","W234898476",NA,"American Indian/Alaska Native Voices in the Model of Institutional Adaptation to Student Diversity.",2008,"article",3,32,1,0,3,0,FALSE,FALSE,"closed","Higher Education Research Studies","Education","Social Sciences","Social Sciences","The Journal of American Indian Education"
"S59607649","nais","W2513157921","10.1017/s0023879100017520","The Reassertion of Indigenous Identity: Mayan Responses to State Intervention in Chiapas",1995,"article",140,66,1,1,1,35.6744,TRUE,TRUE,"bronze","Politics and Society in Latin America","Political Science and International Relations","Social Sciences","Social Sciences","Latin American Research Review"
"S59607649","nais","W2125156989","10.1353/lar.2012.0015","The Values of Water: Development Cultures and Indigenous Cultures in Highland Ecuador",2012,"article",37,45,1,0,1,6.3386,FALSE,FALSE,"closed","Politics and Society in Latin America","Political Science and International Relations","Social Sciences","Social Sciences","Latin American Research Review"
"S59607649","nais","W2906424155","10.25222/larr.391","Missions, Unions, and Indigenous Organization in the Bolivian Amazon: Placing the Formation of an Indigenous Organization in Its Context",2018,"article",4,65,3,1,1,3.0283,TRUE,TRUE,"gold","Politics and Society in Latin America","Political Science and International Relations","Social Sciences","Social Sciences","Latin American Research Review"
"S4210233755","nais","W3024671197","10.20507/maijournal.2019.8.2.10","Why isn’t my professor Māori? A snapshot of the academic workfWhy isn’t my professor Māori? A snapshot of the academic workforce in New Zealand universitiesorce in New Zealand universities",2019,"article",47,15,1,2,70,4.9371,TRUE,TRUE,"diamond","Indigenous Health, Education, and Rights","Health","Social Sciences","Social Sciences","MAI Journal A New Zealand Journal of Indigenous Scholarship"
"S4210228527","nais","W2060198128","10.1080/2201473x.2011.10648799","Introducing",2011,"article",446,20,2,1,1,9.7987,FALSE,TRUE,"bronze","Indigenous Health, Education, and Rights","Health","Social Sciences","Social Sciences","Settler Colonial Studies"
"S4210228527","nais","W2041528190","10.1080/2201473x.2013.810695","The ethical demands of settler colonial theory",2013,"article",93,38,1,1,2,3.6868,FALSE,FALSE,"closed","Indigenous Health, Education, and Rights","Health","Social Sciences","Social Sciences","Settler Colonial Studies"
"S979866670","nais","W2318536794","10.2307/1409555","Internationalization of an Indigenous Anticolonial Cultural Critique of Research Methodologies: A Guide to Indigenist Research Methodology and Its Principles",1999,"article",957,15,1,0,1,1.3523,FALSE,FALSE,"closed","Indigenous Health, Education, and Rights","Health","Social Sciences","Social Sciences","Wicazo Sa Review"
"S979866670","nais","W1992271780","10.1353/wic.0.0043","Felt Theory: An Indigenous Feminist Approach to Affect and History",2009,"article",354,20,1,0,1,5.8523,FALSE,FALSE,"closed","Foucault, Power, and Ethics","Sociology and Political Science","Social Sciences","Social Sciences","Wicazo Sa Review"
"S979866670","nais","W1985776398","10.1353/wic.0.0001","Looking after Gdoo-naaganinaa: Precolonial Nishnaabeg Diplomatic and Treaty Relationships",2008,"article",127,10,1,0,1,0.5842,FALSE,FALSE,"closed","Indigenous Health, Education, and Rights","Health","Social Sciences","Social Sciences","Wicazo Sa Review"
"S979866670","nais","W2014606737","10.1353/wic.2003.0008","DNA, Blood, and Racializing the Tribe",2003,"article",119,45,1,0,1,0.5156,FALSE,FALSE,"closed","Race, Genetics, and Society","Genetics","Biochemistry, Genetics and Molecular Biology","Life Sciences","Wicazo Sa Review"
"S979866670","nais","W2033115760","10.1353/wic.2011.0011","&lt;i&gt;Ogimah Ikwe&lt;/i&gt;: Native Women and Their Path to Leadership",2011,"article",37,56,1,0,1,5.1875,FALSE,FALSE,"closed","Indigenous Health, Education, and Rights","Health","Social Sciences","Social Sciences","Wicazo Sa Review"
"S979866670","nais","W2039323591","10.1353/wic.0.0013","Native America Writes Back: The Origin of the Indigenous Paradigm in Historiography",2008,"article",49,17,1,0,1,1.7527,FALSE,FALSE,"closed","Indigenous Health, Education, and Rights","Health","Social Sciences","Social Sciences","Wicazo Sa Review"
"S979866670","nais","W1968990255","10.1353/wic.0.0018","Native Historians Write Back: The Indigenous Paradigm in American Indian Historiography",2009,"article",23,44,1,0,1,1.4401,FALSE,FALSE,"closed","Indigenous Health, Education, and Rights","Health","Social Sciences","Social Sciences","Wicazo Sa Review"
"S979866670","nais","W2322569042","10.2307/1409550","The Native American Scholar: Toward a New Intellectual Agenda",1999,"article",29,4,1,0,1,0,FALSE,FALSE,"closed","Latin American and Latino Studies","Cultural Studies","Social Sciences","Social Sciences","Wicazo Sa Review"
"S979866670","nais","W299078137","10.5749/wicazosareview.29.2.0039","“Geronimo!” The Ideologies of Colonial and Indigenous Masculinities in Historical and Contemporary Representations about Apache Men",2014,"article",5,67,1,0,1,1.9216,FALSE,FALSE,"closed","Indigenous Cultures and History","Anthropology","Social Sciences","Social Sciences","Wicazo Sa Review"
"S979866670","nais","W2683144199","10.5749/wicazosareview.31.2.0005","17th Annual American Indian Studies Association Conference Presidential Address: American Indian Studies/Native American Studies in a Twenty-First Century World: Practices and Opportunities",2016,"article",0,14,1,0,1,0,FALSE,FALSE,"closed","Indigenous Health, Education, and Rights","Health","Social Sciences","Social Sciences","Wicazo Sa Review"
"S76877748","ps","W1994859619","10.1111/j.1540-6210.2004.00363.x","State Wildlife Policy and Management: The Scope and Bias of Political Conflict",2004,"article",67,62,1,1,1,4.3674,FALSE,FALSE,"closed","Indigenous Studies and Ecology","General Health Professions","Health Professions","Health Sciences","Public Administration Review"
"S76877748","ps","W4221062269","10.1111/puar.13492","Bureaucratic Representation, Accountability, and Democracy: A Qualitative Study of Indigenous Bureaucrats in Australia and Canada",2022,"article",18,66,3,1,2,4.5891,TRUE,TRUE,"hybrid","Public Policy and Administration Research","Public Administration","Social Sciences","Social Sciences","Public Administration Review"
"S76877748","ps","W2014245131","10.1111/j.1540-6210.2005.00471.x","Indians 78, Washington State 0: Stories about Indians and the Law",2005,"article",11,11,1,1,2,0.5307,FALSE,FALSE,"closed","Indigenous Health, Education, and Rights","Health","Social Sciences","Social Sciences","Public Administration Review"
"S76877748","ps","W2025011549","10.1111/j.1540-6210.2008.00961.x","Colleen Jollie, State Tribal Liaison: A Story of Transformational Change",2008,"article",3,10,1,1,2,0.6325,FALSE,FALSE,"closed","Community Health and Development","General Health Professions","Health Professions","Health Sciences","Public Administration Review"
"S76877748","ps","W1998401001","10.1111/j.1540-6210.2011.02340.x","American Indian Tribal Governance and Management: Public Administration Promise or Pretense?",2011,"article",2,45,2,1,1,0,FALSE,TRUE,"bronze","Public Policy and Administration Research","Public Administration","Social Sciences","Social Sciences","Public Administration Review"
"S76877748","ps","W4397014707","10.1111/puar.13832","Indian Preference and the status of American Indians and Alaska Natives in the federal service: Employment, earnings, authority, and perceptions of fairness",2024,"article",0,70,2,1,2,0,FALSE,FALSE,"closed","Labor Movements and Unions","Public Administration","Social Sciences","Social Sciences","Public Administration Review"
"S37623806","ps","W2047136231","10.1080/14719037.2013.868507","Indigenous Peoples’ Health Care: New approaches to contracting and accountability at the public administration frontier",2013,"article",37,57,4,3,5,5.8512,FALSE,TRUE,"bronze","Nonprofit Sector and Volunteering","Sociology and Political Science","Social Sciences","Social Sciences","Public Management Review"
"S37623806","ps","W2981440042","10.1080/14719037.2019.1679235","‘Double-taxing’ Indigenous business: exploring the effects of political discourse on the transfer of public procurement policy",2019,"article",29,100,3,2,3,1.5503,FALSE,TRUE,"hybrid","Public Procurement and Policy","Strategy and Management","Business, Management and Accounting","Social Sciences","Public Management Review"
"S106702950","ps","W2059791137","10.1177/02750749922064481","Missing",1999,"article",27,31,1,1,1,1.0143,FALSE,FALSE,"closed","Indigenous Health, Education, and Rights","Health","Social Sciences","Social Sciences","The American Review of Public Administration"
"S106702950","ps","W2069197532","10.1177/027507409602600205","Indian Policy, Indian Gaming, and the Future of Tribal Economic Development",1996,"article",12,17,1,1,1,4.2391,FALSE,FALSE,"closed","Social and Economic Development in India","Sociology and Political Science","Social Sciences","Social Sciences","The American Review of Public Administration"
"S39541053","ps","W4294941534","10.1080/01900692.2022.2078838","Indigenous Perceptions of Factors Influencing Behavioral Intentions Towards Climate Change Mitigation: An Assessment",2022,"article",10,88,3,1,7,2.8748,FALSE,FALSE,"closed","Environmental Education and Sustainability","Management, Monitoring, Policy and Law","Environmental Science","Physical Sciences","International Journal of Public Administration"
"S39541053","ps","W3035636953","10.1080/01900692.2020.1773496","Representative Bureaucracy: Exploring the Factors that Inhibit Active Representation in Indigenous Managers from a Latin American Case",2020,"article",6,56,2,1,2,1.0028,FALSE,FALSE,"closed","Public Policy and Administration Research","Public Administration","Social Sciences","Social Sciences","International Journal of Public Administration"
"S39541053","ps","W3107980561","10.1080/01900692.2020.1850779","Creating Public Value in a Westminster Context: The Case of the Australian Department of Prime Minister and Cabinet‘s Indigenous Regional Network, 2013-2018",2020,"article",5,30,2,1,1,0.7521,FALSE,FALSE,"closed","Public Policy and Administration Research","Public Administration","Social Sciences","Social Sciences","International Journal of Public Administration"
"S108218269","ps","W2900496560","10.1111/rego.12229","Certifying a state forestry agency in Quebec: Complementarity and conflict around government responsibilities, indigenous rights, and certification of the state as forest manager",2018,"article",8,59,1,1,2,0.6788,FALSE,FALSE,"closed","Global trade, sustainability, and social impact","Strategy and Management","Business, Management and Accounting","Social Sciences","Regulation & Governance"
"S80347152","ps","W2921626100","10.1007/s11266-019-00108-5","Relational Interactions Between Immigrant and Native-Born Volunteers: Trust-Building and Integration or Suspicion and Conflict?",2019,"article",32,47,1,2,2,3.5701,FALSE,FALSE,"closed","Nonprofit Sector and Volunteering","Sociology and Political Science","Social Sciences","Social Sciences","VOLUNTAS International Journal of Voluntary and Nonprofit Organizations"
"S80347152","ps","W4317254237","10.1007/s11266-022-00554-8","Philanthropy and Socio-economic Development: The Role of Large Indigenous Voluntary Organizations in Bridging Social Divides in Pakistan",2023,"article",11,56,2,1,4,6.3697,TRUE,TRUE,"hybrid","Nonprofit Sector and Volunteering","Sociology and Political Science","Social Sciences","Social Sciences","VOLUNTAS International Journal of Voluntary and Nonprofit Organizations"
"S119514724","ps","W2544644329","10.1111/psj.12187","U.S. Environmental Policy Implementation on Tribal Lands: Trust, Neglect, and Justice",2016,"article",40,51,1,0,3,10.9842,FALSE,FALSE,"closed","Environmental Justice and Health Disparities","Sociology and Political Science","Social Sciences","Social Sciences","Policy Studies Journal"
"S119514724","ps","W1887520370","10.1111/j.1541-0072.2010.00361.x","Evaluating Comanagement for Social-Ecological Fit: Indigenous Priorities and Agency Mandates for Pacific Walrus",2010,"article",34,90,1,1,2,4.0625,FALSE,TRUE,"bronze","Marine animal studies overview","Ecology","Environmental Science","Physical Sciences","Policy Studies Journal"
"S87681011","ps","W2191813058","10.1080/09540962.2016.1118931","Reporting issues challenging the National Roads Authority of Papua New Guinea: the case for using local indigenous mechanisms",2015,"article",2,22,3,1,1,1.0246,FALSE,TRUE,"green","Disaster Management and Resilience","Sociology and Political Science","Social Sciences","Social Sciences","Public Money & Management"
"S5465880","ps","W2137533076","10.1177/009539902237271","Tribal Governance and Public Administration",2002,"article",26,16,1,1,1,0,FALSE,FALSE,"closed","American Constitutional Law and Politics","Political Science and International Relations","Social Sciences","Social Sciences","Administration & Society"
"S5465880","ps","W2601515731","10.1177/0095399717700225","Making Sense of Indigenous Youth Night Patrols",2017,"article",4,32,2,1,4,0.4768,FALSE,TRUE,"green","Community Health and Development","General Health Professions","Health Professions","Health Sciences","Administration & Society"
"S62375027","ps","W4320490525","10.1111/gove.12765","Measuring accountability in interlocal agreements between Indigenous and local governments",2023,"article",2,65,1,3,4,0.5094,FALSE,TRUE,"hybrid","Evaluation and Performance Assessment","Management Science and Operations Research","Decision Sciences","Social Sciences","Governance"
"S94499970","ep","W4412456228","10.1016/j.eneco.2025.108726","Importing innovation or indigenous innovation: Evaluating the effect of climate finance on promoting environmental sustainability in developing countries",2025,"article",3,79,1,1,4,8.7644,FALSE,FALSE,"closed","Energy, Environment, Economic Growth","Economics and Econometrics","Economics, Econometrics and Finance","Social Sciences","Energy Economics"
"S175056054","ep","W2796107338","10.1016/j.enpol.2018.03.032","Tracking the transition to renewable electricity in remote indigenous communities in Canada",2018,"article",66,51,1,1,2,16.5372,FALSE,FALSE,"closed","Social Acceptance of Renewable Energy","Sociology and Political Science","Social Sciences","Social Sciences","Energy Policy"
"S175056054","ep","W4361195710","10.1016/j.enpol.2023.113560","Government instruments for community renewable energy in northern and Indigenous communities",2023,"article",19,43,1,1,5,11.0022,FALSE,TRUE,"hybrid","Social Acceptance of Renewable Energy","Sociology and Political Science","Social Sciences","Social Sciences","Energy Policy"
"S175056054","ep","W4409147186","10.1016/j.enpol.2025.114615","“Stretch and transform” for energy justice: Indigenous advocacy for institutional transformative change of electricity in British Columbia, Canada",2025,"article",7,91,1,3,5,7.2391,FALSE,TRUE,"hybrid","Mining and Resource Management","Building and Construction","Engineering","Physical Sciences","Energy Policy"
"S175056054","ep","W2023652625","10.1016/s0301-4215(02)00237-9","Firewood consumption pattern of different tribal communities in Northeast India",2003,"article",122,18,1,1,2,2.483,FALSE,FALSE,"closed","Energy and Environment Impacts","Pollution","Environmental Science","Physical Sciences","Energy Policy"
"S175056054","ep","W1969531497","10.1016/j.enpol.2013.07.021","Planning for seven generations: Energy planning of American Indian tribes",2013,"article",31,19,1,1,2,1.2009,FALSE,FALSE,"closed","Energy and Environment Impacts","Pollution","Environmental Science","Physical Sciences","Energy Policy"
"S175056054","ep","W4410943517","10.1016/j.enpol.2025.114679","The Inflation Reduction Act: Implications for energy development, energy sovereignty, and self-determination for federally recognized Tribal Nations in the US",2025,"article",1,94,2,1,2,0.3736,FALSE,FALSE,"closed","Energy, Environment, and Transportation Policies","Renewable Energy, Sustainability and the Environment","Energy","Physical Sciences","Energy Policy"
"S175056054","ep","W7111231685","10.1016/j.enpol.2025.114871","Just transition as a pathway to energy transitions in Alaska Native communities",2025,"article",0,21,1,1,6,0,FALSE,FALSE,"closed","Indigenous Studies and Ecology","General Health Professions","Health Professions","Health Sciences","Energy Policy"
"S2764593084","ep","W4320725278","10.1016/j.erss.2023.102996","Pluralizing energy justice: Incorporating feminist, anti-racist, Indigenous, and postcolonial perspectives",2023,"article",183,112,2,4,9,13.7393,FALSE,TRUE,"hybrid","Energy and Environment Impacts","Pollution","Environmental Science","Physical Sciences","Energy Research & Social Science"
"S2764593084","ep","W3134036380","10.1016/j.erss.2020.101897","Reconciliation through renewable energy? A survey of Indigenous communities, involvement, and peoples in Canada",2021,"article",140,59,1,1,3,33.031,FALSE,TRUE,"hybrid","Social Acceptance of Renewable Energy","Sociology and Political Science","Social Sciences","Social Sciences","Energy Research & Social Science"
"S2764593084","ep","W2924311025","10.1016/j.erss.2019.03.004","Justice, social exclusion and indigenous opposition: A case study of wind energy development on the Isthmus of Tehuantepec, Mexico",2019,"article",118,37,1,1,3,36.2136,FALSE,FALSE,"closed","Social Acceptance of Renewable Energy","Sociology and Political Science","Social Sciences","Social Sciences","Energy Research & Social Science"
"S2764593084","ep","W3006431929","10.1016/j.erss.2020.101463","Indigenous environmental defenders and the legacy of Macli-ing Dulag: Anti-dam dissent, assassinations, and protests in the making of Philippine energyscape",2020,"article",69,58,3,1,1,14.6488,FALSE,TRUE,"hybrid","Hydropower, Displacement, Environmental Impact","Sociology and Political Science","Social Sciences","Social Sciences","Energy Research & Social Science"
"S2764593084","ep","W2803367246","10.1016/j.erss.2018.05.009","Populist resistance and alternative transitions: Indigenous ownership of energy infrastructure in Aotearoa New Zealand",2018,"article",68,107,2,1,2,2.7044,FALSE,FALSE,"closed","Energy and Environment Impacts","Pollution","Environmental Science","Physical Sciences","Energy Research & Social Science"
"S2764593084","ep","W2968611238","10.1016/j.erss.2019.101230","Are the pens working for justice? News media coverage of renewable energy involving Indigenous Peoples in Canada",2019,"article",57,120,1,1,9,15.3015,FALSE,FALSE,"closed","Social Acceptance of Renewable Energy","Sociology and Political Science","Social Sciences","Social Sciences","Energy Research & Social Science"
"S2764593084","ep","W3135214351","10.1016/j.erss.2021.101932","Why firewood? Exploring the co-benefits, socio-ecological interactions and indigenous knowledge surrounding cooking practice in rural Nepal",2021,"article",45,85,1,2,4,1.6383,FALSE,FALSE,"closed","Energy and Environment Impacts","Pollution","Environmental Science","Physical Sciences","Energy Research & Social Science"
"S2764593084","ep","W3201507460","10.1016/j.erss.2021.102255","Unsettling transitions: Representing Indigenous peoples and knowledge in transitions research",2021,"article",45,60,1,2,3,3.9146,FALSE,FALSE,"closed","Mining and Resource Management","Building and Construction","Engineering","Physical Sciences","Energy Research & Social Science"
"S2764593084","ep","W3198893252","10.1016/j.erss.2021.102252","Renewable energy development on the Indigenous Estate: Free, prior and informed consent and best practice in agreement-making in Australia",2021,"article",40,64,2,1,6,2.9654,FALSE,FALSE,"closed","Mining and Resource Management","Building and Construction","Engineering","Physical Sciences","Energy Research & Social Science"
"S2764593084","ep","W4396631672","10.1016/j.erss.2024.103556","Mapping critical minerals projects and their intersection with Indigenous peoples' land rights in Australia",2024,"article",25,57,1,1,4,6.959,FALSE,TRUE,"hybrid","Mining and Resource Management","Building and Construction","Engineering","Physical Sciences","Energy Research & Social Science"
"S2764593084","ep","W4379741338","10.1016/j.erss.2023.103121","Indigenous legal forms and governance structures in renewable energy: Assessing the role and perspectives of First Nations economic development corporations",2023,"article",24,32,2,1,2,13.3185,FALSE,TRUE,"hybrid","Social Acceptance of Renewable Energy","Sociology and Political Science","Social Sciences","Social Sciences","Energy Research & Social Science"
"S2764593084","ep","W4385748738","10.1016/j.erss.2023.103243","Does renewable electricity promote Indigenous sovereignty? Reviewing support, barriers, and recommendations for solar and wind energy development on Native lands in the United States",2023,"article",20,107,1,1,2,11.5962,FALSE,FALSE,"closed","Social Acceptance of Renewable Energy","Sociology and Political Science","Social Sciences","Social Sciences","Energy Research & Social Science"
"S2764593084","ep","W3217664235","10.1016/j.erss.2021.102395","Addressing energy injustice in rural landscapes: Community leadership, indigenous villages, and micro-hydro diffusion in Indonesia",2021,"article",13,65,1,2,2,0.3072,FALSE,FALSE,"closed","Energy and Environment Impacts","Pollution","Environmental Science","Physical Sciences","Energy Research & Social Science"
"S2764593084","ep","W4408971929","10.1016/j.erss.2025.104044","Large-scale renewable energy developments on the Indigenous Estate: How can participation benefit Australia's First Nations peoples?",2025,"article",6,51,1,2,3,6.1966,FALSE,TRUE,"hybrid","Mining and Resource Management","Building and Construction","Engineering","Physical Sciences","Energy Research & Social Science"
"S2764593084","ep","W4405867051","10.1016/j.erss.2024.103912","Conflicting injustices in decolonization and indigenous land rights: The case of the Lake Turkana Wind Power project",2024,"article",5,68,2,1,7,3.661,FALSE,TRUE,"hybrid","Rangeland Management and Livestock Ecology","Management, Monitoring, Policy and Law","Environmental Science","Physical Sciences","Energy Research & Social Science"
"S2764593084","ep","W4399207999","10.1016/j.erss.2024.103589","Empowering indigenous groups: Unveiling a new approach to adaptive-participative sustainable energy in solar pumping projects via a Mayan community in Central America",2024,"article",4,62,1,1,7,0.5659,FALSE,FALSE,"closed","Energy and Environment Impacts","Pollution","Environmental Science","Physical Sciences","Energy Research & Social Science"
"S2764593084","ep","W4402627090","10.1016/j.erss.2024.103758","Saved by the snowy owl: An intersectional analysis of indigenous rights and biodiversity in the Kvalsund wind power project in Norway",2024,"article",4,72,2,1,1,2.8426,FALSE,TRUE,"hybrid","Environmental Philosophy and Ethics","Nature and Landscape Conservation","Environmental Science","Physical Sciences","Energy Research & Social Science"
"S2764593084","ep","W4409704390","10.1016/j.erss.2025.104092","Drivers, barriers and policy options to renewable energy development in Native American communities: A systematic review",2025,"review",4,99,1,1,5,17.664,FALSE,FALSE,"closed","Social Acceptance of Renewable Energy","Sociology and Political Science","Social Sciences","Social Sciences","Energy Research & Social Science"
"S2764593084","ep","W2075329146","10.1016/j.erss.2015.02.007","Energy development and Native Americans: Values and beliefs about energy from the Navajo Nation",2015,"article",43,52,1,1,4,18.4435,FALSE,TRUE,"hybrid","Social Acceptance of Renewable Energy","Sociology and Political Science","Social Sciences","Social Sciences","Energy Research & Social Science"
"S2764593084","ep","W3185218979","10.1016/j.erss.2021.102189","Fossil fuel violence and visual practices on Indigenous land: Watching, witnessing and resisting settler-colonial injustices",2021,"article",39,92,3,1,1,20.5814,FALSE,TRUE,"green","Geographies of human-animal interactions","Geography, Planning and Development","Social Sciences","Social Sciences","Energy Research & Social Science"
"S2764593084","ep","W3112258151","10.1016/j.erss.2020.101874","Where the wind blows: Exploring barriers and opportunities to renewable energy development on United States tribal lands",2020,"article",31,20,1,1,2,7.3246,FALSE,FALSE,"closed","Social Acceptance of Renewable Energy","Sociology and Political Science","Social Sciences","Social Sciences","Energy Research & Social Science"
"S2764593084","ep","W3003937109","10.1016/j.erss.2020.101446","Open for bioenergy business? Perspectives from Indigenous business leaders on biomass development potential in Canada",2020,"article",26,49,1,1,4,1.6546,FALSE,FALSE,"closed","Mining and Resource Management","Building and Construction","Engineering","Physical Sciences","Energy Research & Social Science"
"S2764593084","ep","W2836152199","10.1016/j.erss.2018.06.027","We’re the same as the Inuit!: Exploring Australian Aboriginal perceptions of climate change in a multidisciplinary mixed methods study",2018,"article",22,72,2,1,4,2.544,FALSE,FALSE,"closed","Indigenous Studies and Ecology","General Health Professions","Health Professions","Health Sciences","Energy Research & Social Science"
"S2764593084","ep","W4310071940","10.1016/j.erss.2022.102888","Small hydropower, large obstacle? Exploring land use conflict, Indigenous opposition and acceptance in the Norwegian Arctic",2022,"article",22,81,2,1,5,7.9583,FALSE,TRUE,"hybrid","Social Acceptance of Renewable Energy","Sociology and Political Science","Social Sciences","Social Sciences","Energy Research & Social Science"
"S2764593084","ep","W4379052599","10.1016/j.erss.2023.103132","What makes Colombia's indigenous peoples adopt microgrids? Social acceptance and financial constraints in renewable energy diffusion",2023,"article",19,63,1,1,1,1.3514,FALSE,TRUE,"hybrid","Energy and Environment Impacts","Pollution","Environmental Science","Physical Sciences","Energy Research & Social Science"
"S2764593084","ep","W4318951687","10.1016/j.erss.2023.102967","Preferences and perceived barriers to pursuing energy sovereignty and renewable energy: A tribal nations perspective",2023,"article",17,98,2,1,5,9.8568,FALSE,FALSE,"closed","Social Acceptance of Renewable Energy","Sociology and Political Science","Social Sciences","Social Sciences","Energy Research & Social Science"
"S2764593084","ep","W4388826357","10.1016/j.erss.2023.103324","Securing energy sovereignty: A review of key barriers and opportunities for energy-producing Native nations in the United States",2023,"review",15,58,1,1,2,2.4708,FALSE,TRUE,"hybrid","Atmospheric and Environmental Gas Dynamics","Global and Planetary Change","Environmental Science","Physical Sciences","Energy Research & Social Science"
"S2764593084","ep","W4393337122","10.1016/j.erss.2024.103491","Energy systems for Brazil's Amazon: Could renewable energy improve Indigenous livelihoods and save forest ecosystems?",2024,"article",14,100,1,2,1,1.9757,FALSE,TRUE,"hybrid","Energy and Environment Impacts","Pollution","Environmental Science","Physical Sciences","Energy Research & Social Science"
"S2764593084","ep","W4285983773","10.1016/j.erss.2022.102711","When the environment is destroyed, you're destroyed: Achieving Indigenous led pipeline justice",2022,"article",13,59,1,1,2,1.3759,FALSE,TRUE,"hybrid","Mining and Resource Management","Building and Construction","Engineering","Physical Sciences","Energy Research & Social Science"
"S2764593084","ep","W4361268901","10.1016/j.erss.2023.103049","Disconnected during disruption: Energy insecurity of Indigenous Australian prepay customers during the COVID-19 pandemic",2023,"article",10,28,1,1,9,0.7517,FALSE,TRUE,"hybrid","Energy and Environment Impacts","Pollution","Environmental Science","Physical Sciences","Energy Research & Social Science"
"S2764593084","ep","W4399122878","10.1016/j.erss.2024.103593","A just energy transition for Indigenous peoples: From ideal deliberation to fairness in Canada and Australia",2024,"article",10,55,1,1,2,11.681,FALSE,TRUE,"hybrid","Environmental Justice and Health Disparities","Sociology and Political Science","Social Sciences","Social Sciences","Energy Research & Social Science"
"S2764593084","ep","W4402301099","10.1016/j.erss.2024.103739","Is ‘eliminating’ remote diesel-generation just? Inuit energy, power, and resistance in off-grid communities of NunatuKavut",2024,"article",7,90,2,1,7,6.2708,FALSE,TRUE,"hybrid","Indigenous Studies and Ecology","General Health Professions","Health Professions","Health Sciences","Energy Research & Social Science"
"S2764593084","ep","W4406697856","10.1016/j.erss.2025.103928","Enabling Indigenous-centred decision-making for a just energy transition? Lessons from community consultation and consent in the circumpolar Arctic",2025,"article",7,127,2,4,5,21.0531,FALSE,TRUE,"hybrid","Indigenous Studies and Ecology","General Health Professions","Health Professions","Health Sciences","Energy Research & Social Science"
"S2764593084","ep","W4410468078","10.1016/j.erss.2025.104097","Mineral extraction on Indigenous land: employing a relational approach to navigate the convergence of Indigenous and other ontologies and practices",2025,"article",4,104,1,2,1,4.151,FALSE,TRUE,"hybrid","Mining and Resource Management","Building and Construction","Engineering","Physical Sciences","Energy Research & Social Science"
"S2764593084","ep","W602726629","10.1016/j.erss.2015.05.006","Energy for whom? Uranium mining, Indigenous people, and navigating risk and rights in Australia",2015,"article",19,118,1,1,1,1.5125,FALSE,FALSE,"closed","Mining and Resource Management","Building and Construction","Engineering","Physical Sciences","Energy Research & Social Science"
"S2764593084","ep","W2297353494","10.1016/j.erss.2016.03.003","Lessons from the Arctic past: The resource cycle, hydro energy development, and the human geography of Jokkmokk, Sweden",2016,"article",18,41,1,2,4,4.9406,FALSE,FALSE,"closed","Indigenous Studies and Ecology","General Health Professions","Health Professions","Health Sciences","Energy Research & Social Science"
"S2764593084","ep","W3087106747","10.1016/j.erss.2020.101776","The gendered politics of rural electrification: Education, indigenous communities, and impacts for the Venezuelan Guajira",2020,"article",16,33,2,2,3,0.467,FALSE,TRUE,"green","Energy and Environment Impacts","Pollution","Environmental Science","Physical Sciences","Energy Research & Social Science"
"S2764593084","ep","W3177585191","10.1016/j.erss.2021.102132","The great equalizer: Inequality in tribal energy access and policies to address it",2021,"article",11,64,2,1,4,0.3584,FALSE,TRUE,"gold","Energy and Environment Impacts","Pollution","Environmental Science","Physical Sciences","Energy Research & Social Science"
"S2764593084","ep","W4396215844","10.1016/j.erss.2024.103561","Decarbonization, critical minerals, and tribal sovereignty: Pathways towards conflict transformation",2024,"article",7,25,1,1,3,1.9474,FALSE,TRUE,"hybrid","Mining and Resource Management","Building and Construction","Engineering","Physical Sciences","Energy Research & Social Science"
"S2764593084","ep","W2800814389","10.1016/j.erss.2018.05.004","Energy, Anthropology and Ethnography: On the Challenges of Studying Unconventional Gas Developments in Australia",2018,"article",13,104,1,1,2,2.9681,FALSE,FALSE,"closed","Indigenous Studies and Ecology","General Health Professions","Health Professions","Health Sciences","Energy Research & Social Science"
"S2764593084","ep","W3148679663","10.1016/j.erss.2021.102015","Of social movements, human rights and electricity access: Exploring an indigenous civil resistance in Chiapas, Mexico",2021,"article",10,92,2,1,2,0.4096,FALSE,TRUE,"green","Energy and Environment Impacts","Pollution","Environmental Science","Physical Sciences","Energy Research & Social Science"
"S2764593084","ep","W4410211790","10.1016/j.erss.2025.104117","An Indigenous perspective on climate engineering",2025,"article",2,48,1,1,3,2.352,FALSE,TRUE,"hybrid","Climate Change and Geoengineering","Global and Planetary Change","Environmental Science","Physical Sciences","Energy Research & Social Science"
"S2764593084","ep","W4406704115","10.1016/j.erss.2025.103934","Beyond money: A social burden framework to enhance resilience valuation for tribal communities in the United States",2025,"article",0,30,3,2,6,0,FALSE,TRUE,"hybrid","Agricultural risk and resilience","Soil Science","Agricultural and Biological Sciences","Life Sciences","Energy Research & Social Science"
"S167829764","ep","W2501602237","10.1016/j.eiar.2016.06.009","Proponent-Indigenous agreements and the implementation of the right to free, prior, and informed consent in Canada",2016,"article",157,33,1,1,2,10.6718,FALSE,FALSE,"closed","Mining and Resource Management","Building and Construction","Engineering","Physical Sciences","Environmental Impact Assessment Review"
"S167829764","ep","W2089326329","10.1016/j.eiar.2014.01.005","Improving the effectiveness of impact assessment pertaining to Indigenous peoples in the Brazilian environmental licensing procedure",2014,"article",101,96,2,3,4,50.2691,FALSE,TRUE,"green","Environmental and Social Impact Assessments","Management, Monitoring, Policy and Law","Environmental Science","Physical Sciences","Environmental Impact Assessment Review"
"S167829764","ep","W2892562171","10.1016/j.eiar.2018.09.002","Moving from reactive to proactive development planning to conserve Indigenous community and biodiversity values",2018,"article",58,75,1,2,14,12.969,FALSE,FALSE,"closed","Environmental and Social Impact Assessments","Management, Monitoring, Policy and Law","Environmental Science","Physical Sciences","Environmental Impact Assessment Review"
"S167829764","ep","W3115658716","10.1016/j.eiar.2020.106541","Enhancing Indigenous impact assessment: Lessons from Indigenous planning theory",2020,"article",45,49,2,1,2,8.9333,FALSE,FALSE,"closed","Environmental and Social Impact Assessments","Management, Monitoring, Policy and Law","Environmental Science","Physical Sciences","Environmental Impact Assessment Review"
"S167829764","ep","W4214809712","10.1016/j.eiar.2022.106764","Consequences and implications of British Columbia's failed cumulative effects assessment and management framework for Indigenous peoples",2022,"article",22,80,1,1,1,6.3243,FALSE,FALSE,"closed","Environmental and Social Impact Assessments","Management, Monitoring, Policy and Law","Environmental Science","Physical Sciences","Environmental Impact Assessment Review"
"S167829764","ep","W4312221546","10.1016/j.eiar.2022.107025","From ‘stakeholders’ to rights holders: How approaches to impact assessment affect indigenous participation in the Yukon Territory, Canada",2022,"article",20,56,1,1,3,5.4621,FALSE,FALSE,"closed","Environmental and Social Impact Assessments","Management, Monitoring, Policy and Law","Environmental Science","Physical Sciences","Environmental Impact Assessment Review"
"S167829764","ep","W4396570707","10.1016/j.eiar.2024.107519","A new model for selecting valued components in environmental assessment: Lessons from an Indigenous-led cumulative effects management program",2024,"article",10,54,1,2,3,7.3396,FALSE,TRUE,"hybrid","Environmental and Social Impact Assessments","Management, Monitoring, Policy and Law","Environmental Science","Physical Sciences","Environmental Impact Assessment Review"
"S167829764","ep","W4413773078","10.1016/j.eiar.2025.108143","Incorporating Indigenous perspectives: an impact assessment of renewable energy development on wildlife conservation",2025,"article",1,59,1,2,4,4.4541,FALSE,FALSE,"closed","Social Acceptance of Renewable Energy","Sociology and Political Science","Social Sciences","Social Sciences","Environmental Impact Assessment Review"
"S167829764","ep","W2043713817","10.1016/j.eiar.2010.02.003","Indigenous community based participatory research and health impact assessment: A Canadian example",2010,"article",51,16,1,1,1,2.9546,FALSE,FALSE,"closed","Indigenous Studies and Ecology","General Health Professions","Health Professions","Health Sciences","Environmental Impact Assessment Review"
"S167829764","ep","W1969766186","10.1016/0195-9255(90)90018-u","Community social impact assessment: A framework for indigenous peoples",1990,"article",36,8,1,1,1,2.96554797,FALSE,FALSE,"closed","Indigenous Health, Education, and Rights","Health","Social Sciences","Social Sciences","Environmental Impact Assessment Review"
"S167829764","ep","W2053265807","10.1016/0195-9255(90)90003-i","Anthropology and impact assessment: Development pressures and indigenous interests in Australia",1990,"article",36,11,1,1,1,10.5936,FALSE,FALSE,"closed","Mining and Resource Management","Building and Construction","Engineering","Physical Sciences","Environmental Impact Assessment Review"
"S167829764","ep","W4412461461","10.1016/j.eiar.2025.108071","What does it take to stop a mine? Indigenous interventions and project rejection in Nunavut, Canada",2025,"article",0,39,1,1,2,0,FALSE,TRUE,"hybrid","Mining and Resource Management","Building and Construction","Engineering","Physical Sciences","Environmental Impact Assessment Review"
"S113876312","ep","W4220807817","10.1080/14693062.2022.2047585","Toward Indigenous visions of nature-based solutions: an exploration into Canadian federal climate policy",2022,"article",79,56,2,1,7,20.9963,FALSE,TRUE,"bronze","Indigenous Studies and Ecology","General Health Professions","Health Professions","Health Sciences","Climate Policy"
"S113876312","ep","W4400002966","10.1080/14693062.2024.2362845","An Indigenous climate justice policy analysis tool",2024,"article",13,86,2,1,3,15.1494,FALSE,TRUE,"bronze","Climate Change, Adaptation, Migration","Sociology and Political Science","Social Sciences","Social Sciences","Climate Policy"
"S113876312","ep","W4387025442","10.1080/14693062.2023.2262416","Are the rights and knowledge of indigenous peoples and local communities being attended to by climate framework laws?",2023,"article",0,49,2,2,2,0,FALSE,TRUE,"hybrid","Sustainability and Climate Change Governance","Global and Planetary Change","Environmental Science","Physical Sciences","Climate Policy"
"S56205983","ep","W2036594688","10.1016/j.marpol.2014.12.015","Dose of truth—Monitoring marine non-indigenous species to serve legislative requirements",2015,"article",162,88,2,9,10,11.4696,FALSE,FALSE,"closed","Marine Ecology and Invasive Species","Global and Planetary Change","Environmental Science","Physical Sciences","Marine Policy"
"S56205983","ep","W3033762036","10.1016/j.marpol.2020.104039","Considering Indigenous Peoples and local communities in governance of the global ocean commons",2020,"article",133,156,1,4,11,11.3656,FALSE,TRUE,"hybrid","Marine animal studies overview","Ecology","Environmental Science","Physical Sciences","Marine Policy"
"S56205983","ep","W2767374132","10.1016/j.marpol.2017.10.020","Indigenous peoples' rights and marine protected areas",2017,"article",129,33,1,1,2,4.948,FALSE,FALSE,"closed","Coral and Marine Ecosystems Studies","Ecology","Environmental Science","Physical Sciences","Marine Policy"
"S56205983","ep","W2767644474","10.1016/j.marpol.2017.10.023","Coastal and Indigenous community access to marine resources and the ocean: A policy imperative for Canada",2017,"article",115,73,2,1,27,27.2176,FALSE,FALSE,"closed","Coastal and Marine Management","Management, Monitoring, Policy and Law","Environmental Science","Physical Sciences","Marine Policy"
"S56205983","ep","W2066346804","10.1016/j.marpol.2014.11.002","Rights and ownership in sea country: implications of marine renewable energy for indigenous and local communities",2014,"article",80,42,2,3,4,11.9503,FALSE,FALSE,"closed","Arctic and Russian Policy Studies","Sociology and Political Science","Social Sciences","Social Sciences","Marine Policy"
"S56205983","ep","W1934704828","10.1016/j.marpol.2015.09.008","Building an indigenous evidence-base for tribally-led habitat conservation policies",2015,"article",54,76,1,1,6,4.8754,FALSE,FALSE,"closed","Marine animal studies overview","Ecology","Environmental Science","Physical Sciences","Marine Policy"
"S56205983","ep","W2054087687","10.1016/s0308-597x(02)00007-6","Enhanced fit through institutional interplay in the Pacific Northwest Salmon co-management regime",2002,"article",40,12,1,1,1,3.3496,FALSE,FALSE,"closed","Indigenous Studies and Ecology","General Health Professions","Health Professions","Health Sciences","Marine Policy"
"S56205983","ep","W3033092044","10.1016/j.marpol.2020.103971","The Nuxalk Sputc (Eulachon) Project: Strengthening Indigenous management authority through community-driven research",2020,"article",29,122,2,2,5,4.2771,FALSE,TRUE,"hybrid","Indigenous Studies and Ecology","General Health Professions","Health Professions","Health Sciences","Marine Policy"
"S56205983","ep","W1968520852","10.1016/j.marpol.2015.03.028","Indigenous knowledge in the beach seine fisheries in Sri Lanka: An indispensable factor in community-based fisheries management",2015,"article",28,31,1,1,3,5.5557,FALSE,FALSE,"closed","Fish Biology and Ecology Studies","Aquatic Science","Agricultural and Biological Sciences","Life Sciences","Marine Policy"
"S56205983","ep","W2051446596","10.1016/j.marpol.2010.10.019","Marine mammal co-management in Canada’s Arctic: Knowledge co-production for learning and adaptive capacity",2010,"article",102,56,1,1,2,7.6819,FALSE,FALSE,"closed","Indigenous Studies and Ecology","General Health Professions","Health Professions","Health Sciences","Marine Policy"
"S56205983","ep","W2171675958","10.1016/s0308-597x(01)00014-8","The challenge and the promise of indigenous peoples’ fishing rights—from dependency to agency",2001,"article",88,16,1,2,2,4.6831,FALSE,FALSE,"closed","Indigenous Studies and Ecology","General Health Professions","Health Professions","Health Sciences","Marine Policy"
"S56205983","ep","W2058658712","10.1016/s0308-597x(00)00032-4","New Zealand's indigenous people and their claims to fisheries resources",2001,"article",70,13,1,1,1,4.4844,FALSE,FALSE,"closed","Island Studies and Pacific Affairs","Demography","Social Sciences","Social Sciences","Marine Policy"
"S56205983","ep","W2065438082","10.1016/j.marpol.2014.11.019","Fisheries privatization, social transitions, and well-being in Kodiak, Alaska",2015,"article",66,46,1,1,1,12.9523,FALSE,FALSE,"closed","Indigenous Studies and Ecology","General Health Professions","Health Professions","Health Sciences","Marine Policy"
"S56205983","ep","W2034532610","10.1016/j.marpol.2006.12.010","Subsistence in coastal fisheries policy: What's in a word?",2007,"article",63,54,2,1,2,6.0691,FALSE,TRUE,"green","Indigenous Studies and Ecology","General Health Professions","Health Professions","Health Sciences","Marine Policy"
"S56205983","ep","W2576337743","10.1016/j.marpol.2016.12.024","The incorporation of traditional knowledge into Alaska federal fisheries management",2017,"article",57,69,1,1,3,9.5357,FALSE,TRUE,"hybrid","Indigenous Studies and Ecology","General Health Professions","Health Professions","Health Sciences","Marine Policy"
"S56205983","ep","W2092768221","10.1016/j.marpol.2012.04.001","A Bayesian model of factors influencing indigenous participation in the Torres Strait tropical rocklobster fishery",2012,"article",56,64,2,2,9,5.4934,FALSE,FALSE,"closed","Coral and Marine Ecosystems Studies","Ecology","Environmental Science","Physical Sciences","Marine Policy"
"S56205983","ep","W2980249276","10.1016/j.marpol.2019.103701","Drawing on indigenous governance and stewardship to build resilient coastal fisheries: People and abalone along Canada's northwest coast",2019,"article",51,144,1,1,6,8.8834,FALSE,FALSE,"closed","Indigenous Studies and Ecology","General Health Professions","Health Professions","Health Sciences","Marine Policy"
"S56205983","ep","W2987265643","10.1016/j.marpol.2019.103722","Navigating towards marine co-management with Indigenous communities on-board the Waka-Taurua",2019,"article",50,16,2,2,5,9.6557,FALSE,TRUE,"green","Indigenous Studies and Ecology","General Health Professions","Health Professions","Health Sciences","Marine Policy"
"S56205983","ep","W2520203697","10.1016/j.marpol.2016.09.007","Recommendations for marine herring policy change in Canada: Aligning with Indigenous legal and inherent rights",2016,"article",43,22,1,1,4,14.8219,FALSE,FALSE,"closed","Indigenous Studies and Ecology","General Health Professions","Health Professions","Health Sciences","Marine Policy"
"S56205983","ep","W2943975915","10.1016/j.marpol.2019.04.014","The Marine Plan Partnership: Indigenous community-based marine spatial planning",2019,"article",43,30,1,1,6,8.6637,FALSE,FALSE,"closed","Coastal and Marine Management","Management, Monitoring, Policy and Law","Environmental Science","Physical Sciences","Marine Policy"
"S56205983","ep","W2894761947","10.1016/j.marpol.2018.09.009","For generations to come? The privatization paradigm and shifting social baselines in Kodiak, Alaska's commercial fisheries",2018,"article",41,27,2,1,5,8.056,FALSE,TRUE,"hybrid","Indigenous Studies and Ecology","General Health Professions","Health Professions","Health Sciences","Marine Policy"
"S56205983","ep","W2891800617","10.1016/j.marpol.2018.08.028","An Indigenous approach to ocean planning and policy in the Bering Strait region of Alaska",2018,"article",37,48,1,1,2,4.2401,FALSE,TRUE,"hybrid","Indigenous Studies and Ecology","General Health Professions","Health Professions","Health Sciences","Marine Policy"
"S56205983","ep","W3004871421","10.1016/j.marpol.2020.103846","Genderizing fisheries: Assessing over thirty years of women's participation in Alaska fisheries",2020,"article",32,96,1,1,1,5.3463,FALSE,FALSE,"closed","Indigenous Studies and Ecology","General Health Professions","Health Professions","Health Sciences","Marine Policy"
"S56205983","ep","W3016239943","10.1016/j.marpol.2020.103966","Kin, community, and diverse rural economies: Rethinking resource governance for Alaska rural fisheries",2020,"article",30,75,2,1,5,5.079,TRUE,TRUE,"hybrid","Indigenous Studies and Ecology","General Health Professions","Health Professions","Health Sciences","Marine Policy"
"S56205983","ep","W4381988349","10.1016/j.marpol.2023.105582","Connecting conservation &amp; culture: The importance of Indigenous Knowledge in conservation decision-making and resource management of migratory marine species",2023,"article",23,86,2,2,8,5.8823,FALSE,TRUE,"hybrid","Marine animal studies overview","Ecology","Environmental Science","Physical Sciences","Marine Policy"
"S56205983","ep","W3115755876","10.1016/j.marpol.2020.104386","Comparing the Marine Protected Area Network Planning Process in British Columbia, Canada and New Zealand – Planning for cooperative partnerships with Indigenous communities",2020,"article",22,41,1,1,4,2.5257,FALSE,FALSE,"closed","Coral and Marine Ecosystems Studies","Ecology","Environmental Science","Physical Sciences","Marine Policy"
"S56205983","ep","W4309196188","10.1016/j.marpol.2022.105384","Enabling Indigenous innovations to re-centre social licence to operate in the Blue Economy",2022,"article",22,68,2,2,3,2.2226,FALSE,TRUE,"hybrid","Mining and Resource Management","Building and Construction","Engineering","Physical Sciences","Marine Policy"
"S56205983","ep","W4229067344","10.1016/j.marpol.2022.105071","“Just because you have a land claim, that doesn’t mean everything’s going to fall in place”: An Inuit social struggle for fishery access and well-being",2022,"article",19,31,1,2,6,5.1813,TRUE,TRUE,"hybrid","Indigenous Studies and Ecology","General Health Professions","Health Professions","Health Sciences","Marine Policy"
"S56205983","ep","W3156854207","10.1016/j.marpol.2021.104520","Differences and similarities between Indigenous and conventional marine conservation planning: The case of the Songhees Nation, Canada",2021,"article",13,120,1,1,6,1.817,FALSE,FALSE,"closed","Coral and Marine Ecosystems Studies","Ecology","Environmental Science","Physical Sciences","Marine Policy"
"S56205983","ep","W4409292572","10.1016/j.marpol.2025.106705","Getting our sea back: Indigenous governance and biocultural conservation of coastal and marine commons",2025,"article",3,59,2,2,3,7.464,FALSE,TRUE,"hybrid","Coastal and Marine Management","Management, Monitoring, Policy and Law","Environmental Science","Physical Sciences","Marine Policy"
"S56205983","ep","W2064441428","10.1016/j.marpol.2010.10.021","Adaptive governance and the human dimensions of marine mammal management: Implications for policy in a changing North",2010,"article",34,56,1,3,5,2.55285939,FALSE,FALSE,"closed","Indigenous Studies and Ecology","General Health Professions","Health Professions","Health Sciences","Marine Policy"
"S56205983","ep","W3047612394","10.1016/j.marpol.2020.104150","Empowering small-scale, community-based fisheries through a food systems framework",2020,"article",29,46,1,1,8,4.8117,FALSE,FALSE,"closed","Indigenous Studies and Ecology","General Health Professions","Health Professions","Health Sciences","Marine Policy"
"S56205983","ep","W2345638905","10.1016/j.marpol.2016.04.032","Development of an integrated fisheries co-management framework for new and emerging commercial fisheries in the Canadian Beaufort Sea",2016,"article",26,32,1,0,3,4.9406,FALSE,TRUE,"hybrid","Indigenous Studies and Ecology","General Health Professions","Health Professions","Health Sciences","Marine Policy"
"S56205983","ep","W2765561605","10.1016/j.marpol.2017.09.015","Determining the degree of 'small-scaleness' using fisheries in British Columbia as an example",2017,"article",25,43,1,1,2,4.7676,FALSE,FALSE,"closed","Indigenous Studies and Ecology","General Health Professions","Health Professions","Health Sciences","Marine Policy"
"S56205983","ep","W2293958697","10.1016/j.marpol.2016.02.020","Creeping in? Neoliberalism, indigenous realities and tropical rock lobster (kaiar) management in Torres Strait, Australia",2016,"article",20,136,1,1,1,2.3108,FALSE,FALSE,"closed","Indigenous Health, Education, and Rights","Health","Social Sciences","Social Sciences","Marine Policy"
"S56205983","ep","W4282831929","10.1016/j.marpol.2022.105172","This is no longer a Bristol Bay Fishery”: Fisheries dispossession and colonial violence in Bristol Bay, Alaska",2022,"article",8,76,1,0,1,2.1814,FALSE,FALSE,"closed","Indigenous Studies and Ecology","General Health Professions","Health Professions","Health Sciences","Marine Policy"
"S56205983","ep","W2556847956","10.1016/j.marpol.2016.10.020","Diversity in narratives to green the Norwegian salmon farming industry",2016,"article",15,57,2,1,2,3.0879,FALSE,TRUE,"green","Indigenous Studies and Ecology","General Health Professions","Health Professions","Health Sciences","Marine Policy"
"S56205983","ep","W2947682516","10.1016/j.marpol.2019.103560","Alaska's community development quota program: A complex institution affecting rural communities in disparate ways",2019,"article",7,34,1,1,3,1.1587,FALSE,FALSE,"closed","Indigenous Studies and Ecology","General Health Professions","Health Professions","Health Sciences","Marine Policy"
"S56205983","ep","W3135104585","10.1016/j.marpol.2021.104423","Normative beliefs and economic life: A case study of the fishing industry in two communities in rural newfoundland",2021,"article",6,36,1,1,1,1.427,FALSE,FALSE,"closed","Indigenous Studies and Ecology","General Health Professions","Health Professions","Health Sciences","Marine Policy"
"S56205983","ep","W3007517341","10.1016/j.marpol.2020.103882","How cybernetics explains institutional failure: A case of Greenland's open-air fish markets",2020,"article",4,55,1,3,3,1.0693,FALSE,FALSE,"closed","Indigenous Studies and Ecology","General Health Professions","Health Professions","Health Sciences","Marine Policy"
"S56205983","ep","W4391906484","10.1016/j.marpol.2024.106027","Monitoring of non-indigenous marine species for legislative and policy goals in the UK",2024,"article",2,94,1,1,9,0.5979,FALSE,TRUE,"hybrid","Marine Ecology and Invasive Species","Global and Planetary Change","Environmental Science","Physical Sciences","Marine Policy"
"S56205983","ep","W4399313065","10.1016/j.marpol.2024.106223","Challenges and opportunities for Mi’kmaq Aboriginal and treaty rights to fish in Nova Scotia, Canada",2024,"article",2,39,1,1,2,1.7964,FALSE,TRUE,"hybrid","Indigenous Studies and Ecology","General Health Professions","Health Professions","Health Sciences","Marine Policy"
"S56205983","ep","W4401227427","10.1016/j.marpol.2024.106323","Rural is not a proxy: Accounting for Indigenous participation in Bristol Bay salmon fisheries",2024,"article",2,23,1,2,2,1.7964,FALSE,FALSE,"closed","Indigenous Studies and Ecology","General Health Professions","Health Professions","Health Sciences","Marine Policy"
"S56205983","ep","W4402878394","10.1016/j.marpol.2024.106408","Food security policy and coastal climate adaptation among Indigenous and Local Communities",2024,"article",2,66,1,1,5,2.3307,FALSE,FALSE,"closed","Climate Change, Adaptation, Migration","Sociology and Political Science","Social Sciences","Social Sciences","Marine Policy"
"S56205983","ep","W4407165862","10.1016/j.marpol.2025.106600","Race, Indigenous knowledge, and a relational alternative in fisheries policy research",2025,"article",2,119,1,1,1,6.0152,FALSE,TRUE,"hybrid","Indigenous Studies and Ecology","General Health Professions","Health Professions","Health Sciences","Marine Policy"
"S56205983","ep","W2770463216","10.1016/j.marpol.2017.11.015","The financial reporting of the National Fisheries Corporation of Tuvalu: The case for alternative indigenous reporting mechanisms",2017,"article",3,53,2,1,1,1.9253,FALSE,FALSE,"closed","Island Studies and Pacific Affairs","Demography","Social Sciences","Social Sciences","Marine Policy"
"S56205983","ep","W4412750811","10.1016/j.marpol.2025.106852","A generic marine protected area model, challenged by indigenous peoples and local communities: How can the model be adapted or reinvented?",2025,"article",0,67,2,2,3,0,FALSE,TRUE,"hybrid","Coral and Marine Ecosystems Studies","Ecology","Environmental Science","Physical Sciences","Marine Policy"
"S153840704","ep","W2991188284","10.1016/j.cosust.2019.10.010","Making room and moving over: knowledge co-production, Indigenous knowledge sovereignty and the politics of global environmental change decision-making",2019,"article",455,95,1,1,2,53.3003,FALSE,FALSE,"closed","Indigenous Studies and Ecology","General Health Professions","Health Professions","Health Sciences","Current Opinion in Environmental Sustainability"
"S153840704","ep","W2999751453","10.1016/j.cosust.2019.12.006","Working with Indigenous, local and scientific knowledge in assessments of nature and nature’s linkages with people",2020,"article",343,95,5,19,32,20.9229,FALSE,TRUE,"hybrid","Conservation, Biodiversity, and Resource Management","Global and Planetary Change","Environmental Science","Physical Sciences","Current Opinion in Environmental Sustainability"
"S153840704","ep","W3011693008","10.1016/j.cosust.2020.01.007","Indigenous environmental justice and sustainability",2020,"article",272,69,1,1,3,52.3185,FALSE,TRUE,"hybrid","Environmental Justice and Health Disparities","Sociology and Political Science","Social Sciences","Social Sciences","Current Opinion in Environmental Sustainability"
"S153840704","ep","W2548467138","10.1016/j.cosust.2016.07.001","Alternative approaches to co-design: insights from indigenous/academic research collaborations",2016,"article",116,57,2,2,3,12.9691,FALSE,FALSE,"closed","Indigenous Studies and Ecology","General Health Professions","Health Professions","Health Sciences","Current Opinion in Environmental Sustainability"
"S153840704","ep","W3137135400","10.1016/j.cosust.2021.03.002","Global patterns of adaptation to climate change by Indigenous Peoples and local communities. A systematic review",2021,"review",96,64,6,2,8,23.7329,FALSE,TRUE,"hybrid","Climate change impacts on agriculture","Ecology, Evolution, Behavior and Systematics","Agricultural and Biological Sciences","Life Sciences","Current Opinion in Environmental Sustainability"
"S153840704","ep","W4361222966","10.1016/j.cosust.2023.101276","The sustainability assessment of Indigenous and local knowledge-based climate adaptation responses in agricultural and aquatic food systems",2023,"article",36,100,2,2,2,22.4717,FALSE,TRUE,"green","Climate change impacts on agriculture","Ecology, Evolution, Behavior and Systematics","Agricultural and Biological Sciences","Life Sciences","Current Opinion in Environmental Sustainability"
"S153840704","ep","W1211350960","10.1016/j.cosust.2015.07.017","The sustainability challenges of indigenous territories in Brazil's Amazonia",2015,"article",62,50,3,1,1,2.3895,FALSE,TRUE,"green","Conservation, Biodiversity, and Resource Management","Global and Planetary Change","Environmental Science","Physical Sciences","Current Opinion in Environmental Sustainability"
"S153840704","ep","W2901440338","10.1016/j.cosust.2018.10.017","Listening to relational values in the era of rapid environmental change in the Inuit Nunangat",2018,"article",58,58,1,1,1,10.176,FALSE,FALSE,"closed","Indigenous Studies and Ecology","General Health Professions","Health Professions","Health Sciences","Current Opinion in Environmental Sustainability"
"S153840704","ep","W3209381264","10.1016/j.cosust.2021.10.001","The influence of indigenous peoples in global climate governance",2021,"article",23,78,3,1,1,4.2808,FALSE,TRUE,"green","Indigenous Studies and Ecology","General Health Professions","Health Professions","Health Sciences","Current Opinion in Environmental Sustainability"
"S153840704","ep","W4389158521","10.1016/j.cosust.2023.101389","Harnessing indigenous knowledge and practices for effective adaptation in the Sahel",2023,"article",13,66,2,1,3,8.1019,FALSE,TRUE,"hybrid","Climate change impacts on agriculture","Ecology, Evolution, Behavior and Systematics","Agricultural and Biological Sciences","Life Sciences","Current Opinion in Environmental Sustainability"
"S200872515","ep","W2737151197","10.1016/j.jeem.2017.07.008","Indigenous land rights and deforestation: Evidence from the Brazilian Amazon",2017,"article",117,39,1,2,4,5.6428,FALSE,FALSE,"closed","Conservation, Biodiversity, and Resource Management","Global and Planetary Change","Environmental Science","Physical Sciences","Journal of Environmental Economics and Management"
"S92470662","ep","W2095219137","10.1080/09640561003722343","Traditional knowledge and biocultural diversity: learning from tribal communities for sustainable development in northeast India",2010,"article",111,32,3,2,3,23.6471,FALSE,FALSE,"closed","Agriculture, Land Use, Rural Development","General Agricultural and Biological Sciences","Agricultural and Biological Sciences","Life Sciences","Journal of Environmental Planning and Management"
"S92470662","ep","W4376874716","10.1080/09640568.2023.2211732","Energy justice and deliberative democratisation: reflection on indigenous territory governance in Taiwan",2023,"article",10,41,2,1,1,12.4366,FALSE,FALSE,"closed","Water Governance and Infrastructure","Political Science and International Relations","Social Sciences","Social Sciences","Journal of Environmental Planning and Management"
"S92470662","ep","W2796312363","10.1080/09640568.2017.1409197","The consequences of avoiding conflict: lessons from conservation planning for Europe's last wild reindeer",2018,"article",6,34,2,1,3,2.12,FALSE,FALSE,"closed","Indigenous Studies and Ecology","General Health Professions","Health Professions","Health Sciences","Journal of Environmental Planning and Management"
"S5491134","ep","W3183500586","10.1146/annurev-environ-012220-012127","Locally Based, Regionally Manifested, and Globally Relevant: Indigenous and Local Knowledge, Values, and Practices for Nature",2021,"article",307,153,3,7,12,19.4852,FALSE,TRUE,"diamond","Conservation, Biodiversity, and Resource Management","Global and Planetary Change","Environmental Science","Physical Sciences","Annual Review of Environment and Resources"
"S184363771","ep","W4411683288","10.1177/0958305x251343062","A new integrated MTEF analysis of a standalone hybrid renewable energy system applied to tribal residential schools and hostels in Tamil Nadu State, India with the impact of multiple tracking and loading including the scope of job creation factor",2025,"article",0,70,1,2,4,0,FALSE,FALSE,"closed","Hybrid Renewable Energy Systems","Energy Engineering and Power Technology","Energy","Physical Sciences","Energy & Environment"
"S43379938","ep","W2017627157","10.1080/17565529.2014.998604","Building on indigenous knowledge to strengthen the capacity of smallholder farming communities to adapt to climate change and variability in southern Africa",2015,"article",97,24,1,1,3,5.9275,FALSE,FALSE,"closed","Climate change impacts on agriculture","Ecology, Evolution, Behavior and Systematics","Agricultural and Biological Sciences","Life Sciences","Climate and Development"
"S43379938","ep","W2610830312","10.1080/17565529.2017.1318739","Indigenous coping and adaptation strategies to climate change of local communities in Tanzania: a review",2017,"review",56,103,1,1,1,0.4543,FALSE,FALSE,"closed","Rangeland Management and Livestock Ecology","Management, Monitoring, Policy and Law","Environmental Science","Physical Sciences","Climate and Development"
"S43379938","ep","W3098866323","10.1080/17565529.2020.1831429","Techniques and skills of indigenous weather and seasonal climate forecast in Northern Ghana",2020,"article",53,66,2,1,4,4.5071,FALSE,TRUE,"hybrid","Cognitive Science and Mapping","Artificial Intelligence","Computer Science","Physical Sciences","Climate and Development"
"S43379938","ep","W3110730687","10.1080/17565529.2020.1850409","The role of social institutions in indigenous Andean Pastoralists’ adaptation to climate-related water hazards",2020,"article",22,62,1,1,1,4.6608,FALSE,FALSE,"closed","Rangeland Management and Livestock Ecology","Management, Monitoring, Policy and Law","Environmental Science","Physical Sciences","Climate and Development"
"S43379938","ep","W4384153857","10.1080/17565529.2023.2227158","Indigenous perspectives on climate mobility justice and displacement-mobility-immobility continuum",2023,"article",19,124,1,5,9,11.0164,FALSE,FALSE,"closed","Climate Change, Adaptation, Migration","Sociology and Political Science","Social Sciences","Social Sciences","Climate and Development"
"S43379938","ep","W1978154517","10.1080/17565529.2013.831338","Examining limits and barriers to climate change adaptation in an Indigenous reindeer herding community",2013,"article",45,54,1,1,1,5.851,FALSE,FALSE,"closed","Climate Change, Adaptation, Migration","Sociology and Political Science","Social Sciences","Social Sciences","Climate and Development"
"S43379938","ep","W2087589491","10.1080/17565529.2014.966048","“Blue-ice”: framing climate change and reframing climate change adaptation from the indigenous peoples' perspective in the northern boreal forest of Ontario, Canada",2014,"article",38,46,1,1,3,1.2465,FALSE,FALSE,"closed","Indigenous Studies and Ecology","General Health Professions","Health Professions","Health Sciences","Climate and Development"
"S43379938","ep","W2161550914","10.1080/17565529.2014.951019","Future sea changes: Indigenous women's preferences for adaptation to climate change on South Goulburn Island, Northern Territory (Australia)",2014,"article",37,88,2,1,3,3.1162,FALSE,FALSE,"closed","Indigenous Studies and Ecology","General Health Professions","Health Professions","Health Sciences","Climate and Development"
"S43379938","ep","W3126756278","10.1080/17565529.2020.1862739","WAMPUM Adaptation framework: eastern coastal Tribal Nations and sea level rise impacts on water security",2021,"article",30,67,1,1,1,25.0945,FALSE,TRUE,"bronze","Maritime and Coastal Archaeology","Archeology","Arts and Humanities","Social Sciences","Climate and Development"
"S43379938","ep","W3134819723","10.1080/17565529.2020.1848780","Traditional agricultural knowledge in land management: the potential contributions of ethnographic research to climate change adaptation in India, Bangladesh, Nepal, and Pakistan",2021,"article",19,102,2,2,7,2.8451,FALSE,FALSE,"closed","Indigenous Knowledge Systems and Agriculture","Plant Science","Agricultural and Biological Sciences","Life Sciences","Climate and Development"
"S43379938","ep","W3128218857","10.1080/17565529.2020.1824888","Addressing multi-dimensional injustice in indigenous adaptation: the case of Uganda’s Batwa community",2020,"article",17,55,2,1,3,0.7008,FALSE,FALSE,"closed","Conservation, Biodiversity, and Resource Management","Global and Planetary Change","Environmental Science","Physical Sciences","Climate and Development"
"S43379938","ep","W4400693740","10.1080/17565529.2024.2378027","Land matters: how Indigenous land restitution can inform loss and damage policy and chart a path toward an <i>otherwise</i> climate justice",2024,"article",8,168,1,1,1,10.9385,FALSE,TRUE,"bronze","Agriculture, Land Use, Rural Development","General Agricultural and Biological Sciences","Agricultural and Biological Sciences","Life Sciences","Climate and Development"
"S43379938","ep","W4235553269","10.1080/17565529.2016.1184610","Adaptation to climate change impacts: coping strategies of an indigenous community in Ghana to declining water supply",2016,"article",23,26,1,1,1,0.2403,FALSE,FALSE,"closed","Child Nutrition and Water Access","Nutrition and Dietetics","Nursing","Health Sciences","Climate and Development"
"S43379938","ep","W4401337293","10.1080/17565529.2024.2369608","Epistemic justice as energy justice: reflections from a transnational collaboration on hydropower and Indigenous rights",2024,"article",6,100,1,3,7,7.0086,FALSE,TRUE,"bronze","Environmental Justice and Health Disparities","Sociology and Political Science","Social Sciences","Social Sciences","Climate and Development"
"S43379938","ep","W3214917639","10.1080/17565529.2021.1993627","Special Issue on Indigenous knowledge for water-related climate adaptation",2021,"article",6,28,2,2,2,1.1416,FALSE,TRUE,"bronze","Indigenous Studies and Ecology","General Health Professions","Health Professions","Health Sciences","Climate and Development"
"S20798355","ep","W2151385692","10.1080/15239080500338671","The Tyranny of localism: Indigenous participation in community-based environmental management",2005,"article",145,94,3,2,2,6.1025,FALSE,FALSE,"closed","Indigenous Health, Education, and Rights","Health","Social Sciences","Social Sciences","Journal of Environmental Policy & Planning"
"S114851709","ep","W2079356622","10.1007/s11027-007-9099-0","The value of indigenous knowledge in climate change mitigation and adaptation strategies in the African Sahel",2007,"article",784,33,2,2,3,18.0422,FALSE,FALSE,"closed","Climate change impacts on agriculture","Ecology, Evolution, Behavior and Systematics","Agricultural and Biological Sciences","Life Sciences","Mitigation and Adaptation Strategies for Global Change"
"S114851709","ep","W4390482980","10.1007/s11027-023-10095-0","Incremental and transformational adaptation to climate change among Indigenous Peoples and local communities: a global review",2023,"review",16,117,3,2,4,9.2876,TRUE,TRUE,"hybrid","Climate Change, Adaptation, Migration","Sociology and Political Science","Social Sciences","Social Sciences","Mitigation and Adaptation Strategies for Global Change"
"S114851709","ep","W2074960880","10.1007/s11027-012-9402-6","Community vulnerability to the health effects of climate change among indigenous populations in the Peruvian Amazon: a case study from Panaillo and Nuevo Progreso",2012,"article",81,71,2,3,10,2.1592,FALSE,FALSE,"closed","Climate Change and Health Impacts","Health, Toxicology and Mutagenesis","Environmental Science","Physical Sciences","Mitigation and Adaptation Strategies for Global Change"
"S114851709","ep","W2113292658","10.1007/s11027-008-9159-0","Governance in vulnerability assessment: the role of globalising decision-making networks in determining local vulnerability and adaptive capacity",2008,"article",48,35,2,1,1,6.3253,FALSE,FALSE,"closed","Indigenous Studies and Ecology","General Health Professions","Health Professions","Health Sciences","Mitigation and Adaptation Strategies for Global Change"
"S114851709","ep","W4380028400","10.1007/s11027-023-10063-8","Climate change adaptation trends among Indigenous peoples: a systematic review of the empirical research focus over the last 2 decades",2023,"review",14,147,2,1,3,8.1267,FALSE,FALSE,"closed","Climate Change, Adaptation, Migration","Sociology and Political Science","Social Sciences","Social Sciences","Mitigation and Adaptation Strategies for Global Change"
"S114851709","ep","W4410827828","10.1007/s11027-025-10226-9","Climate change impact assessment on livelihood vulnerability of tribal communities: a systematic review",2025,"review",4,172,2,1,3,13.6342,FALSE,FALSE,"closed","Climate change impacts on agriculture","Ecology, Evolution, Behavior and Systematics","Agricultural and Biological Sciences","Life Sciences","Mitigation and Adaptation Strategies for Global Change"
"S114851709","ep","W1972830607","10.1007/s11027-013-9523-6","A perfect storm? Indigenous rights within a national REDD+ readiness process in Peru",2013,"article",17,24,2,1,1,1.106,FALSE,FALSE,"closed","Conservation, Biodiversity, and Resource Management","Global and Planetary Change","Environmental Science","Physical Sciences","Mitigation and Adaptation Strategies for Global Change"
"S114851709","ep","W4366998311","10.1007/s11027-023-10060-x","From assembly to action: how planning language guides execution in indigenous climate adaptation",2023,"article",2,34,4,1,1,1.2457,TRUE,TRUE,"bronze","Climate change impacts on agriculture","Ecology, Evolution, Behavior and Systematics","Agricultural and Biological Sciences","Life Sciences","Mitigation and Adaptation Strategies for Global Change"
"S114851709","ep","W4405913938","10.1007/s11027-024-10189-3","Lights and shadows of nature-based solutions in the Anthropocene: Perspectives from indigenous narratives in Latin America",2024,"article",0,72,2,3,5,0,FALSE,FALSE,"closed","Environmental and Cultural Studies in Latin America and Beyond","Ecology","Environmental Science","Physical Sciences","Mitigation and Adaptation Strategies for Global Change"
"S2764931408","nais","W2945960184","10.5749/natiindistudj.6.1.0043","“Don't Even Talk to Me if You're Kinya'áanii [Towering House]”: Adopted Clans, Kinship, and “Blood” in Navajo Country",2019,"article",2,42,1,0,2,0.7725,FALSE,FALSE,"closed","Indigenous Studies and Ecology","General Health Professions","Health Professions","Health Sciences","Native American and Indigenous Studies"
