"source_id","source_group","work_id","doi","pmid","mag","title","publication_year","publication_date","type","language","cited_by_count","referenced_works_count","locations_count","countries_distinct_count","institutions_distinct_count","fwci","is_retracted","is_paratext","has_fulltext","oa_is_oa","oa_status","biblio_volume","biblio_issue","biblio_first_page","biblio_last_page","primary_topic","primary_topic_subfield","primary_topic_field","primary_topic_domain","primary_source_display_name","primary_source_type","primary_source_issn_l","created_date","updated_date"
"S13948593","nais","W4416200683","10.1177/11771801251388177",NA,NA,"Transgressing the urban–rural divide alongside newly identifying Indigenous people in South Africa",2025,"2025-11-14","article","en",0,45,1,2,1,NA,FALSE,FALSE,FALSE,FALSE,"closed","22","1","166","174",NA,NA,NA,NA,"AlterNative An International Journal of Indigenous Peoples","journal","1174-1740","2025-11-14T00:00:00","2026-02-22T13:39:03.778224"
"S13948593","nais","W4416997270","10.1177/11771801251388510",NA,NA,"Fijian veitalanoa: an ontological exploration of Oceania oralities through silence",2025,"2025-12-04","article","en",0,26,1,3,5,NA,FALSE,FALSE,FALSE,FALSE,"closed",NA,NA,NA,NA,NA,NA,NA,NA,"AlterNative An International Journal of Indigenous Peoples","journal","1174-1740","2025-12-04T00:00:00","2025-12-05T23:21:25.405358"
"S13948593","nais","W4417351157","10.1177/11771801251392925",NA,NA,"Indigenous women’s health and data sovereignty: imagining an Indigenous research methodology using quantitative methods",2025,"2025-12-15","article","en",0,45,1,1,4,NA,FALSE,FALSE,FALSE,TRUE,"hybrid","22","1","3","13",NA,NA,NA,NA,"AlterNative An International Journal of Indigenous Peoples","journal","1174-1740","2025-12-16T00:00:00","2026-02-22T13:39:03.778224"
"S13948593","nais","W7118546369","10.1177/11771801251398066",NA,NA,"“Operating in the margins”: Pacific researchers’ reflections on positionality in Pacific research",2026,"2026-01-08","article","en",0,34,1,2,14,0,FALSE,FALSE,FALSE,TRUE,"hybrid",NA,NA,NA,NA,"Indigenous Health, Education, and Rights","Health","Social Sciences","Social Sciences","AlterNative An International Journal of Indigenous Peoples","journal","1174-1740","2026-01-08T00:00:00","2026-01-09T23:09:53.351390"
"S13948593","nais","W7126418264","10.1177/11771801251412977",NA,NA,"Supporting Indigenous self-determination through institutional readiness for change: Indigenous cultural safety considerations for research administration from the British Columbia Network Environment for Indigenous Health Research",2026,"2026-01-31","article","en",0,26,1,2,3,0,FALSE,FALSE,FALSE,TRUE,"hybrid","22","1","134","143","Indigenous Health, Education, and Rights","Health","Social Sciences","Social Sciences","AlterNative An International Journal of Indigenous Peoples","journal","1174-1740","2026-02-02T00:00:00","2026-02-22T13:39:03.778224"
"S13948593","nais","W7128062415","10.1177/11771801251405193",NA,NA,"Women, (re)birth and collective wellbeing on Barkindji Kiira",2026,"2026-02-05","article","en",0,54,1,2,11,0,FALSE,FALSE,FALSE,TRUE,"hybrid",NA,NA,NA,NA,"Indigenous Knowledge Systems and Agriculture","Plant Science","Agricultural and Biological Sciences","Life Sciences","AlterNative An International Journal of Indigenous Peoples","journal","1174-1740","2026-02-07T00:00:00","2026-02-07T06:15:42.627816"
"S13948593","nais","W7129001075","10.1177/11771801251413241",NA,NA,"Mahitahi me te Taiao: co-designing in Māori, te Tiriti, transdisciplinary and Aotearoa native forest contexts",2026,"2026-02-16","article","en",0,36,1,1,2,0,FALSE,FALSE,FALSE,TRUE,"hybrid",NA,NA,NA,NA,"Innovative Human-Technology Interaction","Human-Computer Interaction","Computer Science","Physical Sciences","AlterNative An International Journal of Indigenous Peoples","journal","1174-1740","2026-02-17T00:00:00","2026-02-17T06:10:05.244387"
"S2764868871","nais","W2945807759","10.1017/jie.2019.11",NA,"2945807759","‘Wings to Fly’: A Case Study of Supporting Indigenous Student Success through a Whole-of-University Approach – ERRATUM",2019,"2019-06-06","erratum","en",3,32,2,0,4,0.2382879,FALSE,FALSE,TRUE,TRUE,"diamond","48","2","206","206","Indigenous Health, Education, and Rights","Health","Social Sciences","Social Sciences","The Australian Journal of Indigenous Education","journal","1326-0111","2025-10-10T00:00:00","2026-02-05T00:54:17.221276"
"S132538520","nais","W7118831413","10.1080/10361146.2026.2613446",NA,NA,"Migrants and voting behaviour: the case of ethnic Chinese in New Zealand",2026,"2026-01-07","article","en",0,65,1,2,3,0,FALSE,FALSE,FALSE,FALSE,"closed",NA,NA,"1","22","New Zealand Economic and Social Studies","Economics and Econometrics","Economics, Econometrics and Finance","Social Sciences","Australian Journal of Political Science","journal","1036-1146","2026-01-08T00:00:00","2026-01-08T20:10:11.968330"
"S27405227","nais","W2041416797","10.1007/pl00021734",NA,"2041416797","Experimental Exposures of Boreal Toads (Bufo boreas) to a Pathogenic Chytrid Fungus (Batrachochytrium dendrobatidis)",2006,"2006-01-18","article","ceb",196,49,1,2,9,9.6929,FALSE,FALSE,FALSE,FALSE,"closed","3","1","5","21","Amphibian and Reptile Biology","Global and Planetary Change","Environmental Science","Physical Sciences","EcoHealth","journal","1612-9202","2025-10-10T00:00:00","2025-11-06T03:46:38.306776"
"S27405227","nais","W4252323872","10.1007/s10393-005-0006-4",NA,NA,"Experimental Exposures of Boreal Toads (Bufo boreas) to a Pathogenic Chytrid Fungus (Batrachochytrium dendrobatidis)",2005,"2005-02-28","article","ceb",163,43,1,0,9,3.29971518,FALSE,FALSE,FALSE,FALSE,"closed","3","1","5","21","Amphibian and Reptile Biology","Global and Planetary Change","Environmental Science","Physical Sciences","EcoHealth","journal","1612-9202","2025-10-10T00:00:00","2025-11-06T03:46:38.306776"
"S27405227","nais","W1973314014","10.1007/s10393-013-0812-z","23392841","1973314014","Convergence of Ecohealth and One Health",2012,"2012-12-01","editorial","en",136,5,4,1,1,4.833,FALSE,FALSE,TRUE,TRUE,"hybrid","9","4","371","373","Zoonotic diseases and public health","Public Health, Environmental and Occupational Health","Medicine","Health Sciences","EcoHealth","journal","1612-9202","2025-10-10T00:00:00","2026-02-26T08:16:20.718346"
"S27405227","nais","W2015074728","10.1007/s10393-012-0772-8","22777051","2015074728","Mainstreaming One Health",2012,"2012-06-01","editorial","en",109,15,5,4,6,7.8536,FALSE,FALSE,TRUE,TRUE,"hybrid","9","2","107","110","Zoonotic diseases and public health","Public Health, Environmental and Occupational Health","Medicine","Health Sciences","EcoHealth","journal","1612-9202","2025-10-10T00:00:00","2026-02-25T23:00:34.991745"
"S27405227","nais","W2079723628","10.1007/s10393-008-0161-5","18648789","2079723628","Transdisciplinarity in EcoHealth: Status and Future Prospects",2008,"2008-02-28","editorial","en",62,14,2,2,2,2.57941103,FALSE,FALSE,FALSE,FALSE,"closed","5","1","1","3","Climate Change and Health Impacts","Health, Toxicology and Mutagenesis","Environmental Science","Physical Sciences","EcoHealth","journal","1612-9202","2025-10-10T00:00:00","2025-11-06T03:46:38.306776"
"S27405227","nais","W1988926494","10.1007/s10393-011-0732-8","22231862","1988926494","Diversity, Emergence, Resilience: Guides for A New Generation of Ecohealth Research and Practice",2011,"2011-06-01","editorial","en",30,10,2,1,1,2.58085733,FALSE,FALSE,TRUE,TRUE,"hybrid","8","2","137","139","Land Use and Ecosystem Services","Global and Planetary Change","Environmental Science","Physical Sciences","EcoHealth","journal","1612-9202","2025-10-10T00:00:00","2026-01-15T23:16:33.117629"
"S27405227","nais","W2899472878","10.1007/s10393-018-1382-x","30377877","2899472878","Altered Disease Risk from Climate Change",2018,"2018-09-01","editorial","en",7,11,2,1,1,0.68562449,FALSE,FALSE,TRUE,TRUE,"bronze","15","3","693","694","Climate Change and Health Impacts","Health, Toxicology and Mutagenesis","Environmental Science","Physical Sciences","EcoHealth","journal","1612-9202","2025-10-10T00:00:00","2026-01-13T01:12:25.745995"
"S27405227","nais","W4390952698","10.1007/s10393-023-01672-5","38231421",NA,"Correction: Marine Protected Area Expansion and Country-Level Age-Standardized Adult Mortality",2024,"2024-01-17","erratum","en",0,60,4,4,6,0,FALSE,FALSE,TRUE,TRUE,"hybrid","21","1","123","124","Global Maternal and Child Health","Pediatrics, Perinatology and Child Health","Medicine","Health Sciences","EcoHealth","journal","1612-9202","2025-10-10T00:00:00","2026-02-26T08:16:20.718346"
"S96629499","nais","W7125772582","10.1080/01419870.2025.2607604",NA,NA,"Whiteness as property: re-assessing the convergence of race and property in U.S. history",2026,"2026-01-27","article","en",7,22,1,1,2,951.4296,FALSE,FALSE,FALSE,FALSE,"closed",NA,NA,"1","15","Urban, Neighborhood, and Segregation Studies","Sociology and Political Science","Social Sciences","Social Sciences","Ethnic and Racial Studies","journal","0141-9870","2026-01-28T00:00:00","2026-01-28T23:18:48.515280"
"S96629499","nais","W7124504317","10.1080/01419870.2025.2607610",NA,NA,"Attacking affirmative action: William Bennett's post-racial fiction in defense of whiteness as property",2026,"2026-01-16","article","en",3,17,1,1,1,1146.8182,FALSE,FALSE,FALSE,FALSE,"closed",NA,NA,"1","17","Literature: history, themes, analysis","Literature and Literary Theory","Arts and Humanities","Social Sciences","Ethnic and Racial Studies","journal","0141-9870","2026-01-17T00:00:00","2026-01-17T23:15:25.596738"
"S96629499","nais","W7128806966","10.1080/01419870.2026.2624631",NA,NA,"Neither from within nor from without: how states securitize diasporas",2026,"2026-02-13","article","en",1,53,1,4,2,151.4646,FALSE,FALSE,FALSE,TRUE,"hybrid",NA,NA,"1","19","Global Security and Public Health","Sociology and Political Science","Social Sciences","Social Sciences","Ethnic and Racial Studies","journal","0141-9870","2026-02-14T00:00:00","2026-02-15T05:58:04.055770"
"S96629499","nais","W2062535902","10.1080/01419870.2013.734392",NA,"2062535902","Racialization and religion: race, culture and difference in the study of antisemitism and Islamophobia",2012,"2012-11-12","article","en",278,42,1,1,1,NA,FALSE,FALSE,FALSE,FALSE,"closed","36","3","385","398",NA,NA,NA,NA,"Ethnic and Racial Studies","journal","0141-9870","2025-10-10T00:00:00","2026-02-18T08:19:44.376480"
"S96629499","nais","W2884392745","10.1080/01419870.2018.1493211",NA,"2884392745","Race and racial denial in Switzerland",2018,"2018-07-29","article","en",53,39,1,1,1,NA,FALSE,FALSE,FALSE,FALSE,"closed","42","9","1401","1418",NA,NA,NA,NA,"Ethnic and Racial Studies","journal","0141-9870","2025-10-10T00:00:00","2026-02-24T08:05:00.420983"
"S96629499","nais","W4407134793","10.1080/01419870.2024.2446479",NA,NA,"The racism debate in Germany: concepts of anti-racism and matters of solidarity: introduction to the special issue",2025,"2025-02-04","article","en",9,18,1,1,3,NA,FALSE,FALSE,FALSE,FALSE,"closed","48","7","1307","1318",NA,NA,NA,NA,"Ethnic and Racial Studies","journal","0141-9870","2025-10-10T00:00:00","2025-12-22T23:10:17.713674"
"S96629499","nais","W4407626282","10.1080/01419870.2024.2446487",NA,NA,"Policing the surplus crisis, carceral racism and abolitionist resistance in Germany",2025,"2025-02-17","article","en",9,59,1,1,1,NA,FALSE,FALSE,FALSE,FALSE,"closed","48","7","1393","1411",NA,NA,NA,NA,"Ethnic and Racial Studies","journal","0141-9870","2025-10-10T00:00:00","2026-02-12T08:01:53.621143"
"S96629499","nais","W4417245446","10.1080/01419870.2025.2583429",NA,NA,"Towards critical anti-racist praxis in education: interdisciplinary perspectives on studying and doing anti-racism",2025,"2025-12-11","article","en",8,81,1,2,2,NA,FALSE,FALSE,FALSE,FALSE,"closed","49","5","897","911",NA,NA,NA,NA,"Ethnic and Racial Studies","journal","0141-9870","2025-12-11T00:00:00","2026-02-20T06:14:18.993340"
"S96629499","nais","W4396545268","10.1080/01419870.2024.2346199",NA,NA,"Living in a world with(out) racism: everyday reflexivity among older White Dutch",2024,"2024-05-01","article","en",2,60,1,1,2,NA,FALSE,FALSE,FALSE,TRUE,"hybrid","48","5","974","996",NA,NA,NA,NA,"Ethnic and Racial Studies","journal","0141-9870","2025-10-10T00:00:00","2025-12-26T23:08:49.675405"
"S96629499","nais","W4410999247","10.1080/01419870.2025.2508392",NA,NA,"On the limits of antiracism: how antiracist opposition is connected to racism denial in Germany",2025,"2025-06-03","article","en",2,62,1,1,2,NA,FALSE,FALSE,FALSE,FALSE,"closed",NA,NA,"1","19",NA,NA,NA,NA,"Ethnic and Racial Studies","journal","0141-9870","2025-10-10T00:00:00","2026-02-19T08:20:09.288608"
"S96629499","nais","W4416788838","10.1080/01419870.2025.2583432",NA,NA,"Living and teaching from our politicised bodies: reflexive dialogue on anti-racist praxis through pedagogies of love and calling-in",2025,"2025-11-28","article","en",2,33,2,2,2,NA,FALSE,FALSE,FALSE,TRUE,"hybrid","49","5","1076","1093",NA,NA,NA,NA,"Ethnic and Racial Studies","journal","0141-9870","2025-11-28T00:00:00","2026-02-25T08:12:03.925757"
"S96629499","nais","W4417157830","10.1080/01419870.2025.2583438",NA,NA,"Joy as a technology of resistance and freedom: critical insights from racialized scholars in academia",2025,"2025-12-09","article","en",2,45,3,3,5,NA,FALSE,FALSE,FALSE,FALSE,"closed","49","5","1094","1112",NA,NA,NA,NA,"Ethnic and Racial Studies","journal","0141-9870","2025-12-09T00:00:00","2026-02-20T06:14:18.993340"
"S96629499","nais","W4417328786","10.1080/01419870.2025.2583428",NA,NA,"Decolonial hacking of higher education: reflections on the collective relational praxis of building a School of Social Sciences in Belgium",2025,"2025-12-15","article","en",2,36,2,1,3,NA,FALSE,FALSE,FALSE,FALSE,"closed","49","5","1039","1056",NA,NA,NA,NA,"Ethnic and Racial Studies","journal","0141-9870","2025-12-15T00:00:00","2026-02-20T06:14:18.993340"
"S96629499","nais","W4412589286","10.1080/01419870.2025.2529413",NA,NA,"“Don’t complain. Adapt. Be successful”: how highly educated, middle-class Germans of Polish, Turkish, and sub-Saharan African background respond to racism",2025,"2025-07-23","article","en",1,36,1,1,1,NA,FALSE,FALSE,FALSE,TRUE,"hybrid",NA,NA,"1","18",NA,NA,NA,NA,"Ethnic and Racial Studies","journal","0141-9870","2025-10-10T00:00:00","2026-02-19T08:20:09.288608"
"S96629499","nais","W4385706916","10.1080/01419870.2023.2243306",NA,NA,"Nativized exoticism in “el país de todas las sangres”",2023,"2023-08-09","article","es",0,74,1,1,1,0,FALSE,FALSE,FALSE,FALSE,"closed","47","6","1132","1155","Philippine History and Culture","Anthropology","Social Sciences","Social Sciences","Ethnic and Racial Studies","journal","0141-9870","2025-10-10T00:00:00","2025-11-06T03:46:38.306776"
"S96629499","nais","W4406405187","10.1080/01419870.2024.2428816",NA,NA,"Introduction",2025,"2025-01-15","article","en",0,15,1,1,1,NA,FALSE,FALSE,FALSE,TRUE,"bronze","48","3","423","425",NA,NA,NA,NA,"Ethnic and Racial Studies","journal","0141-9870","2025-01-16T00:00:00","2025-12-31T23:11:33.660297"
"S96629499","nais","W4408998256","10.1080/01419870.2025.2481171",NA,NA,"Symposium on Ulrike Bialas's <i>Forever 17</i>",2025,"2025-03-31","article","en",0,6,1,1,1,NA,FALSE,FALSE,FALSE,TRUE,"bronze","48","8","1563","1564",NA,NA,NA,NA,"Ethnic and Racial Studies","journal","0141-9870","2025-10-10T00:00:00","2026-01-01T23:40:50.289205"
"S96629499","nais","W4414012767","10.1080/01419870.2025.2531296",NA,NA,"Introduction",2025,"2025-09-05","article","en",0,19,1,1,1,NA,FALSE,FALSE,FALSE,FALSE,"closed","48","13","2493","2495",NA,NA,NA,NA,"Ethnic and Racial Studies","journal","0141-9870","2025-09-06T00:00:00","2025-11-06T03:46:38.306776"
"S96629499","nais","W4416590392","10.1080/01419870.2025.2586152",NA,NA,"Antiracism I: theories and perspectives",2025,"2025-11-17","article","en",0,23,1,1,1,NA,FALSE,FALSE,FALSE,FALSE,"closed",NA,NA,"1","9",NA,NA,NA,NA,"Ethnic and Racial Studies","journal","0141-9870","2025-11-17T00:00:00","2025-11-28T18:05:26.946773"
"S96629499","nais","W4416715816","10.1080/01419870.2025.2574394",NA,NA,"Antiracist terminology in change: activist perspectives on travelling and locally developed concepts",2025,"2025-11-26","article","en",0,29,1,1,1,NA,FALSE,FALSE,FALSE,TRUE,"hybrid",NA,NA,"1","18",NA,NA,NA,NA,"Ethnic and Racial Studies","journal","0141-9870","2025-11-27T00:00:00","2025-11-28T21:20:28.866805"
"S96629499","nais","W4417430382","10.1080/01419870.2025.2598398",NA,NA,"“ … soul food or Indian food, depending on what spices you chose”: theoretical synergies, mixedness and decolonial approaches to critical mixed race studies",2025,"2025-12-17","article","en",0,59,1,1,1,NA,FALSE,FALSE,FALSE,FALSE,"closed",NA,NA,"1","18",NA,NA,NA,NA,"Ethnic and Racial Studies","journal","0141-9870","2025-12-17T00:00:00","2025-12-19T00:32:22.182498"
"S96629499","nais","W7118366737","10.1080/01419870.2025.2608274",NA,NA,"Assimilationism and the denial of everyday racism",2026,"2026-01-08","article","en",0,44,1,1,2,0,FALSE,FALSE,FALSE,FALSE,"closed",NA,NA,"1","18","Interdisciplinary Cultural and Social Studies","Sociology and Political Science","Social Sciences","Social Sciences","Ethnic and Racial Studies","journal","0141-9870","2026-01-08T00:00:00","2026-01-09T23:09:53.351390"
"S96629499","nais","W7119476711","10.1080/01419870.2025.2601839",NA,NA,"Introduction",2026,"2026-01-08","article","en",0,15,1,1,1,NA,FALSE,FALSE,FALSE,FALSE,"closed","49","3","515","517",NA,NA,NA,NA,"Ethnic and Racial Studies","journal","0141-9870","2026-01-09T00:00:00","2026-01-10T23:39:48.068659"
"S96629499","nais","W7119503325","10.1080/01419870.2025.2605136",NA,NA,"Shaping the city with faith: place-making of immigrant Muslim women in Helsinki",2026,"2026-01-09","article","en",0,53,1,1,1,0,FALSE,FALSE,FALSE,TRUE,"hybrid",NA,NA,"1","18","Diaspora, migration, transnational identity","Demography","Social Sciences","Social Sciences","Ethnic and Racial Studies","journal","0141-9870","2026-01-09T00:00:00","2026-01-10T23:39:48.068659"
"S96629499","nais","W7126226006","10.1080/01419870.2026.2615852",NA,NA,"Between active citizenship and exploitation: understanding exhaustion and disposability in un(der)paid and low-paid labor by refugees in the Netherlands",2026,"2026-01-30","article","en",0,41,2,1,4,0,FALSE,FALSE,FALSE,TRUE,"hybrid",NA,NA,"1","20","Migration and Labor Dynamics","Sociology and Political Science","Social Sciences","Social Sciences","Ethnic and Racial Studies","journal","0141-9870","2026-02-01T00:00:00","2026-02-23T20:09:44.859080"
"S96629499","nais","W7128234759","10.1080/01419870.2026.2622419",NA,NA,"Is religion a barrier to integration? Religiosity, sociocultural integration, and educational attainments among Muslim and non-Muslim immigrant origin youth in Norway",2026,"2026-02-06","article","en",0,62,1,1,2,0,FALSE,FALSE,FALSE,FALSE,"closed",NA,NA,"1","30","Religious Education and Schools","Education","Social Sciences","Social Sciences","Ethnic and Racial Studies","journal","0141-9870","2026-02-08T00:00:00","2026-02-08T23:44:10.112664"
"S96629499","nais","W7128612877","10.1080/01419870.2026.2622420",NA,NA,"Boundary making and the reproduction of otherness among different generations of Turkish-origin residents in the Netherlands",2026,"2026-02-11","article","en",0,65,1,2,2,0,FALSE,FALSE,FALSE,FALSE,"closed",NA,NA,"1","20","Diaspora, migration, transnational identity","Demography","Social Sciences","Social Sciences","Ethnic and Racial Studies","journal","0141-9870","2026-02-12T00:00:00","2026-02-12T06:17:30.163165"
"S96629499","nais","W7130366869","10.1080/01419870.2026.2626008",NA,NA,"Antiracism II: case studies, practices and politics",2026,"2026-02-18","article","en",0,37,1,1,1,0,FALSE,FALSE,FALSE,FALSE,"closed",NA,NA,"1","12","Interdisciplinary Cultural and Social Studies","Sociology and Political Science","Social Sciences","Social Sciences","Ethnic and Racial Studies","journal","0141-9870","2026-02-19T00:00:00","2026-02-19T06:31:58.851227"
"S2739297695","nais","W2341251189","10.18584/issn.1916-5781",NA,"2341251189","The International Indigenous Policy Journal",2020,"2020-09-03","paratext","en",50,360,1,0,0,NA,FALSE,TRUE,FALSE,TRUE,"diamond",NA,NA,NA,NA,"Indigenous Health, Education, and Rights","Health","Social Sciences","Social Sciences","International Indigenous Policy Journal","journal","1916-5781","2025-10-10T00:00:00","2025-11-06T03:46:38.306776"
"S2739297695","nais","W4399209606","10.18584/iipj.2024.15.1.15216",NA,NA,"Giiwe:",2024,"2024-05-30","article","en",2,40,2,3,3,NA,FALSE,FALSE,FALSE,TRUE,"diamond","15","1",NA,NA,NA,NA,NA,NA,"International Indigenous Policy Journal","journal","1916-5781","2024-06-01T00:00:00","2026-02-09T09:26:11.010843"
"S59607649","nais","W2122295546","10.1353/lar.2013.0018",NA,"2122295546","Bolsa Família and the Shift in Lula’s Electoral Base, 2002–2006: A Reply to Bohn",2013,"2013-01-01","article","pt",82,29,1,0,2,28.7977,FALSE,FALSE,FALSE,FALSE,"closed","48","2","3","24","Politics and Society in Latin America","Political Science and International Relations","Social Sciences","Social Sciences","Latin American Research Review","journal","0023-8791","2025-10-10T00:00:00","2025-11-06T03:46:38.306776"
"S59607649","nais","W2737820831","10.25222/larr.39",NA,"2737820831","De la “desaparición” a la reemergencia: Continuidades y rupturas del movimiento de pobladores en Chile",2017,"2017-07-19","article","es",48,40,2,1,2,6.455,FALSE,FALSE,FALSE,TRUE,"gold","52","1","94","109","Housing, Finance, and Neoliberalism","Finance","Economics, Econometrics and Finance","Social Sciences","Latin American Research Review","journal","0023-8791","2025-10-10T00:00:00","2025-11-06T03:46:38.306776"
"S59607649","nais","W3012446467","10.25222/larr.170",NA,"3012446467","Interrogando la gramática racial de la blanquitud: Hacia una analítica del blanqueamiento en el orden racial colombiano",2020,"2020-03-19","article","es",8,55,2,1,2,1.7439,FALSE,FALSE,TRUE,TRUE,"gold","55","1","64","80","Colonial History and Postcolonial Studies","Sociology and Political Science","Social Sciences","Social Sciences","Latin American Research Review","journal","0023-8791","2025-10-10T00:00:00","2025-11-06T03:46:38.306776"
"S59607649","nais","W3134911425","10.25222/larr.775",NA,"3134911425","Del soldado ideal al combatiente real: Una aproximación a las narrativas sobre la profesionalización militar en Colombia",2021,"2021-03-09","article","es",1,24,2,1,3,0,FALSE,FALSE,TRUE,TRUE,"gold","56","1","155","167","Conflict, Peace, and Violence in Colombia","Sociology and Political Science","Social Sciences","Social Sciences","Latin American Research Review","journal","0023-8791","2025-10-10T00:00:00","2025-11-06T03:46:38.306776"
"S59607649","nais","W2995319500","10.25222/larr.81",NA,"2995319500","Las botánicas como “farmacias invisibles”: Religiones afrocaribeñas y su rol en la población latina de la ciudad de Nueva York",2019,"2019-12-01","article","es",1,70,2,1,1,0.2546,FALSE,FALSE,FALSE,TRUE,"gold","54","4","893","908","Psychedelics and Drug Studies","Clinical Psychology","Psychology","Social Sciences","Latin American Research Review","journal","0023-8791","2025-10-10T00:00:00","2025-11-06T03:46:38.306776"
"S59607649","nais","W4312300762","10.1017/s0023879100021245",NA,NA,"Index",1983,"1983-01-01","paratext","en",1,12,1,0,27,NA,FALSE,FALSE,TRUE,TRUE,"bronze","18","3","269","272",NA,NA,NA,NA,"Latin American Research Review","journal","0023-8791","2025-10-10T00:00:00","2026-01-09T06:25:30.743933"
"S59607649","nais","W4312418106","10.1017/s0023879100032489",NA,NA,"Index <i>Volume 14 1979</i>",1979,"1979-01-01","article","he",1,27,1,0,65,NA,FALSE,FALSE,TRUE,TRUE,"bronze","14","3","295","298",NA,NA,NA,NA,"Latin American Research Review","journal","0023-8791","2025-10-10T00:00:00","2026-01-09T06:25:30.743933"
"S59607649","nais","W4312429334","10.1017/s0023879100022615",NA,NA,"Index <i>Volume 23 1988</i>",1988,"1988-01-01","article","he",1,19,1,0,19,NA,FALSE,FALSE,FALSE,TRUE,"bronze","23","3","273","276",NA,NA,NA,NA,"Latin American Research Review","journal","0023-8791","2025-10-10T00:00:00","2026-01-09T06:25:30.743933"
"S59607649","nais","W4312527295","10.1017/s0023879100037584",NA,NA,"Subject Index",1996,"1996-01-01","article","en",1,361,1,0,501,NA,FALSE,FALSE,TRUE,TRUE,"bronze","31","4","107","213",NA,NA,NA,NA,"Latin American Research Review","journal","0023-8791","2025-10-10T00:00:00","2026-01-09T06:25:30.743933"
"S59607649","nais","W4312648995","10.1017/s0023879100037572",NA,NA,"Author-Title Index",1996,"1996-01-01","article","en",1,318,1,1,467,NA,FALSE,FALSE,TRUE,TRUE,"bronze","31","4","1","106",NA,NA,NA,NA,"Latin American Research Review","journal","0023-8791","2023-01-05T00:00:00","2026-01-09T06:25:30.743933"
"S59607649","nais","W4312662238","10.1017/s0023879100019282",NA,NA,"Index <i>Volume 36 2001</i>",2001,"2001-01-01","article","he",1,11,1,0,24,NA,FALSE,FALSE,FALSE,TRUE,"bronze","36","3","283","285",NA,NA,NA,NA,"Latin American Research Review","journal","0023-8791","2025-10-10T00:00:00","2026-01-09T06:25:30.743933"
"S59607649","nais","W4312725085","10.1017/s0023879100039480",NA,NA,"Index <i>Volume 34</i> 1999",1999,"1999-01-01","article","he",1,9,1,0,23,NA,FALSE,FALSE,TRUE,TRUE,"bronze","34","3","283","285",NA,NA,NA,NA,"Latin American Research Review","journal","0023-8791","2025-10-10T00:00:00","2026-01-09T06:25:30.743933"
"S59607649","nais","W4312825763","10.1017/s0023879100037596",NA,NA,"Country-Region Index",1996,"1996-01-01","article","en",1,271,1,1,367,NA,FALSE,FALSE,TRUE,TRUE,"bronze","31","4","215","270",NA,NA,NA,NA,"Latin American Research Review","journal","0023-8791","2023-01-05T00:00:00","2026-01-09T06:25:30.743933"
"S59607649","nais","W4312891076","10.1017/s0023879100018768",NA,NA,"Index <i>Volume 35 2000</i>",2000,"2000-01-01","article","he",1,6,1,0,27,NA,FALSE,FALSE,TRUE,TRUE,"bronze","35","3","283","285",NA,NA,NA,NA,"Latin American Research Review","journal","0023-8791","2023-01-05T00:00:00","2026-01-09T06:25:30.743933"
"S59607649","nais","W4312930890","10.1017/s0023879100021828",NA,NA,"Index <i>Volume 20 1985</i>",1985,"1985-01-01","article","he",1,14,1,0,32,NA,FALSE,FALSE,TRUE,TRUE,"bronze","20","3","273","275",NA,NA,NA,NA,"Latin American Research Review","journal","0023-8791","2025-10-10T00:00:00","2026-01-09T06:25:30.743933"
"S59607649","nais","W4313063112","10.1017/s0023879100024614",NA,NA,"Index <i>Volume 37 2002</i>",2002,"2002-01-01","article","he",1,22,1,0,14,NA,FALSE,FALSE,TRUE,TRUE,"bronze","37","3","283","285",NA,NA,NA,NA,"Latin American Research Review","journal","0023-8791","2025-10-10T00:00:00","2026-01-09T06:25:30.743933"
"S59607649","nais","W4312687804","10.1017/s0023879100029198",NA,NA,"Index to Topical Review and Reports: Volumes I—III",1968,"1968-01-01","article","en",0,6,1,0,16,NA,FALSE,FALSE,TRUE,TRUE,"bronze","3","4","144","146",NA,NA,NA,NA,"Latin American Research Review","journal","0023-8791","2025-10-10T00:00:00","2026-01-09T06:25:30.743933"
"S201710173","ps","W4221067306","10.1016/j.giq.2022.101690","35291492",NA,"Digital government transformation in turbulent times: Responses, challenges, and future direction",2022,"2022-03-11","editorial","en",164,98,3,2,2,121.2428,FALSE,FALSE,FALSE,TRUE,"green","39","2","101690","101690","E-Government and Public Services","Political Science and International Relations","Social Sciences","Social Sciences","Government Information Quarterly","journal","0740-624X","2025-10-10T00:00:00","2026-02-24T08:05:00.420983"
"S201710173","ps","W4210395056","10.1016/j.giq.2022.101678",NA,NA,"Exploring FOI publicity patterns: The case of Italian municipalities",2022,"2022-02-06","article","pt",16,60,3,2,6,4.1859,FALSE,FALSE,FALSE,FALSE,"closed","39","2","101678","101678","Social Media and Politics","Communication","Social Sciences","Social Sciences","Government Information Quarterly","journal","0740-624X","2022-02-08T00:00:00","2026-02-25T23:00:34.991745"
"S201710173","ps","W3028001059","10.1016/j.giq.2022.101748",NA,"3028001059","Regulating artificial intelligence: Proposal for a global solution",2022,"2022-07-22","preprint","en",36,39,4,2,2,6.61042045,FALSE,FALSE,TRUE,TRUE,"green","39","4","101748","101748","Ethics and Social Impacts of AI","Safety Research","Social Sciences","Social Sciences","Government Information Quarterly","journal","0740-624X","2025-10-10T00:00:00","2026-02-09T09:26:11.010843"
"S201710173","ps","W4210747600","10.1016/j.giq.2022.101677",NA,NA,"Popular information: An analysis of FOI use and behavior",2022,"2022-02-01","article","pt",10,55,1,1,1,2.9901,FALSE,FALSE,FALSE,FALSE,"closed","39","2","101677","101677","Social Media and Politics","Communication","Social Sciences","Social Sciences","Government Information Quarterly","journal","0740-624X","2025-10-10T00:00:00","2025-11-06T03:46:38.306776"
"S201710173","ps","W7125594801","10.1016/j.giq.2026.102107",NA,NA,"Integrated governance in data ecosystems: A conceptual framework consolidating collaborative and data governance",2026,"2026-01-23","article","en",1,47,1,0,3,138.8455,FALSE,FALSE,FALSE,TRUE,"hybrid","43","1","102107","102107","Research Data Management Practices","Information Systems","Computer Science","Physical Sciences","Government Information Quarterly","journal","0740-624X","2026-01-25T00:00:00","2026-02-26T08:16:20.718346"
"S201710173","ps","W2810041207","10.1016/j.giq.2018.06.001",NA,"2810041207","A field experiment on bureaucratic discretionary bias under FOI laws",2018,"2018-06-29","article","pt",30,67,1,1,2,7.4132,FALSE,FALSE,FALSE,FALSE,"closed","35","3","418","427","Names, Identity, and Discrimination Research","Sociology and Political Science","Social Sciences","Social Sciences","Government Information Quarterly","journal","0740-624X","2025-10-10T00:00:00","2025-11-06T03:46:38.306776"
"S201710173","ps","W2806608567","10.1016/j.giq.2018.12.001",NA,"2806608567","Developing cyber peacekeeping: Observation, monitoring and reporting",2018,"2018-12-19","preprint","en",3,74,6,1,4,2.0431878,FALSE,FALSE,FALSE,TRUE,"green","36","2","276","293","Cybersecurity and Cyber Warfare Studies","Political Science and International Relations","Social Sciences","Social Sciences","Government Information Quarterly","journal","0740-624X","2025-10-10T00:00:00","2026-02-09T09:26:11.010843"
"S201710173","ps","W342342306","10.1016/0740-624x(92)90051-m",NA,"342342306","Interagency conference on public access",1992,"1992-01-01","article","en",11,1,1,0,0,NA,FALSE,FALSE,FALSE,FALSE,"closed","9","2","187","198",NA,NA,NA,NA,"Government Information Quarterly","journal","0740-624X","2016-06-24T00:00:00","2025-11-06T03:46:38.306776"
"S201710173","ps","W4293072418","10.1016/j.giq.2022.101705",NA,NA,"An ounce of prevention is worth a pound of cure – Building capacities for the use of big data algorithm systems (BDAS) in early crisis detection",2022,"2022-06-11","article","en",6,66,2,1,1,NA,FALSE,FALSE,FALSE,TRUE,"hybrid","39","4","101705","101705",NA,NA,NA,NA,"Government Information Quarterly","journal","0740-624X","2025-10-10T00:00:00","2026-02-25T23:00:34.991745"
"S201710173","ps","W2010418772","10.1016/j.giq.2014.10.001",NA,"2010418772","Transformational digital government",2014,"2014-10-01","article","en",3,25,2,3,3,NA,FALSE,FALSE,FALSE,FALSE,"closed","31","4","503","505",NA,NA,NA,NA,"Government Information Quarterly","journal","0740-624X","2025-10-10T00:00:00","2026-02-09T09:26:11.010843"
"S201710173","ps","W4416568554","10.1016/j.giq.2025.102091",NA,NA,"Digital transformation leadership: A public value-centered measurement scale",2025,"2025-11-24","article","en",1,79,1,1,4,NA,FALSE,FALSE,FALSE,TRUE,"hybrid","42","4","102091","102091",NA,NA,NA,NA,"Government Information Quarterly","journal","0740-624X","2025-11-25T00:00:00","2026-02-22T13:39:03.778224"
"S201710173","ps","W4415643057","10.1016/j.giq.2025.102077",NA,NA,"Understanding public acceptance of data collection by intelligence services in the Netherlands: A factorial survey experiment",2025,"2025-10-29","article","en",0,56,2,1,4,NA,FALSE,FALSE,FALSE,TRUE,"hybrid","42","4","102077","102077",NA,NA,NA,NA,"Government Information Quarterly","journal","0740-624X","2025-10-29T00:00:00","2026-02-22T13:39:03.778224"
"S201710173","ps","W4415977641","10.1016/j.giq.2025.102088",NA,NA,"Complexity, understandability, and compatibility: A comparative study of AI advisory systems for National Security",2025,"2025-11-07","article","en",0,60,1,0,3,NA,FALSE,FALSE,FALSE,TRUE,"hybrid","42","4","102088","102088",NA,NA,NA,NA,"Government Information Quarterly","journal","0740-624X","2025-11-07T00:00:00","2025-11-07T23:23:33.682996"
"S201710173","ps","W4415987528","10.1016/j.giq.2025.102086",NA,NA,"Reflections on the nature of digital government research: Marking the 50th anniversary of Government Information Quarterly",2025,"2025-11-07","article","en",0,129,1,12,15,NA,FALSE,FALSE,FALSE,TRUE,"hybrid","42","4","102086","102086",NA,NA,NA,NA,"Government Information Quarterly","journal","0740-624X","2025-11-07T00:00:00","2026-02-22T13:39:03.778224"
"S201710173","ps","W7123895205","10.1016/j.giq.2026.102104",NA,NA,"Rumor management during natural disasters: A “whole of government” coordination perspective",2026,"2026-01-14","article","en",0,74,1,2,2,0,FALSE,FALSE,FALSE,TRUE,"hybrid","43","1","102104","102104","Public Relations and Crisis Communication","Communication","Social Sciences","Social Sciences","Government Information Quarterly","journal","0740-624X","2026-01-14T00:00:00","2026-01-14T23:44:37.837170"
"S201710173","ps","W7124525467","10.1016/j.giq.2026.102105",NA,NA,"Enabling or overloading? The double-edged role of E-leadership in civil servant's change-oriented organizational citizenship behaviors",2026,"2026-01-17","article","en",0,64,1,2,4,0,FALSE,FALSE,FALSE,TRUE,"hybrid","43","1","102105","102105","Job Satisfaction and Organizational Behavior","Organizational Behavior and Human Resource Management","Business, Management and Accounting","Social Sciences","Government Information Quarterly","journal","0740-624X","2026-01-19T00:00:00","2026-01-19T04:05:37.678316"
"S201710173","ps","W7125368620","10.1016/j.giq.2026.102108",NA,NA,"Generative AI in public administration: A quasi-experimental analysis of bureaucratic productivity",2026,"2026-01-22","article","en",0,26,1,0,1,0,FALSE,FALSE,FALSE,FALSE,"closed","43","1","102108","102108","Ethics and Social Impacts of AI","Safety Research","Social Sciences","Social Sciences","Government Information Quarterly","journal","0740-624X","2026-01-23T00:00:00","2026-01-24T23:23:39.755997"
"S201710173","ps","W7126042458","10.1016/j.giq.2026.102110",NA,NA,"The role of digital post systems in transforming public administration: A digital infrastructure perspective",2026,"2026-01-29","article","en",0,46,1,1,5,0,FALSE,FALSE,FALSE,TRUE,"hybrid","43","1","102110","102110","E-Government and Public Services","Political Science and International Relations","Social Sciences","Social Sciences","Government Information Quarterly","journal","0740-624X","2026-01-30T00:00:00","2026-01-30T23:21:52.101496"
"S201710173","ps","W7128025174","10.1016/j.giq.2026.102111",NA,NA,"Breaking barriers: Evaluating accessibility in local government online platforms for individuals with disabilities",2026,"2026-02-05","article","en",0,63,1,0,2,0,FALSE,FALSE,FALSE,FALSE,"closed","43","1","102111","102111","Digital Accessibility for Disabilities","Human Factors and Ergonomics","Social Sciences","Social Sciences","Government Information Quarterly","journal","0740-624X","2026-02-07T00:00:00","2026-02-07T06:15:42.627816"
"S201710173","ps","W7128508594","10.1016/j.giq.2026.102112",NA,NA,"The E-Participation Paradox: Varying Effects on Government Trust in an Era of Democratic Fatigue",2026,"2026-02-11","article","en",0,77,1,1,2,0,FALSE,FALSE,FALSE,FALSE,"closed","43","1","102112","102112","E-Government and Public Services","Political Science and International Relations","Social Sciences","Social Sciences","Government Information Quarterly","journal","0740-624X","2026-02-11T00:00:00","2026-02-11T22:13:25.172316"
"S201710173","ps","W7128592027","10.1016/j.giq.2026.102109",NA,NA,"Two sides of the same diffusion: The adopter-non-adopter influences in police technology innovation adoption",2026,"2026-02-11","article","en",0,86,1,0,1,0,FALSE,FALSE,FALSE,FALSE,"closed","43","1","102109","102109","Technology Adoption and User Behaviour","Information Systems and Management","Decision Sciences","Social Sciences","Government Information Quarterly","journal","0740-624X","2026-02-11T00:00:00","2026-02-11T22:16:57.019703"
"S201710173","ps","W7128957187","10.1016/j.giq.2026.102115",NA,NA,"Rules and responsibilities in smart city governance: Exploring the architecture of data value chain",2026,"2026-02-15","article","en",0,73,1,0,2,0,FALSE,FALSE,FALSE,TRUE,"hybrid","43","1","102115","102115","Smart Cities and Technologies","Media Technology","Engineering","Physical Sciences","Government Information Quarterly","journal","0740-624X","2026-02-16T00:00:00","2026-02-17T06:05:46.635709"
"S201710173","ps","W7128959035","10.1016/j.giq.2026.102113",NA,NA,"Hybrid images of generative AI: A Q methodological study of civil servants' perceptions",2026,"2026-02-15","article","en",0,91,1,0,2,0,FALSE,FALSE,FALSE,FALSE,"closed","43","1","102113","102113","Q Methodology Applications","Management Science and Operations Research","Decision Sciences","Social Sciences","Government Information Quarterly","journal","0740-624X","2026-02-16T00:00:00","2026-02-17T06:05:46.635709"
"S201710173","ps","W7130362975","10.1016/j.giq.2026.102116",NA,NA,"Why coproduce? Citizens' perspectives on the costs and benefits of technology-enabled coproduction",2026,"2026-02-18","article","en",0,88,1,0,3,0,FALSE,FALSE,FALSE,FALSE,"closed","43","1","102116","102116","Reproductive Health and Technologies","Reproductive Medicine","Medicine","Health Sciences","Government Information Quarterly","journal","0740-624X","2026-02-19T00:00:00","2026-02-20T06:14:18.993340"
"S201710173","ps","W7131092976","10.1016/j.giq.2026.102117",NA,NA,"Governing Ethics for the Digital Transformation: Developing, Testing, and Validating a Framework",2026,"2026-02-23","article","en",0,67,1,1,3,0,FALSE,FALSE,FALSE,TRUE,"hybrid","43","2","102117","102117","Ethics and Social Impacts of AI","Safety Research","Social Sciences","Social Sciences","Government Information Quarterly","journal","0740-624X","2026-02-24T00:00:00","2026-02-25T06:17:34.324206"
"S76877748","ps","W2328966788","10.2307/977359",NA,"2328966788","Editorial: Have an Administrative Rx? Don't Forget the Politics!",1993,"1993-11-01","editorial","en",89,18,1,0,1,4.25131212,FALSE,FALSE,FALSE,FALSE,"closed","53","6","503","503","Public Policy and Administration Research","Public Administration","Social Sciences","Social Sciences","Public Administration Review","journal","0033-3352","2025-10-10T00:00:00","2025-11-06T03:46:38.306776"
"S76877748","ps","W2113100675","10.1111/j.1540-6210.2010.02269.x",NA,"2113100675","E‐Government 2020: Plus ça change, plus c'est la meme chose",2010,"2010-12-01","article","fr",60,6,1,1,1,26.3896,FALSE,FALSE,FALSE,FALSE,"closed","70","s1",NA,NA,"E-Government and Public Services","Political Science and International Relations","Social Sciences","Social Sciences","Public Administration Review","journal","0033-3352","2025-10-10T00:00:00","2025-11-06T03:46:38.306776"
"S76877748","ps","W2799342440","10.1111/puar.12950",NA,"2799342440","Power in Editorial Positions: A Feminist Critique of Public Administration",2018,"2018-05-07","editorial","en",36,68,2,2,3,7.5865379,FALSE,FALSE,FALSE,TRUE,"hybrid","79","1","46","55","Gender Diversity and Inequality","Gender Studies","Social Sciences","Social Sciences","Public Administration Review","journal","0033-3352","2018-05-17T00:00:00","2025-11-06T03:46:38.306776"
"S76877748","ps","W2318003427","10.2307/977557",NA,"2318003427","Guest Editorial: Are Large Public Organizations Manageable?",1998,"1998-07-01","editorial","en",29,9,1,0,1,0,FALSE,FALSE,FALSE,FALSE,"closed","58","4","284","284","Management Theory and Practice","Organizational Behavior and Human Resource Management","Business, Management and Accounting","Social Sciences","Public Administration Review","journal","0033-3352","2025-10-10T00:00:00","2025-11-06T03:46:38.306776"
"S76877748","ps","W3137374891","10.1111/puar.13347","34149104","3137374891","Governance: Struggle and Strife—Or Synergy and Success—In the <scp>Trans‐COVID</scp> Era",2021,"2021-01-01","editorial","en",8,37,3,1,1,1.54877671,FALSE,FALSE,FALSE,TRUE,"green","81","1","7","11","Public Policy and Administration Research","Public Administration","Social Sciences","Social Sciences","Public Administration Review","journal","0033-3352","2021-03-29T00:00:00","2025-11-06T03:46:38.306776"
"S76877748","ps","W3049740471","10.1111/puar.13290","32836466","3049740471","Introduction: <scp>COVID</scp>‐19 Viewpoint Symposium, Part <scp>II</scp>",2020,"2020-08-13","editorial","en",5,22,3,1,4,1.84361447,FALSE,FALSE,FALSE,TRUE,"green","80","5","755","758","Disaster Management and Resilience","Sociology and Political Science","Social Sciences","Social Sciences","Public Administration Review","journal","0033-3352","2020-08-21T00:00:00","2025-11-06T03:46:38.306776"
"S76877748","ps","W2959313119","10.1111/puar.13088",NA,"2959313119","Guest Editorial: From Working Class to Middle Class",2019,"2019-07-15","editorial","en",1,6,1,1,2,0.33116846,FALSE,FALSE,FALSE,FALSE,"closed","79","5","760","762","Public Policy and Administration Research","Public Administration","Social Sciences","Social Sciences","Public Administration Review","journal","0033-3352","2025-10-10T00:00:00","2025-11-06T03:46:38.306776"
"S76877748","ps","W2968574063","10.1111/puar.13301",NA,"2968574063","The Adoption of Robotics by Government Agencies: Evidence from Crime Labs",2019,"2019-01-01","preprint","en",1,60,5,1,5,0.209597,FALSE,FALSE,TRUE,TRUE,"green","80","6","976","988","Auction Theory and Applications","Management Science and Operations Research","Decision Sciences","Social Sciences","Public Administration Review","journal","0033-3352","2025-10-10T00:00:00","2025-11-06T03:46:38.306776"
"S76877748","ps","W2321590824","10.2307/975300",NA,"2321590824","Toward a Definition of the Coproduction Concept",1983,"1983-01-01","article","en",679,2,1,0,2,NA,FALSE,FALSE,FALSE,FALSE,"closed","43","1","59","59",NA,NA,NA,NA,"Public Administration Review","journal","0033-3352","2025-10-10T00:00:00","2026-02-19T08:20:09.288608"
"S76877748","ps","W2316790629","10.2307/975227",NA,"2316790629","Citizen Participation in Public Affairs",1972,"1972-10-01","article","en",37,3,1,0,1,NA,FALSE,FALSE,FALSE,FALSE,"closed","32",NA,"589","589",NA,NA,NA,NA,"Public Administration Review","journal","0033-3352","2025-10-10T00:00:00","2025-11-06T03:46:38.306776"
"S76877748","ps","W2331293499","10.2307/974397",NA,"2331293499","Social Equity and the Public Service",1974,"1974-01-01","article","en",23,2,1,0,1,NA,FALSE,FALSE,FALSE,FALSE,"closed","34","1","18","18",NA,NA,NA,NA,"Public Administration Review","journal","0033-3352","2025-10-10T00:00:00","2025-11-06T03:46:38.306776"
"S76877748","ps","W4413295304","10.1111/puar.70023",NA,NA,"Populism and Political Appointments",2025,"2025-08-17","article","en",4,73,1,1,2,NA,FALSE,FALSE,FALSE,TRUE,"hybrid","86","1","171","183",NA,NA,NA,NA,"Public Administration Review","journal","0033-3352","2025-10-10T00:00:00","2026-02-14T14:00:54.825952"
"S76877748","ps","W4412136223","10.1111/puar.70008",NA,NA,"The Downward Spiral of Legitimacy Erosion: Lessons on Network Governance Failure During the German “Refugee Crisis”",2025,"2025-07-09","article","en",2,125,2,2,3,NA,FALSE,FALSE,FALSE,TRUE,"hybrid",NA,NA,NA,NA,NA,NA,NA,NA,"Public Administration Review","journal","0033-3352","2025-10-10T00:00:00","2025-11-06T03:46:38.306776"
"S76877748","ps","W4416789829","10.1111/puar.70063",NA,NA,"Navigating Rivalry and Insight: Bureaucratic Behaviors in Decentralized Regulatory Systems",2025,"2025-11-28","article","en",2,46,1,2,2,NA,FALSE,FALSE,FALSE,TRUE,"bronze",NA,NA,NA,NA,NA,NA,NA,NA,"Public Administration Review","journal","0033-3352","2025-11-28T00:00:00","2026-02-20T08:17:22.645390"
"S76877748","ps","W4415603629","10.1111/puar.70051",NA,NA,"Evidence and Policy‐Making: An Organizational Approach",2025,"2025-10-27","article","en",1,42,2,1,1,NA,FALSE,FALSE,FALSE,TRUE,"hybrid",NA,NA,NA,NA,NA,NA,NA,NA,"Public Administration Review","journal","0033-3352","2025-10-28T00:00:00","2025-11-06T03:46:38.306776"
"S76877748","ps","W4415689606","10.1111/puar.70050",NA,NA,"Entrepreneurial Leadership, Well‐Being, and Inclusion in Public Sector Organizations",2025,"2025-10-30","article","en",1,56,1,5,4,NA,FALSE,FALSE,FALSE,TRUE,"hybrid",NA,NA,NA,NA,NA,NA,NA,NA,"Public Administration Review","journal","0033-3352","2025-10-30T00:00:00","2025-11-06T03:46:38.306776"
"S76877748","ps","W4417184464","10.1111/puar.70064",NA,NA,"Visualizing Qualitative Research",2025,"2025-12-09","article","en",1,47,3,1,2,NA,FALSE,FALSE,FALSE,TRUE,"hybrid",NA,NA,NA,NA,NA,NA,NA,NA,"Public Administration Review","journal","0033-3352","2025-12-10T00:00:00","2025-12-11T23:09:37.256380"
"S76877748","ps","W4405127846","10.1111/puar.13914",NA,NA,"Editorial: A journal update and note of appreciation",2024,"2024-12-07","editorial","en",0,7,1,1,4,0,FALSE,FALSE,FALSE,FALSE,"closed","85","1","5","8","Public Policy and Administration Research","Public Administration","Social Sciences","Social Sciences","Public Administration Review","journal","0033-3352","2025-10-10T00:00:00","2026-02-20T08:17:22.645390"
"S76877748","ps","W4415780265","10.1111/puar.70061",NA,NA,"Public Administration Education in the Czech Republic: Facing Marginalization",2025,"2025-11-01","article","en",0,19,1,2,4,NA,FALSE,FALSE,FALSE,TRUE,"hybrid","85","6","1901","1915",NA,NA,NA,NA,"Public Administration Review","journal","0033-3352","2025-11-03T00:00:00","2025-12-13T23:11:00.310470"
"S76877748","ps","W4415780602","10.1111/puar.70059",NA,NA,"The Effect of Performance Failures on User Satisfaction: Evidence From a Natural Experiment",2025,"2025-11-02","article","en",0,38,1,3,3,NA,FALSE,FALSE,FALSE,TRUE,"hybrid",NA,NA,NA,NA,NA,NA,NA,NA,"Public Administration Review","journal","0033-3352","2025-11-03T00:00:00","2025-11-06T03:46:38.306776"
"S76877748","ps","W4416252222","10.1111/puar.70060",NA,NA,"Public Sector Innovation. By M.A.Demircioglu and D. B.Audretsch, Cambridge, UK: Cambridge University Press, 2024. 262 pp. $29.99 (paperback). ISBN: 978‐1‐00‐927924‐6",2025,"2025-11-01","article","en",0,16,1,1,1,NA,FALSE,FALSE,FALSE,FALSE,"closed","85","6","1922","1925",NA,NA,NA,NA,"Public Administration Review","journal","0033-3352","2025-11-15T00:00:00","2026-02-20T08:17:22.645390"
"S76877748","ps","W4416715484","10.1111/puar.70049",NA,NA,"Team Gender Composition Correlates With Ratings of Women and Men Leaders: On the Role of Group Prototypicality",2025,"2025-11-26","article","en",0,61,1,2,2,NA,FALSE,FALSE,FALSE,TRUE,"bronze",NA,NA,NA,NA,NA,NA,NA,NA,"Public Administration Review","journal","0033-3352","2025-11-27T00:00:00","2025-11-28T21:20:30.645173"
"S76877748","ps","W4417066149","10.1111/puar.70058",NA,NA,"Rhetoric Versus Reality? A Comparative Study of Public and Non‐Public Sector Employees' Perceptions of Discrimination",2025,"2025-12-05","article","en",0,75,2,4,3,NA,FALSE,FALSE,FALSE,TRUE,"hybrid",NA,NA,NA,NA,NA,NA,NA,NA,"Public Administration Review","journal","0033-3352","2025-12-06T00:00:00","2025-12-06T23:14:57.273132"
"S76877748","ps","W4417428558","10.1111/puar.70067",NA,NA,"Do Markets Shape Management? Experimental Evidence for the Effects of Competition on Contract Management",2025,"2025-12-17","article","en",0,83,2,1,1,NA,FALSE,FALSE,FALSE,TRUE,"hybrid",NA,NA,NA,NA,NA,NA,NA,NA,"Public Administration Review","journal","0033-3352","2025-12-17T00:00:00","2025-12-19T00:32:22.182498"
"S76877748","ps","W4417460046","10.1111/puar.70073",NA,NA,"Citizen Centricity in Public Policy Making: Approaches, Mechanisms, and Beyond. By NaciKarkin and VolkanGöçoğlu, Cham: Springer Cham, 2025. 172 pp. €119.99 (hardcover); €96.29 (electronic). <scp>ISBN</scp> (hardcover): 978‐3‐03‐192300‐5; <scp>ISBN</scp> (electronic): 978‐3‐03‐192301‐2",2025,"2025-12-18","article","en",0,11,1,1,1,NA,FALSE,FALSE,FALSE,TRUE,"hybrid","86","1","276","278",NA,NA,NA,NA,"Public Administration Review","journal","0033-3352","2025-12-18T00:00:00","2026-02-20T08:17:22.645390"
"S76877748","ps","W7118808118","10.1111/puar.70079",NA,NA,"Safeguarding Merit: Citizen Support for Civil Service Protections Against Political Interference",2026,"2026-01-05","article","en",0,52,1,1,2,0,FALSE,FALSE,FALSE,TRUE,"hybrid",NA,NA,NA,NA,"Public Policy and Administration Research","Public Administration","Social Sciences","Social Sciences","Public Administration Review","journal","0033-3352","2026-01-08T00:00:00","2026-01-08T20:10:11.968330"
"S76877748","ps","W7123350768","10.1111/puar.70083",NA,NA,"Unpacking Resilience in Public Administration: Insights From a Meta‐Narrative Review",2026,"2026-01-12","article","en",0,70,1,2,3,0,FALSE,FALSE,FALSE,TRUE,"hybrid",NA,NA,NA,NA,"Public Policy and Administration Research","Public Administration","Social Sciences","Social Sciences","Public Administration Review","journal","0033-3352","2026-01-14T00:00:00","2026-01-14T23:40:02.550235"
"S76877748","ps","W7124565703","10.1111/puar.70084",NA,NA,"40 Years of Rural Research in Public Administration: Conceptualization, Evidence, and Future Avenues for Research",2026,"2026-01-16","article","en",0,72,1,1,1,0,FALSE,FALSE,FALSE,TRUE,"bronze",NA,NA,NA,NA,"Rural development and sustainability","General Agricultural and Biological Sciences","Agricultural and Biological Sciences","Life Sciences","Public Administration Review","journal","0033-3352","2026-01-19T00:00:00","2026-01-19T04:05:37.678316"
"S76877748","ps","W7125003379","10.1111/puar.70081",NA,NA,"Disciplinary Tensions and Institutional Diversity in the Study of Public Administration in Chile",2026,"2026-01-19","article","en",0,90,1,1,2,0,FALSE,FALSE,FALSE,TRUE,"hybrid",NA,NA,NA,NA,"Public Policy and Administration Research","Public Administration","Social Sciences","Social Sciences","Public Administration Review","journal","0033-3352","2026-01-21T00:00:00","2026-01-21T23:35:09.540996"
"S76877748","ps","W7125580695","10.1111/puar.70068",NA,NA,"<scp>e</scp> ‐Government Adoption in Ghana: Structural Conditions and Employee Affective Orientation",2026,"2026-01-24","article","en",0,32,1,3,4,0,FALSE,FALSE,FALSE,TRUE,"hybrid",NA,NA,NA,NA,"E-Government and Public Services","Political Science and International Relations","Social Sciences","Social Sciences","Public Administration Review","journal","0033-3352","2026-01-25T00:00:00","2026-01-26T23:06:41.788003"
"S76877748","ps","W7125835580","10.1111/puar.70082",NA,NA,"Strategic Use of Ad Hoc Commissions for Blame Avoidance: Evidence From Chile",2026,"2026-01-26","article","en",0,51,1,1,1,0,FALSE,FALSE,FALSE,TRUE,"hybrid",NA,NA,NA,NA,"Policy Transfer and Learning","Political Science and International Relations","Social Sciences","Social Sciences","Public Administration Review","journal","0033-3352","2026-01-28T00:00:00","2026-01-28T23:18:48.515280"
"S76877748","ps","W7126441383","10.1111/puar.70088",NA,NA,"Explaining Burden Reduction in Municipal Service Delivery: The Case of Streamlined Electric Vehicle Charger Permitting in California",2026,"2026-01-31","article","en",0,68,1,1,2,0,FALSE,FALSE,FALSE,TRUE,"hybrid",NA,NA,NA,NA,"Sustainability and Climate Change Governance","Global and Planetary Change","Environmental Science","Physical Sciences","Public Administration Review","journal","0033-3352","2026-02-02T00:00:00","2026-02-03T00:53:05.648605"
"S76877748","ps","W7127054684","10.1111/puar.70086",NA,NA,"Navigating Institutional Distance: How Private Partners Accumulate Network Positional Advantages in Cross‐Country Public–Private Partnership Projects",2026,"2026-02-01","article","en",0,114,1,2,5,0,FALSE,FALSE,FALSE,FALSE,"closed",NA,NA,NA,NA,"Public-Private Partnership Projects","Strategy and Management","Business, Management and Accounting","Social Sciences","Public Administration Review","journal","0033-3352","2026-02-03T00:00:00","2026-02-06T02:01:19.302388"
"S76877748","ps","W7127586901","10.1111/puar.70085",NA,NA,"Anticipated Stigma and Burnout: The Impact of Concerns About Being Perceived as Racist Among Law Enforcement Officers",2026,"2026-02-04","article","en",0,109,1,1,3,0,FALSE,FALSE,FALSE,TRUE,"hybrid",NA,NA,NA,NA,"Policing Practices and Perceptions","Political Science and International Relations","Social Sciences","Social Sciences","Public Administration Review","journal","0033-3352","2026-02-06T00:00:00","2026-02-07T06:11:34.122080"
"S76877748","ps","W7128297847","10.1111/puar.70092",NA,NA,"Balancing Digital Transformation and Modernization: Pathways for Public Managers",2026,"2026-02-06","article","en",0,36,1,3,5,0,FALSE,FALSE,FALSE,TRUE,"hybrid",NA,NA,NA,NA,"Public Policy and Administration Research","Public Administration","Social Sciences","Social Sciences","Public Administration Review","journal","0033-3352","2026-02-08T00:00:00","2026-02-10T06:12:57.905455"
"S76877748","ps","W7128298208","10.1111/puar.70090",NA,NA,"State Budgetary Outcomes: Do <scp>CEO</scp> Governors Make a Difference?",2026,"2026-02-06","article","en",0,49,1,3,3,0,FALSE,FALSE,FALSE,FALSE,"closed",NA,NA,NA,NA,"Public Policy and Administration Research","Public Administration","Social Sciences","Social Sciences","Public Administration Review","journal","0033-3352","2026-02-08T00:00:00","2026-02-08T23:47:48.789548"
"S76877748","ps","W7128300413","10.1111/puar.70091",NA,NA,"Collaboration as a Tool for Equity? Reducing Racial and Ethnic Disparities in Healthcare Access",2026,"2026-02-06","article","en",0,59,1,1,2,0,FALSE,FALSE,FALSE,FALSE,"closed",NA,NA,NA,NA,"Healthcare Policy and Management","Economics and Econometrics","Economics, Econometrics and Finance","Social Sciences","Public Administration Review","journal","0033-3352","2026-02-08T00:00:00","2026-02-08T23:47:48.789548"
"S76877748","ps","W7128443772","10.1111/puar.70087",NA,NA,"Beyond Traditional Civil Service Hiring: Alternative Pathways for Recruiting Technical Expertise",2026,"2026-02-09","article","en",0,13,1,2,1,0,FALSE,FALSE,FALSE,FALSE,"closed",NA,NA,NA,NA,"Labor market dynamics and wage inequality","Economics and Econometrics","Economics, Econometrics and Finance","Social Sciences","Public Administration Review","journal","0033-3352","2026-02-10T00:00:00","2026-02-11T14:41:00.668223"
"S76877748","ps","W7128547280","10.1111/puar.70062",NA,NA,"Complexity in Service Provision: Unpacking Administrative Capacity to Understand Differential Performance",2026,"2026-02-09","article","en",0,63,1,1,1,0,FALSE,FALSE,FALSE,TRUE,"bronze",NA,NA,NA,NA,"Public Policy and Administration Research","Public Administration","Social Sciences","Social Sciences","Public Administration Review","journal","0033-3352","2026-02-11T00:00:00","2026-02-11T22:13:25.172316"
"S76877748","ps","W7128590419","10.1111/puar.70096",NA,NA,"Religious Beliefs in Collaborative Environmental Governance: Evidence From Indonesia",2026,"2026-02-11","article","en",0,67,1,2,2,0,FALSE,FALSE,FALSE,TRUE,"hybrid",NA,NA,NA,NA,"Religion, Ecology, and Ethics","Sociology and Political Science","Social Sciences","Social Sciences","Public Administration Review","journal","0033-3352","2026-02-11T00:00:00","2026-02-13T13:36:01.753593"
"S76877748","ps","W7128768402","10.1111/puar.70097",NA,NA,"The Organizational Dynamics of Bureaucratic Resistance to Undemocratic Pressures: A Conjoint Experiment in Brazil",2026,"2026-02-12","article","en",0,101,2,2,6,0,FALSE,FALSE,FALSE,TRUE,"hybrid",NA,NA,NA,NA,"Public Policy and Administration Research","Public Administration","Social Sciences","Social Sciences","Public Administration Review","journal","0033-3352","2026-02-14T00:00:00","2026-02-14T06:27:19.455381"
"S76877748","ps","W7128778127","10.1111/puar.70098",NA,NA,"Re‐Imagining the Epistemic Possibilities of <scp>GPT</scp> for Public Administration Research in Competitive Settings",2026,"2026-02-13","article","en",0,57,1,1,2,0,FALSE,FALSE,FALSE,TRUE,"hybrid",NA,NA,NA,NA,"Computational and Text Analysis Methods","General Social Sciences","Social Sciences","Social Sciences","Public Administration Review","journal","0033-3352","2026-02-14T00:00:00","2026-02-15T05:58:04.055770"
"S76877748","ps","W7128790565","10.1111/puar.70094",NA,NA,"A Chequered History but Positive Future for British Public Administration",2026,"2026-02-12","article","en",0,44,5,1,8,0,FALSE,FALSE,FALSE,TRUE,"hybrid",NA,NA,NA,NA,"Public Policy and Administration Research","Public Administration","Social Sciences","Social Sciences","Public Administration Review","journal","0033-3352","2026-02-14T00:00:00","2026-02-15T05:58:04.055770"
"S76877748","ps","W7129103483","10.1111/puar.70095",NA,NA,"When Network Meets Bureaucracy: Direct and Indirect Effects of Mandates on Crisis Response Collaboration",2026,"2026-02-16","article","en",0,56,1,1,1,0,FALSE,FALSE,FALSE,FALSE,"closed",NA,NA,NA,NA,"Disaster Management and Resilience","Sociology and Political Science","Social Sciences","Social Sciences","Public Administration Review","journal","0033-3352","2026-02-17T00:00:00","2026-02-17T06:10:05.244387"
"S76877748","ps","W7130356743","10.1111/puar.70101",NA,NA,"Contextualizing the Effect of Community Social Capital on Racial Health Disparities: The Moderating Role of Racial Segregation and Citizen Ideology",2026,"2026-02-18","article","en",0,71,1,2,2,0,FALSE,FALSE,FALSE,TRUE,"hybrid",NA,NA,NA,NA,"Community Health and Development","General Health Professions","Health Professions","Health Sciences","Public Administration Review","journal","0033-3352","2026-02-19T00:00:00","2026-02-20T06:14:18.993340"
"S37623806","ps","W7125510776","10.1080/14719037.2026.2620549",NA,NA,"Street-level bureaucrats’ cognitive coping during public service delivery: a systematic literature review",2026,"2026-01-23","article","en",1,100,1,1,2,351,FALSE,FALSE,FALSE,FALSE,"closed",NA,NA,"1","31","Public Policy and Administration Research","Public Administration","Social Sciences","Social Sciences","Public Management Review","journal","1471-9037","2026-01-24T00:00:00","2026-01-25T23:04:38.658462"
"S37623806","ps","W2171280972","10.1080/14719030601181266",NA,"2171280972","The autonomy – control balance in Flemish arm's length public agencies",2007,"2007-03-01","article","sk",35,41,3,1,1,3.0421,FALSE,FALSE,FALSE,FALSE,"closed","9","1","107","133","Public Policy and Administration Research","Public Administration","Social Sciences","Social Sciences","Public Management Review","journal","1471-9037","2016-06-24T00:00:00","2025-11-06T03:46:38.306776"
"S37623806","ps","W1561419200","10.1080/14719037.2010.536059",NA,"1561419200","Extending Time – Extended Benefits",2011,"2011-02-01","article","sk",20,39,5,1,2,2.0372,FALSE,FALSE,FALSE,FALSE,"closed","13","2","309","320","Public Policy and Administration Research","Public Administration","Social Sciences","Social Sciences","Public Management Review","journal","1471-9037","2025-10-10T00:00:00","2025-11-06T03:46:38.306776"
"S37623806","ps","W1968032112","10.1080/14719030802264275",NA,"1968032112","Municipal corporatization in Germany and Italy",2008,"2008-09-01","article","en",252,64,3,3,2,NA,FALSE,FALSE,FALSE,FALSE,"closed","10","5","597","617",NA,NA,NA,NA,"Public Management Review","journal","1471-9037","2025-10-10T00:00:00","2026-02-26T08:16:20.718346"
"S37623806","ps","W2115277736","10.1080/14719037.2013.822530",NA,"2115277736","Effect of the Government’s Use of Social Media on the Reliability of the Government: Focus on Twitter",2013,"2013-08-25","article","en",84,51,2,1,3,NA,FALSE,FALSE,FALSE,FALSE,"closed","17","3","328","355",NA,NA,NA,NA,"Public Management Review","journal","1471-9037","2025-10-10T00:00:00","2026-02-09T09:26:11.010843"
"S37623806","ps","W2924259958","10.1080/14719037.2019.1588354",NA,"2924259958","Ambidextrous practices in public service organizations: innovation and optimization tensions in Dutch water authorities",2019,"2019-03-26","article","en",84,71,5,1,3,NA,FALSE,FALSE,FALSE,TRUE,"bronze","22","3","341","363",NA,NA,NA,NA,"Public Management Review","journal","1471-9037","2025-10-10T00:00:00","2026-02-09T09:26:11.010843"
"S37623806","ps","W2124470229","10.1080/14719030500518857",NA,"2124470229","Managing implementation processes",2006,"2006-03-01","article","en",59,76,2,1,3,NA,FALSE,FALSE,FALSE,FALSE,"closed","8","1","87","118",NA,NA,NA,NA,"Public Management Review","journal","1471-9037","2025-10-10T00:00:00","2026-02-09T09:26:11.010843"
"S37623806","ps","W2804745767","10.1080/14719037.2018.1473472",NA,"2804745767","Perceived managerial autonomy in municipally owned corporations: disentangling the impact of output control, process control, and policy-profession conflict",2018,"2018-05-18","article","en",55,70,4,2,2,NA,FALSE,FALSE,FALSE,FALSE,"closed","21","2","187","211",NA,NA,NA,NA,"Public Management Review","journal","1471-9037","2018-06-01T00:00:00","2026-02-09T09:26:11.010843"
"S37623806","ps","W3197372976","10.1080/14719037.2021.1972704",NA,"3197372976","Co-creation and co-production in municipal risk governance – A case study of citizen participation in a German city",2021,"2021-09-02","article","en",37,72,2,1,2,NA,FALSE,FALSE,FALSE,FALSE,"closed","25","2","376","403",NA,NA,NA,NA,"Public Management Review","journal","1471-9037","2025-10-10T00:00:00","2026-02-22T07:55:48.035378"
"S37623806","ps","W1585794152","10.1080/14719030802264234",NA,"1585794152","Reforming local public services",2008,"2008-09-01","article","en",27,35,2,1,1,NA,FALSE,FALSE,FALSE,FALSE,"closed","10","5","573","596",NA,NA,NA,NA,"Public Management Review","journal","1471-9037","2025-10-10T00:00:00","2026-02-09T09:26:11.010843"
"S37623806","ps","W4220820037","10.1080/14719037.2022.2051065",NA,NA,"A policy-centred approach to inter-municipal cooperation",2022,"2022-03-23","article","en",18,67,3,1,2,NA,FALSE,FALSE,FALSE,TRUE,"bronze","25","10","1859","1880",NA,NA,NA,NA,"Public Management Review","journal","1471-9037","2025-10-10T00:00:00","2026-02-09T09:26:11.010843"
"S37623806","ps","W4416227960","10.1080/14719037.2025.2582610",NA,NA,"Unpacking the microfoundations of educational innovation and change: a multi-level study of ambidexterity, commitment, and trust using Coleman’s bathtub model",2025,"2025-11-14","article","en",4,130,1,3,5,NA,FALSE,FALSE,FALSE,TRUE,"hybrid",NA,NA,"1","40",NA,NA,NA,NA,"Public Management Review","journal","1471-9037","2025-11-15T00:00:00","2026-02-21T08:31:23.865262"
"S37623806","ps","W4415783764","10.1080/14719037.2025.2582602",NA,NA,"Value co-creation at service user interface: contribution of public service professionals",2025,"2025-11-02","article","en",1,68,1,1,3,NA,FALSE,FALSE,FALSE,TRUE,"hybrid",NA,NA,"1","29",NA,NA,NA,NA,"Public Management Review","journal","1471-9037","2025-11-03T00:00:00","2025-11-06T03:46:38.306776"
"S37623806","ps","W4415947240","10.1080/14719037.2025.2578798",NA,NA,"Performance feedback and policy diffusion: evidence from Chinese city governments subsidizing new energy vehicles",2025,"2025-11-05","article","en",1,42,1,2,3,NA,FALSE,FALSE,FALSE,FALSE,"closed",NA,NA,"1","26",NA,NA,NA,NA,"Public Management Review","journal","1471-9037","2025-11-06T00:00:00","2025-11-06T23:20:22.142202"
"S37623806","ps","W4410386542","10.1080/14719037.2025.2505149",NA,NA,"Explaining patterns of co-creation in Swiss local governance",2025,"2025-05-15","article","en",0,71,1,0,3,NA,FALSE,FALSE,FALSE,TRUE,"hybrid",NA,NA,"1","23",NA,NA,NA,NA,"Public Management Review","journal","1471-9037","2025-10-10T00:00:00","2025-11-06T03:46:38.306776"
"S37623806","ps","W4415686432","10.1080/14719037.2025.2577384",NA,NA,"Serving a greater purpose: public servants’ views on meaningful digitalization and automation in street-level bureaucracies",2025,"2025-10-29","article","en",0,63,1,1,1,NA,FALSE,FALSE,FALSE,TRUE,"hybrid",NA,NA,"1","27",NA,NA,NA,NA,"Public Management Review","journal","1471-9037","2025-10-30T00:00:00","2025-11-06T03:46:38.306776"
"S37623806","ps","W4415805913","10.1080/14719037.2025.2582589",NA,NA,"Social influence or normative conflict? An experimental study of online consumer reviews and citizen evaluations of an angency’s service",2025,"2025-11-03","article","en",0,48,1,1,1,NA,FALSE,FALSE,FALSE,FALSE,"closed",NA,NA,"1","30",NA,NA,NA,NA,"Public Management Review","journal","1471-9037","2025-11-03T00:00:00","2025-11-06T03:46:38.306776"
"S37623806","ps","W4415837357","10.1080/14719037.2025.2580419",NA,NA,"Should I stay or should I go? Political fragmentation and manager turnover – evidence from local government in Norway",2025,"2025-11-03","article","en",0,69,1,1,1,NA,FALSE,FALSE,FALSE,TRUE,"hybrid",NA,NA,"1","21",NA,NA,NA,NA,"Public Management Review","journal","1471-9037","2025-11-04T00:00:00","2025-11-06T03:46:38.306776"
"S37623806","ps","W4416070275","10.1080/14719037.2025.2580416",NA,NA,"The relational edge: arbitrage as a key capability in platform organizations",2025,"2025-11-10","article","en",0,42,1,1,2,NA,FALSE,FALSE,FALSE,FALSE,"closed",NA,NA,"1","28",NA,NA,NA,NA,"Public Management Review","journal","1471-9037","2025-11-10T00:00:00","2025-11-28T10:03:06.258324"
"S37623806","ps","W4416303001","10.1080/14719037.2025.2590465",NA,NA,"Legitimacy building in crisis: how citizen-led mutual aid self-organizations emerged and survived during Shanghai’s COVID-19 Outbreak",2025,"2025-11-17","article","en",0,81,1,1,2,NA,FALSE,FALSE,FALSE,FALSE,"closed",NA,NA,"1","27",NA,NA,NA,NA,"Public Management Review","journal","1471-9037","2025-11-18T00:00:00","2025-11-28T10:44:28.557282"
"S37623806","ps","W4416444630","10.1080/14719037.2025.2591760",NA,NA,"Reputation signals, individual characteristics and citizens’ coproduction willingness",2025,"2025-11-19","article","en",0,64,1,2,3,NA,FALSE,FALSE,FALSE,FALSE,"closed",NA,NA,"1","26",NA,NA,NA,NA,"Public Management Review","journal","1471-9037","2025-11-20T00:00:00","2025-11-28T14:19:56.482483"
"S37623806","ps","W4416505472","10.1080/14719037.2025.2591752",NA,NA,"Administrative burden in public contracting: are bidders looking away?",2025,"2025-11-21","article","en",0,69,1,3,4,NA,FALSE,FALSE,FALSE,FALSE,"closed",NA,NA,"1","31",NA,NA,NA,NA,"Public Management Review","journal","1471-9037","2025-11-23T00:00:00","2025-11-28T16:02:14.255036"
"S37623806","ps","W4416614367","10.1080/14719037.2025.2590476",NA,NA,"Does merging mandated collaborative governance networks improve community-based community outputs?",2025,"2025-11-23","article","en",0,72,1,1,3,NA,FALSE,FALSE,FALSE,FALSE,"closed",NA,NA,"1","32",NA,NA,NA,NA,"Public Management Review","journal","1471-9037","2025-11-25T00:00:00","2025-11-28T18:39:55.051117"
"S37623806","ps","W4416685225","10.1080/14719037.2025.2592766",NA,NA,"Out of sight, out of mind?: telework and gender inequality in performance appraisals",2025,"2025-11-26","article","en",0,68,1,1,1,NA,FALSE,FALSE,FALSE,FALSE,"closed",NA,NA,"1","34",NA,NA,NA,NA,"Public Management Review","journal","1471-9037","2025-11-27T00:00:00","2025-11-28T20:39:18.532534"
"S37623806","ps","W4416895757","10.1080/14719037.2025.2596789",NA,NA,"Understanding collaboration as response to red tape among Street-level bureaucrats: a curvilinear relationship",2025,"2025-12-01","article","en",0,58,1,1,2,NA,FALSE,FALSE,FALSE,TRUE,"hybrid",NA,NA,"1","25",NA,NA,NA,NA,"Public Management Review","journal","1471-9037","2025-12-02T00:00:00","2025-12-03T00:07:38.036990"
"S37623806","ps","W4416895837","10.1080/14719037.2025.2597960",NA,NA,"Public sector effectiveness: the role of wellbeing, and inclusive working environment",2025,"2025-12-01","article","en",0,81,1,3,4,NA,FALSE,FALSE,FALSE,FALSE,"closed",NA,NA,"1","24",NA,NA,NA,NA,"Public Management Review","journal","1471-9037","2025-12-02T00:00:00","2025-12-03T00:07:38.036990"
"S37623806","ps","W4416905997","10.1080/14719037.2025.2595134",NA,NA,"Dialogic and agonistic possibilities and limits of visual accounting: an action research of carbon emission reporting in Scottish city council",2025,"2025-12-02","article","en",0,76,2,1,3,NA,FALSE,FALSE,FALSE,TRUE,"green",NA,NA,"1","28",NA,NA,NA,NA,"Public Management Review","journal","1471-9037","2025-12-02T00:00:00","2026-02-05T00:54:17.221276"
"S37623806","ps","W4416941695","10.1080/14719037.2025.2592770",NA,NA,"Sector switchers, what drives you? Exploring career shifts from private to public sector",2025,"2025-12-03","article","en",0,113,1,1,2,NA,FALSE,FALSE,FALSE,FALSE,"closed",NA,NA,"1","36",NA,NA,NA,NA,"Public Management Review","journal","1471-9037","2025-12-03T00:00:00","2025-12-03T23:12:59.920255"
"S37623806","ps","W4416946733","10.1080/14719037.2025.2597957",NA,NA,"The roles of high-tech companies in collaborative emergency response networks",2025,"2025-12-03","article","en",0,57,1,2,3,NA,FALSE,FALSE,FALSE,TRUE,"hybrid",NA,NA,"1","30",NA,NA,NA,NA,"Public Management Review","journal","1471-9037","2025-12-03T00:00:00","2025-12-04T23:47:47.292601"
"S37623806","ps","W4416950213","10.1080/14719037.2025.2597959",NA,NA,"Exploring tensions between appropriateness and consequences in digitally-induced change: empirical evidence from a public museum",2025,"2025-12-03","article","en",0,69,1,1,2,NA,FALSE,FALSE,FALSE,FALSE,"closed",NA,NA,"1","35",NA,NA,NA,NA,"Public Management Review","journal","1471-9037","2025-12-03T00:00:00","2025-12-04T23:47:47.292601"
"S37623806","ps","W4416979027","10.1080/14719037.2025.2596785",NA,NA,"Sustainable career indicators in public sector employment: exploring the influence of job resources and HRM practices",2025,"2025-12-03","article","en",0,77,2,4,2,NA,FALSE,FALSE,FALSE,FALSE,"closed",NA,NA,"1","31",NA,NA,NA,NA,"Public Management Review","journal","1471-9037","2025-12-04T00:00:00","2026-02-05T00:54:17.221276"
"S37623806","ps","W4417089764","10.1080/14719037.2025.2598821",NA,NA,"Damage control: an experimental study on the impact of regulatory communication strategies on citizen trust after regulatory failure",2025,"2025-12-07","article","en",0,56,3,3,4,NA,FALSE,FALSE,FALSE,TRUE,"green",NA,NA,"1","27",NA,NA,NA,NA,"Public Management Review","journal","1471-9037","2025-12-07T00:00:00","2025-12-07T23:44:45.987378"
"S37623806","ps","W4417296493","10.1080/14719037.2025.2601086",NA,NA,"Performing change: the institutional logics of internal restructuring in the public sector",2025,"2025-12-13","article","en",0,62,1,1,3,NA,FALSE,FALSE,FALSE,FALSE,"closed",NA,NA,"1","32",NA,NA,NA,NA,"Public Management Review","journal","1471-9037","2025-12-13T00:00:00","2025-12-13T23:15:11.045004"
"S37623806","ps","W4417324003","10.1080/14719037.2025.2604099",NA,NA,"Citizens’ experiences with a public ombud: applying Beck Jørgensen and Bozeman’s public values model to empirical data",2025,"2025-12-15","article","en",0,28,1,1,2,NA,FALSE,FALSE,FALSE,TRUE,"hybrid",NA,NA,"1","26",NA,NA,NA,NA,"Public Management Review","journal","1471-9037","2025-12-15T00:00:00","2025-12-16T23:43:54.943958"
"S37623806","ps","W4417519856","10.1080/14719037.2025.2604103",NA,NA,"Co-creation and the boundaries of democracy: institutional tensions in the Nordic welfare municipality",2025,"2025-12-19","article","en",0,92,1,1,2,NA,FALSE,FALSE,FALSE,TRUE,"hybrid",NA,NA,"1","32",NA,NA,NA,NA,"Public Management Review","journal","1471-9037","2025-12-20T00:00:00","2025-12-21T02:06:08.432651"
"S37623806","ps","W7117993549","10.1080/14719037.2025.2610360",NA,NA,"Managing emergencies and shaping images: how swift crisis interventions affect public perception of local government reputation",2026,"2026-01-02","article","en",0,53,1,3,4,0,FALSE,FALSE,FALSE,FALSE,"closed",NA,NA,"1","27","Public Relations and Crisis Communication","Communication","Social Sciences","Social Sciences","Public Management Review","journal","1471-9037","2026-01-02T00:00:00","2026-01-30T23:17:42.513302"
"S37623806","ps","W7118497387","10.1080/14719037.2025.2607623",NA,NA,"How leaders navigate dysfunctional interdependency: the interplay between leading and politicking in Ghanaian public hospitals",2026,"2026-01-06","article","en",0,117,2,2,3,0,FALSE,FALSE,FALSE,TRUE,"hybrid",NA,NA,"1","42","Public Policy and Administration Research","Public Administration","Social Sciences","Social Sciences","Public Management Review","journal","1471-9037","2026-01-08T00:00:00","2026-01-08T20:10:11.968330"
"S37623806","ps","W7119492426","10.1080/14719037.2025.2606829",NA,NA,"Lost in translation <i>how public managers across hierarchical levels shape customization depending on their managerial or professional identity</i>",2026,"2026-01-08","article","en",0,69,1,2,4,0,FALSE,FALSE,FALSE,FALSE,"closed",NA,NA,"1","30","Management and Organizational Studies","Organizational Behavior and Human Resource Management","Business, Management and Accounting","Social Sciences","Public Management Review","journal","1471-9037","2026-01-09T00:00:00","2026-01-09T23:14:04.187858"
"S37623806","ps","W7122702441","10.1080/14719037.2025.2605474",NA,NA,"Goal-attainment in collaborative climate governance: the role of agile leadership practices in spurring collaborative outputs",2026,"2026-01-12","article","en",0,82,2,1,2,0,FALSE,FALSE,FALSE,FALSE,"closed",NA,NA,"1","36","Sustainability and Climate Change Governance","Global and Planetary Change","Environmental Science","Physical Sciences","Public Management Review","journal","1471-9037","2026-01-13T00:00:00","2026-01-13T01:18:01.560105"
"S37623806","ps","W7123832169","10.1080/14719037.2026.2613943",NA,NA,"Innovation from the margins: policy entrepreneurship and public sector innovation in centralized contexts",2026,"2026-01-13","article","en",0,102,1,4,4,0,FALSE,FALSE,FALSE,FALSE,"closed",NA,NA,"1","35","Policy Transfer and Learning","Political Science and International Relations","Social Sciences","Social Sciences","Public Management Review","journal","1471-9037","2026-01-14T00:00:00","2026-01-14T23:44:37.837170"
"S37623806","ps","W7124886408","10.1080/14719037.2026.2616768",NA,NA,"The politics of fiscal constraints: stakeholder influence in the budget process",2026,"2026-01-19","article","en",0,20,1,2,3,0,FALSE,FALSE,FALSE,FALSE,"closed",NA,NA,"1","27","Fiscal Policies and Political Economy","Economics and Econometrics","Economics, Econometrics and Finance","Social Sciences","Public Management Review","journal","1471-9037","2026-01-21T00:00:00","2026-01-21T23:35:09.540996"
"S37623806","ps","W7125492294","10.1080/14719037.2026.2620546",NA,NA,"Digital surveillance governance: understanding developments in the use of personal data in public sector reform",2026,"2026-01-23","article","en",0,97,1,1,1,0,FALSE,FALSE,FALSE,TRUE,"hybrid",NA,NA,"1","28","Privacy, Security, and Data Protection","Sociology and Political Science","Social Sciences","Social Sciences","Public Management Review","journal","1471-9037","2026-01-24T00:00:00","2026-01-25T23:04:38.658462"
"S37623806","ps","W7125786772","10.1080/14719037.2026.2620544",NA,NA,"Institutional complexity of public sector reform: conflicts and dynamics in local–regional cooperation",2026,"2026-01-27","article","en",0,67,1,1,5,0,FALSE,FALSE,FALSE,TRUE,"hybrid",NA,NA,"1","30","Public Policy and Administration Research","Public Administration","Social Sciences","Social Sciences","Public Management Review","journal","1471-9037","2026-01-28T00:00:00","2026-01-28T23:18:48.515280"
"S37623806","ps","W7125928512","10.1080/14719037.2026.2622525",NA,NA,"Postfeminist career retreatism among women leaders in the public sector",2026,"2026-01-28","article","en",0,51,4,2,3,0,FALSE,FALSE,FALSE,TRUE,"green",NA,NA,"1","27","Gender Diversity and Inequality","Gender Studies","Social Sciences","Social Sciences","Public Management Review","journal","1471-9037","2026-01-29T00:00:00","2026-02-25T08:12:03.925757"
"S37623806","ps","W7126012851","10.1080/14719037.2026.2619479",NA,NA,"Examining the drivers of citizen-to-citizen co-production amidst administrative burdens: a randomized experiment",2026,"2026-01-29","article","en",0,93,1,1,1,0,FALSE,FALSE,FALSE,FALSE,"closed",NA,NA,"1","32","Public Policy and Administration Research","Public Administration","Social Sciences","Social Sciences","Public Management Review","journal","1471-9037","2026-01-30T00:00:00","2026-01-30T23:21:52.101496"
"S37623806","ps","W7126434381","10.1080/14719037.2026.2621820",NA,NA,"Failing accountability: exploring the effect of coproduction on public blame attribution after service failures",2026,"2026-01-31","article","en",0,43,1,1,1,0,FALSE,FALSE,FALSE,FALSE,"closed",NA,NA,"1","27","Psychology of Social Influence","Sociology and Political Science","Social Sciences","Social Sciences","Public Management Review","journal","1471-9037","2026-02-02T00:00:00","2026-02-03T00:53:05.648605"
"S37623806","ps","W7127143458","10.1080/14719037.2026.2623188",NA,NA,"Beyond the birdcage: building trust in different regulatory contexts",2026,"2026-02-02","article","en",0,75,2,1,3,0,FALSE,FALSE,FALSE,TRUE,"hybrid",NA,NA,"1","27","Public Policy and Administration Research","Public Administration","Social Sciences","Social Sciences","Public Management Review","journal","1471-9037","2026-02-03T00:00:00","2026-02-06T02:01:19.302388"
"S37623806","ps","W7127643500","10.1080/14719037.2026.2626348",NA,NA,"Citizen coproduction motivations: a systematic review and the SPIENM framework",2026,"2026-02-04","article","en",0,76,1,2,4,NA,FALSE,FALSE,FALSE,FALSE,"closed",NA,NA,"1","38","Community Health and Development","General Health Professions","Health Professions","Health Sciences","Public Management Review","journal","1471-9037","2026-02-06T00:00:00","2026-02-06T02:05:47.483045"
"S37623806","ps","W7128407103","10.1080/14719037.2025.2609173",NA,NA,"Institutional logic relationships and sustainable change in healthcare: a systematic review of the literature",2026,"2026-02-08","article","en",0,90,1,3,2,0,FALSE,FALSE,FALSE,FALSE,"closed",NA,NA,"1","34","Climate Change and Health Impacts","Health, Toxicology and Mutagenesis","Environmental Science","Physical Sciences","Public Management Review","journal","1471-9037","2026-02-10T00:00:00","2026-02-10T06:17:13.238206"
"S37623806","ps","W7128696590","10.1080/14719037.2026.2628965",NA,NA,"Characterizing the interactions between technology, organization, and people in government digital transformation: a multilevel view of enactment",2026,"2026-02-11","article","en",0,58,1,2,4,0,FALSE,FALSE,FALSE,FALSE,"closed",NA,NA,"1","30","E-Government and Public Services","Political Science and International Relations","Social Sciences","Social Sciences","Public Management Review","journal","1471-9037","2026-02-13T00:00:00","2026-02-13T13:40:29.240086"
"S37623806","ps","W7129008226","10.1080/14719037.2026.2628119",NA,NA,"What drives parents to co-create value in public schools: examining the role of ideological orientation",2026,"2026-02-15","article","en",0,99,1,1,5,0,FALSE,FALSE,FALSE,TRUE,"hybrid",NA,NA,"1","32","Parental Involvement in Education","Education","Social Sciences","Social Sciences","Public Management Review","journal","1471-9037","2026-02-17T00:00:00","2026-02-17T06:10:05.244387"
"S37623806","ps","W7129035668","10.1080/14719037.2026.2631749",NA,NA,"Public service logic: a systematic literature review",2026,"2026-02-15","article","en",0,79,2,2,3,0,FALSE,FALSE,FALSE,TRUE,"hybrid",NA,NA,"1","38","Service and Product Innovation","Marketing","Business, Management and Accounting","Social Sciences","Public Management Review","journal","1471-9037","2026-02-17T00:00:00","2026-02-23T20:09:44.859080"
"S37623806","ps","W7129096646","10.1080/14719037.2026.2631748",NA,NA,"Third time’s the charm: revisiting the customer in public service logic",2026,"2026-02-16","article","en",0,89,1,1,4,0,FALSE,FALSE,FALSE,TRUE,"hybrid",NA,NA,"1","29","Service and Product Innovation","Marketing","Business, Management and Accounting","Social Sciences","Public Management Review","journal","1471-9037","2026-02-17T00:00:00","2026-02-18T06:20:13.636215"
"S37623806","ps","W7130384756","10.1080/14719037.2026.2630985",NA,NA,"A tyranny of metrics vs. a tool for learning: exploring performance information use on the spectrum of formal to relational in outcomes-based contracts",2026,"2026-02-17","article","en",0,36,1,2,4,0,FALSE,FALSE,FALSE,TRUE,"hybrid",NA,NA,"1","26","Business Law and Ethics","Accounting","Business, Management and Accounting","Social Sciences","Public Management Review","journal","1471-9037","2026-02-19T00:00:00","2026-02-19T06:31:58.851227"
"S37623806","ps","W7130402459","10.1080/14719037.2026.2632703",NA,NA,"In transparent government we trust: open government data, transparency perception, and public trust in China",2026,"2026-02-18","article","en",0,61,1,1,2,0,FALSE,FALSE,FALSE,FALSE,"closed",NA,NA,"1","25","E-Government and Public Services","Political Science and International Relations","Social Sciences","Social Sciences","Public Management Review","journal","1471-9037","2026-02-19T00:00:00","2026-02-19T06:31:58.851227"
"S201221823","ps","W2017744492","10.1111/j.1467-9299.2009.01802.x",NA,"2017744492","THIS ARTICLE HAS BEEN RETRACTED: STRENGTHENING THE LINK BETWEEN PERFORMANCE MEASUREMENT AND DECISION MAKING",2009,"2009-12-18","article","en",17,51,1,1,1,1.035,TRUE,FALSE,FALSE,FALSE,"closed","89","3","860","878","Public Policy and Administration Research","Public Administration","Social Sciences","Social Sciences","Public Administration","journal","0033-3298","2025-10-10T00:00:00","2026-03-07T13:37:22.277990"
"S201221823","ps","W7124429930","10.1111/padm.70041",NA,NA,"From Discretion to Calculation: How Analog Automation Shaped Digitalization of Finnish Social Assistance",2026,"2026-01-15","article","en",0,66,1,1,3,0,FALSE,FALSE,FALSE,TRUE,"hybrid",NA,NA,NA,NA,"E-Government and Public Services","Political Science and International Relations","Social Sciences","Social Sciences","Public Administration","journal","0033-3298","2026-01-17T00:00:00","2026-01-17T23:15:25.596738"
"S201221823","ps","W7125430663","10.1111/padm.70040",NA,NA,"The Bumps in the Road Toward Social Equity Budgeting: The Administrative Pitfalls When Implementing Participatory Budgeting",2026,"2026-01-21","article","en",0,40,1,1,2,0,FALSE,FALSE,TRUE,TRUE,"hybrid",NA,NA,NA,NA,"Public Policy and Administration Research","Public Administration","Social Sciences","Social Sciences","Public Administration","journal","0033-3298","2026-01-23T00:00:00","2026-03-13T14:20:09.374765"
"S201221823","ps","W7125950954","10.1111/padm.70042",NA,NA,"Enhancing Citizens' Willingness to Engage in Co‐Production: Insights Into Value Creation as a Key Motivator",2026,"2026-01-28","article","en",0,84,1,1,3,0,FALSE,FALSE,FALSE,FALSE,"closed",NA,NA,NA,NA,"Innovative Approaches in Technology and Social Development","Management of Technology and Innovation","Business, Management and Accounting","Social Sciences","Public Administration","journal","0033-3298","2026-01-29T00:00:00","2026-01-29T23:17:01.242718"
"S201221823","ps","W7128390684","10.1111/padm.70048",NA,NA,"The Impact of Active Engagement With Performance Information on Citizens Views on Public Services: A Budget Game Experiment",2026,"2026-02-08","article","en",0,45,1,1,3,0,FALSE,FALSE,TRUE,TRUE,"bronze",NA,NA,NA,NA,"Public Policy and Administration Research","Public Administration","Social Sciences","Social Sciences","Public Administration","journal","0033-3298","2026-02-10T00:00:00","2026-03-11T06:11:40.159057"
"S201221823","ps","W7128549336","10.1111/padm.70046",NA,NA,"Whose Priorities? Social Equity in the Priority‐Based Budgeting Process",2026,"2026-02-10","article","en",0,56,1,1,3,0,FALSE,FALSE,FALSE,FALSE,"closed",NA,NA,NA,NA,"Public Policy and Administration Research","Public Administration","Social Sciences","Social Sciences","Public Administration","journal","0033-3298","2026-02-11T00:00:00","2026-02-11T22:13:25.172316"
"S201221823","ps","W7128717635","10.1111/padm.70043",NA,NA,"Holding <scp>AI</scp> Accountable Like Herding Cats: The Contingent Impact on the Legitimacy of Algorithmic Bureaucracy",2026,"2026-02-12","article","en",0,85,1,1,2,0,FALSE,FALSE,TRUE,TRUE,"bronze",NA,NA,NA,NA,"Ethics and Social Impacts of AI","Safety Research","Social Sciences","Social Sciences","Public Administration","journal","0033-3298","2026-02-13T00:00:00","2026-03-13T14:20:09.374765"
"S201221823","ps","W7130651985","10.1111/padm.70049",NA,NA,"Equity How and Equity for Whom? Incorporating Equity Into Local Government Budgeting Processes",2026,"2026-02-19","article","en",0,45,1,2,3,0,FALSE,FALSE,FALSE,FALSE,"closed",NA,NA,NA,NA,"Public Policy and Administration Research","Public Administration","Social Sciences","Social Sciences","Public Administration","journal","0033-3298","2026-02-20T00:00:00","2026-03-09T07:00:12.390032"
"S201221823","ps","W7134181983","10.1111/padm.70054",NA,NA,"Who Is Accountable? How Citizens Attribute Success and Failure in Cross‐Sector Collaborations",2026,"2026-03-07","article","en",0,62,2,2,3,0,FALSE,FALSE,FALSE,TRUE,"hybrid",NA,NA,NA,NA,"Nonprofit Sector and Volunteering","Sociology and Political Science","Social Sciences","Social Sciences","Public Administration","journal","0033-3298","2026-03-09T00:00:00","2026-03-12T08:34:05.389933"
"S201221823","ps","W7134193499","10.1111/padm.70050",NA,NA,"Do Government Interventions Improve Local Public Service Performance? Evidence From a Synthetic Control Approach",2026,"2026-03-02","article","en",0,66,2,1,1,0,FALSE,FALSE,TRUE,TRUE,"hybrid",NA,NA,NA,NA,"Public Policy and Administration Research","Public Administration","Social Sciences","Social Sciences","Public Administration","journal","0033-3298","2026-03-09T00:00:00","2026-03-12T08:34:05.389933"
"S201221823","ps","W7134852946","10.1111/padm.70047",NA,NA,"Possibilities for Social Equity Budgeting: Critical Insights From Bentham?",2026,"2026-03-09","article","en",0,70,2,3,3,0,FALSE,FALSE,TRUE,TRUE,"hybrid",NA,NA,NA,NA,"Community Development and Social Impact","Finance","Economics, Econometrics and Finance","Social Sciences","Public Administration","journal","0033-3298","2026-03-11T00:00:00","2026-03-17T09:09:15.849793"
"S201221823","ps","W7134897880","10.1111/padm.70053",NA,NA,"How Do Strikes and Lockouts Affect Applications to Danish Public Service Professional Education Programs? A Synthetic Control Analysis",2026,"2026-03-10","article","en",0,42,2,1,2,0,FALSE,FALSE,FALSE,TRUE,"hybrid",NA,NA,NA,NA,"Labor Movements and Unions","Public Administration","Social Sciences","Social Sciences","Public Administration","journal","0033-3298","2026-03-12T00:00:00","2026-03-15T09:29:46.208133"
"S201221823","ps","W7134900420","10.1111/padm.70051",NA,NA,"Understanding Accountability in <scp>AI</scp> Use Within the Public Sector: Insights From State Governments in the United States",2026,"2026-03-11","article","en",0,49,1,2,3,0,FALSE,FALSE,FALSE,FALSE,"closed",NA,NA,NA,NA,"Ethics and Social Impacts of AI","Safety Research","Social Sciences","Social Sciences","Public Administration","journal","0033-3298","2026-03-12T00:00:00","2026-03-13T14:20:09.374765"
"S201221823","ps","W7134939319","10.1111/padm.70052",NA,NA,"Social Equity Through Women's Empowerment: Women's Participation in Local Politics, Budgeting and Decision‐Making in Bangladesh",2026,"2026-03-10","article","en",0,32,1,3,4,0,FALSE,FALSE,FALSE,TRUE,"hybrid",NA,NA,NA,NA,"Microfinance and Financial Inclusion","Economics and Econometrics","Economics, Econometrics and Finance","Social Sciences","Public Administration","journal","0033-3298","2026-03-12T00:00:00","2026-03-13T14:20:09.374765"
"S201221823","ps","W7137182598","10.1111/padm.70056",NA,NA,"Social Equity Practices in Public Financial Management: A Conceptual Review and Proposed Reforms",2026,"2026-03-16","article","en",0,17,1,1,3,0,FALSE,FALSE,FALSE,TRUE,"hybrid",NA,NA,NA,NA,"Community Development and Social Impact","Finance","Economics, Econometrics and Finance","Social Sciences","Public Administration","journal","0033-3298","2026-03-17T00:00:00","2026-03-17T07:05:13.627479"
"S169433491","ps","W2803497048","10.1093/jopart/muy060",NA,"2803497048","Machine Learning for Public Administration Research, With Application to Organizational Reputation",2018,"2018-01-01","preprint","en",13,35,4,1,2,12.7343749,FALSE,FALSE,FALSE,TRUE,"green","29","3","491","510","Computational and Text Analysis Methods","General Social Sciences","Social Sciences","Social Sciences","Journal of Public Administration Research and Theory","journal","1053-1858","2025-10-10T00:00:00","2025-11-06T03:46:38.306776"
"S169433491","ps","W3035758024","10.1093/jopart/muab003",NA,"3035758024","Formal Hierarchies and Informal Networks: How Organizational Structure Shapes Information Search in Local Government",2021,"2021-02-18","preprint","en",7,108,4,1,3,1.29064726,FALSE,FALSE,FALSE,TRUE,"hybrid","31","4","653","669","Public Policy and Administration Research","Public Administration","Social Sciences","Social Sciences","Journal of Public Administration Research and Theory","journal","1053-1858","2025-10-10T00:00:00","2025-11-06T03:46:38.306776"
"S169433491","ps","W2305033946","10.1093/oxfordjournals.jpart.a037210",NA,"2305033946","Principled Agents: The Cultural Bases of Behavior in a Federal Government Bureaucracy&lt;xref ref-type=""fn"" rid=""fn1""&gt;&lt;sup&gt;*&lt;/sup&gt;&lt;/xref&gt;",1994,"1994-07-01","article","en",186,17,1,1,1,NA,FALSE,FALSE,FALSE,FALSE,"closed",NA,NA,NA,NA,NA,NA,NA,NA,"Journal of Public Administration Research and Theory","journal","1053-1858","2016-06-24T00:00:00","2025-11-06T03:46:38.306776"
"S169433491","ps","W2521538231","10.1093/jopart/muw050",NA,"2521538231","From High-Reliability Organizations to High-Reliability Networks: The Dynamics of Network Governance in the Face of Emergency",2016,"2016-09-23","article","en",95,78,3,3,5,NA,FALSE,FALSE,FALSE,FALSE,"closed",NA,NA,"muw050","muw050",NA,NA,NA,NA,"Journal of Public Administration Research and Theory","journal","1053-1858","2025-10-10T00:00:00","2026-02-20T08:17:22.645390"
"S169433491","ps","W4416047121","10.1093/jopart/muaf032",NA,NA,"Cultivating collaborative resilience amid volatility: implementation partnerships between law enforcement and mental health organizations",2025,"2025-10-23","article","en",1,24,1,1,1,NA,FALSE,FALSE,FALSE,FALSE,"closed","36","1","114","128",NA,NA,NA,NA,"Journal of Public Administration Research and Theory","journal","1053-1858","2025-10-31T00:00:00","2026-02-26T08:16:20.718346"
"S169433491","ps","W4210384512","10.1093/oxfordjournals.jpart.a024294",NA,NA,"Index to Volume 10",2000,"2000-10-01","article","en",0,16,2,0,2,NA,FALSE,FALSE,FALSE,TRUE,"bronze","10","4","835","836",NA,NA,NA,NA,"Journal of Public Administration Research and Theory","journal","1053-1858","2025-10-10T00:00:00","2026-01-09T06:25:30.743933"
"S169433491","ps","W4229691048","10.1093/oxfordjournals.jpart.a003517",NA,NA,"Index to Volume 11",2001,"2001-10-01","article","en",0,19,2,0,2,NA,FALSE,FALSE,FALSE,TRUE,"bronze","11","4","593","594",NA,NA,NA,NA,"Journal of Public Administration Research and Theory","journal","1053-1858","2025-10-10T00:00:00","2026-01-09T06:25:30.743933"
"S169433491","ps","W4416931959","10.1093/jopart/muaf035",NA,NA,"How wars impact public administration and street-level bureaucracy: teachers and education professionals on the frontlines of the Russian occupation in Ukraine",2025,"2025-11-28","article","en",0,41,1,2,3,NA,FALSE,FALSE,FALSE,FALSE,"closed","36","1","1","18",NA,NA,NA,NA,"Journal of Public Administration Research and Theory","journal","1053-1858","2025-12-03T00:00:00","2026-02-26T08:16:20.718346"
"S169433491","ps","W7125650879","10.1093/jopart/muag002",NA,NA,"The more expertise the better? Examining the impact of policy venue specialization on environmental policy compliance",2026,"2026-01-20","article","en",0,118,1,1,1,0,FALSE,FALSE,FALSE,FALSE,"closed",NA,NA,NA,NA,"Regulation and Compliance Studies","Strategy and Management","Business, Management and Accounting","Social Sciences","Journal of Public Administration Research and Theory","journal","1053-1858","2026-01-26T00:00:00","2026-02-20T06:14:18.993340"
"S169433491","ps","W7126212559","10.1093/jopart/muaf039",NA,NA,"Breaking down administrative burdens: a user-centered approach to increase interest in active labor market programs by women",2026,"2026-01-27","article","en",0,66,1,1,4,0,FALSE,FALSE,FALSE,TRUE,"hybrid",NA,NA,NA,NA,"Public Policy and Administration Research","Public Administration","Social Sciences","Social Sciences","Journal of Public Administration Research and Theory","journal","1053-1858","2026-02-01T00:00:00","2026-02-24T06:16:03.338239"
"S106702950","ps","W1982942159","10.1177/0275074011408589",NA,"1982942159","Does Management Performance Impact Citizen Satisfaction?",2011,"2011-05-17","article","en",47,70,1,1,2,NA,FALSE,FALSE,FALSE,FALSE,"closed","42","4","419","436",NA,NA,NA,NA,"The American Review of Public Administration","journal","0275-0740","2025-10-10T00:00:00","2026-02-06T03:54:58.731219"
"S106702950","ps","W4416994966","10.1177/02750740251400752",NA,NA,"Advancing Social Equity in Local Government Sustainability Actions: An Institutional Perspective",2025,"2025-12-04","article","en",0,63,1,2,2,NA,FALSE,FALSE,FALSE,FALSE,"closed",NA,NA,NA,NA,NA,NA,NA,NA,"The American Review of Public Administration","journal","0275-0740","2025-12-04T00:00:00","2025-12-05T23:21:25.405358"
"S106702950","ps","W4417118205","10.1177/02750740251404467",NA,NA,"Dilemma in Providing Human Services Under Transactional Contracting: A Case Study of Korea's Public Employment Service",2025,"2025-12-08","article","en",0,57,1,1,1,NA,FALSE,FALSE,FALSE,FALSE,"closed",NA,NA,NA,NA,NA,NA,NA,NA,"The American Review of Public Administration","journal","0275-0740","2025-12-08T00:00:00","2025-12-10T02:45:41.426853"
"S106702950","ps","W4417163943","10.1177/02750740251400756",NA,NA,"The Relevance of Publicness in an Era of Democratic Backsliding",2025,"2025-12-09","article","en",0,36,1,1,2,NA,FALSE,FALSE,FALSE,FALSE,"closed",NA,NA,NA,NA,NA,NA,NA,NA,"The American Review of Public Administration","journal","0275-0740","2025-12-09T00:00:00","2025-12-11T00:21:10.989143"
"S106702950","ps","W4417334110","10.1177/02750740251400754",NA,NA,"Navigating Public Sector Innovation Under Populist Contexts: Insights from Israel",2025,"2025-12-15","article","en",0,90,1,2,3,NA,FALSE,FALSE,FALSE,TRUE,"hybrid",NA,NA,NA,NA,NA,NA,NA,NA,"The American Review of Public Administration","journal","0275-0740","2025-12-15T00:00:00","2025-12-16T23:43:54.943958"
"S106702950","ps","W7118521112","10.1177/02750740251410179",NA,NA,"Sanctions on Local Government Officials: Evidence from China",2026,"2026-01-06","article","en",0,35,1,2,2,0,FALSE,FALSE,FALSE,FALSE,"closed",NA,NA,NA,NA,"Economic Sanctions and International Relations","Economics and Econometrics","Economics, Econometrics and Finance","Social Sciences","The American Review of Public Administration","journal","0275-0740","2026-01-08T00:00:00","2026-01-08T20:10:11.968330"
"S106702950","ps","W7123336887","10.1177/02750740251411848",NA,NA,"Network Embeddedness and Monitoring Mechanisms in Government-Nonprofit Public Service Delivery Agreements",2026,"2026-01-12","article","en",0,50,1,1,3,0,FALSE,FALSE,FALSE,FALSE,"closed",NA,NA,NA,NA,"Nonprofit Sector and Volunteering","Sociology and Political Science","Social Sciences","Social Sciences","The American Review of Public Administration","journal","0275-0740","2026-01-14T00:00:00","2026-01-14T00:46:21.520733"
"S106702950","ps","W7124184231","10.1177/02750740251411900",NA,NA,"You Have One Job: Political Institutions and Strategic Investments in Human Capital",2026,"2026-01-14","article","en",0,52,1,1,1,0,FALSE,FALSE,FALSE,FALSE,"closed",NA,NA,NA,NA,"Public Policy and Administration Research","Public Administration","Social Sciences","Social Sciences","The American Review of Public Administration","journal","0275-0740","2026-01-15T00:00:00","2026-01-15T23:21:31.212559"
"S39541053","ps","W2001327523","10.1080/01900692.2014.980910",NA,"2001327523","Follow the Yellow Brick Road: New Directions in Studying Political Advisers in Executive Government",2015,"2015-01-02","article","en",21,5,2,1,2,NA,FALSE,FALSE,FALSE,FALSE,"closed","38","1","1","3",NA,NA,NA,NA,"International Journal of Public Administration","journal","0190-0692","2025-10-10T00:00:00","2025-11-06T03:46:38.306776"
"S39541053","ps","W1993588646","10.1080/01900690903188776",NA,"1993588646","Toward Disorganized Governance in Public Service Provision? The Case of German Sickness Funds",2010,"2010-01-12","article","en",14,61,2,1,1,NA,FALSE,FALSE,FALSE,FALSE,"closed","33","2","61","72",NA,NA,NA,NA,"International Journal of Public Administration","journal","0190-0692","2025-10-10T00:00:00","2025-11-06T03:46:38.306776"
"S39541053","ps","W1902730847","10.1080/01900692.2015.1069839",NA,"1902730847","Control and Autonomy—The SAIs in Norway, Denmark, and Germany as Watchdogs in an NPM-Era?",2015,"2015-11-03","article","en",11,64,2,3,3,NA,FALSE,FALSE,FALSE,FALSE,"closed","38","13-14","960","970",NA,NA,NA,NA,"International Journal of Public Administration","journal","0190-0692","2025-10-10T00:00:00","2025-11-06T03:46:38.306776"
"S39541053","ps","W2801561206","10.1080/01900692.2018.1458865",NA,"2801561206","Task Environment Matters for Intra-ministerial Change: The Interaction of International Environment, Organizational and Opportunity Factors",2018,"2018-04-19","article","en",10,38,2,0,1,NA,FALSE,FALSE,FALSE,FALSE,"closed","42","4","320","333",NA,NA,NA,NA,"International Journal of Public Administration","journal","0190-0692","2025-10-10T00:00:00","2025-11-06T03:46:38.306776"
"S39541053","ps","W1973839081","10.1080/01900692.2014.880852",NA,"1973839081","German and Italian Municipalities’ Internal Control Systems: Convergence to a Neo-Weberian Reform Pattern?",2014,"2014-08-12","article","en",9,51,3,2,4,NA,FALSE,FALSE,FALSE,FALSE,"closed","37","10","601","610",NA,NA,NA,NA,"International Journal of Public Administration","journal","0190-0692","2025-10-10T00:00:00","2026-02-09T09:26:11.010843"
"S39541053","ps","W3121177405","10.1080/01900692.2018.1426012",NA,"3121177405","Public-Private Partnerships as Collaborative Projects: Testing the Theory on Cases from EU and Russia",2018,"2018-01-16","preprint","en",0,30,6,2,2,0,FALSE,FALSE,FALSE,FALSE,"closed","41","5-6","446","459","Public-Private Partnership Projects","Strategy and Management","Business, Management and Accounting","Social Sciences","International Journal of Public Administration","journal","0190-0692","2025-10-10T00:00:00","2026-02-09T09:26:11.010843"
"S39541053","ps","W4415644343","10.1080/01900692.2025.2575215",NA,NA,"The Effect of Government Quality on the Subjective Well-Being of Chinese Citizens: The Role of Political Trust and Social Fairness",2025,"2025-10-28","article","en",0,103,1,2,5,NA,FALSE,FALSE,FALSE,FALSE,"closed",NA,NA,"1","15",NA,NA,NA,NA,"International Journal of Public Administration","journal","0190-0692","2025-10-29T00:00:00","2025-11-06T03:46:38.306776"
"S39541053","ps","W4415679719","10.1080/01900692.2025.2575771",NA,NA,"Do Veterans Manage Workload Stress Better? An Analysis of Local Law Enforcement Officers and Workload Stress",2025,"2025-10-29","article","en",0,59,1,1,3,NA,FALSE,FALSE,FALSE,FALSE,"closed",NA,NA,"1","17",NA,NA,NA,NA,"International Journal of Public Administration","journal","0190-0692","2025-10-30T00:00:00","2025-11-06T03:46:38.306776"
"S39541053","ps","W4416335169","10.1080/01900692.2025.2580355",NA,NA,"Vertical Policy Synchronicity in Delivering Safe Drinking Water in Punjab, Pakistan",2025,"2025-11-18","article","en",0,28,1,1,1,NA,FALSE,FALSE,FALSE,FALSE,"closed",NA,NA,"1","15",NA,NA,NA,NA,"International Journal of Public Administration","journal","0190-0692","2025-11-19T00:00:00","2025-11-28T11:30:39.051007"
"S39541053","ps","W4416934021","10.1080/01900692.2025.2584491",NA,NA,"Boundary-Spanning Front-Line Workers Going the Extra Mile: Their Impact on Government Support, Red Tape, and Performance of Community-Based Initiatives",2025,"2025-12-02","article","en",0,45,1,1,3,NA,FALSE,FALSE,FALSE,TRUE,"hybrid",NA,NA,"1","16",NA,NA,NA,NA,"International Journal of Public Administration","journal","0190-0692","2025-12-03T00:00:00","2025-12-03T23:12:59.920255"
"S39541053","ps","W4417186381","10.1080/01900692.2025.2593229",NA,NA,"Introduction to the Special Issue: Understanding Local Government Fiscal Condition from an International and Comparative Perspective",2025,"2025-12-10","article","en",0,20,1,2,3,NA,FALSE,FALSE,FALSE,FALSE,"closed","49","4","225","228",NA,NA,NA,NA,"International Journal of Public Administration","journal","0190-0692","2025-12-10T00:00:00","2026-02-17T06:05:46.635709"
"S39541053","ps","W7117973912","10.1080/01900692.2025.2607443",NA,NA,"The Relationship Between Job Autonomy and Innovative Work Behaviors in the Public Sector",2026,"2026-01-02","article","en",0,116,1,3,3,0,FALSE,FALSE,FALSE,FALSE,"closed",NA,NA,"1","18","Job Satisfaction and Organizational Behavior","Organizational Behavior and Human Resource Management","Business, Management and Accounting","Social Sciences","International Journal of Public Administration","journal","0190-0692","2026-01-02T00:00:00","2026-01-03T23:08:47.215875"
"S39541053","ps","W7118162902","10.1080/01900692.2025.2596643",NA,NA,"Bureaucratic Red Tape and Technostress: Hierarchical Control in Technology Adoption and Employee Well-Being, and the Dual Moderating Role of Resistance to Change as a Demand or an Overlooked Resource",2026,"2026-01-05","article","en",0,96,2,2,7,0,FALSE,FALSE,FALSE,FALSE,"closed",NA,NA,"1","15","Technostress in Professional Settings","Social Psychology","Psychology","Social Sciences","International Journal of Public Administration","journal","0190-0692","2026-01-05T00:00:00","2026-01-08T20:05:33.558190"
"S39541053","ps","W7118166313","10.1080/01900692.2025.2586698",NA,NA,"Impact of Public Service Motivation on Employee Performance: A Cross-Country Comparison of Pakistan and China Public Sectors",2026,"2026-01-05","article","en",0,65,1,1,4,0,FALSE,FALSE,FALSE,FALSE,"closed",NA,NA,"1","18","Job Satisfaction and Organizational Behavior","Organizational Behavior and Human Resource Management","Business, Management and Accounting","Social Sciences","International Journal of Public Administration","journal","0190-0692","2026-01-05T00:00:00","2026-01-08T20:05:33.558190"
"S39541053","ps","W7118166974","10.1080/01900692.2025.2598029",NA,NA,"Regulating AI in State Governments: Security Challenges and Legislative Responses",2026,"2026-01-05","article","en",0,43,1,1,2,0,FALSE,FALSE,FALSE,FALSE,"closed","49","2","71","84","Ethics and Social Impacts of AI","Safety Research","Social Sciences","Social Sciences","International Journal of Public Administration","journal","0190-0692","2026-01-05T00:00:00","2026-01-08T20:05:33.558190"
"S39541053","ps","W7118186241","10.1080/01900692.2025.2596639",NA,NA,"Public Service Motivation and Organizational Identification: The Roles of Identity Salience and Organizational Prestige",2026,"2026-01-05","article","en",0,155,1,2,4,0,FALSE,FALSE,FALSE,FALSE,"closed",NA,NA,"1","19","Job Satisfaction and Organizational Behavior","Organizational Behavior and Human Resource Management","Business, Management and Accounting","Social Sciences","International Journal of Public Administration","journal","0190-0692","2026-01-05T00:00:00","2026-01-08T20:05:33.558190"
"S39541053","ps","W7118189564","10.1080/01900692.2025.2597453",NA,NA,"E-Government and Public Trust in Developing Countries: A Systematic Review and Research Agenda",2026,"2026-01-05","article","en",0,80,1,1,2,0,FALSE,FALSE,FALSE,FALSE,"closed","49","3","178","202","E-Government and Public Services","Political Science and International Relations","Social Sciences","Social Sciences","International Journal of Public Administration","journal","0190-0692","2026-01-05T00:00:00","2026-02-11T14:41:00.668223"
"S39541053","ps","W7118192747","10.1080/01900692.2025.2596644",NA,NA,"High Involvement Work Practices and Employee Well-Being in the Public Sector: Does Public Values-Focused Transactional Leadership Make a Difference?",2026,"2026-01-05","article","en",0,98,2,4,4,0,FALSE,FALSE,FALSE,FALSE,"closed",NA,NA,"1","20","Job Satisfaction and Organizational Behavior","Organizational Behavior and Human Resource Management","Business, Management and Accounting","Social Sciences","International Journal of Public Administration","journal","0190-0692","2026-01-05T00:00:00","2026-01-05T23:14:29.458489"
"S39541053","ps","W7123339114","10.1080/01900692.2025.2599373",NA,NA,"The Ten Commandments of Engaging Vulnerable Citizens in Collaborative Innovation: A Systematic Review",2026,"2026-01-12","article","en",0,32,1,1,3,0,FALSE,FALSE,FALSE,TRUE,"hybrid",NA,NA,"1","19","Innovative Approaches in Technology and Social Development","Management of Technology and Innovation","Business, Management and Accounting","Social Sciences","International Journal of Public Administration","journal","0190-0692","2026-01-14T00:00:00","2026-01-14T23:40:02.550235"
"S39541053","ps","W7124761379","10.1080/01900692.2026.2614578",NA,NA,"Enhancing Public Management Through Integrity and Organizational Citizenship Behavior: A Systematic Review",2026,"2026-01-19","article","en",0,52,1,1,6,0,FALSE,FALSE,FALSE,FALSE,"closed",NA,NA,"1","16","Public Policy and Administration Research","Public Administration","Social Sciences","Social Sciences","International Journal of Public Administration","journal","0190-0692","2026-01-20T00:00:00","2026-01-20T17:29:24.968406"
"S39541053","ps","W7125220001","10.1080/01900692.2025.2608798",NA,NA,"The Moderating Role of Personality on Municipal Managers’ Conflict Management Strategies: Evidence from a Factorial Experiment",2026,"2026-01-21","article","en",0,59,1,1,3,0,FALSE,FALSE,FALSE,FALSE,"closed",NA,NA,"1","19","Conflict Management and Negotiation","Sociology and Political Science","Social Sciences","Social Sciences","International Journal of Public Administration","journal","0190-0692","2026-01-22T00:00:00","2026-01-22T23:33:04.759266"
"S39541053","ps","W7128441151","10.1080/01900692.2026.2623469",NA,NA,"Organizational Reputation in the Public Sector and Citizens’ Willingness to Co-Produce: An Empirical Study of Urban Renewal in China",2026,"2026-02-09","article","en",0,46,1,1,2,0,FALSE,FALSE,FALSE,FALSE,"closed",NA,NA,"1","16","Corporate Identity and Reputation","Strategy and Management","Business, Management and Accounting","Social Sciences","International Journal of Public Administration","journal","0190-0692","2026-02-10T00:00:00","2026-02-10T19:18:50.034462"
"S39541053","ps","W7128532654","10.1080/01900692.2026.2621773",NA,NA,"Improving Employees' Perceived Quality of Service Delivery in Public Healthcare Sector: The Role of Leadership Commitment and Employee Involvement",2026,"2026-02-09","article","en",0,85,1,3,3,0,FALSE,FALSE,FALSE,FALSE,"closed",NA,NA,"1","17","Job Satisfaction and Organizational Behavior","Organizational Behavior and Human Resource Management","Business, Management and Accounting","Social Sciences","International Journal of Public Administration","journal","0190-0692","2026-02-11T00:00:00","2026-02-11T14:45:31.134243"
"S39541053","ps","W7129042102","10.1080/01900692.2026.2625235",NA,NA,"Barriers to Innovation in Southern European Public Bureaucracies: A Context-Based Analysis of the Greek Experience",2026,"2026-02-16","article","en",0,57,1,1,3,0,FALSE,FALSE,FALSE,FALSE,"closed",NA,NA,"1","14","Innovation Policy and R&D","Economics and Econometrics","Economics, Econometrics and Finance","Social Sciences","International Journal of Public Administration","journal","0190-0692","2026-02-17T00:00:00","2026-02-17T06:10:05.244387"
"S39541053","ps","W7129134258","10.1080/01900692.2026.2619876",NA,NA,"Perception of Talent Management Practices: A Scale for the Public Service",2026,"2026-02-16","article","en",0,90,1,1,5,0,FALSE,FALSE,FALSE,FALSE,"closed",NA,NA,"1","18","Human Resource and Talent Management","Organizational Behavior and Human Resource Management","Business, Management and Accounting","Social Sciences","International Journal of Public Administration","journal","0190-0692","2026-02-17T00:00:00","2026-02-17T06:10:05.244387"
"S39541053","ps","W7130384577","10.1080/01900692.2025.2599374",NA,NA,"Interprofessional Collaboration in Public Organizations: The Role of Perceived Value in Self-Efficacy and Motivation",2026,"2026-02-18","article","en",0,54,1,1,3,0,FALSE,FALSE,FALSE,FALSE,"closed",NA,NA,"1","19","Interprofessional Education and Collaboration","General Health Professions","Health Professions","Health Sciences","International Journal of Public Administration","journal","0190-0692","2026-02-19T00:00:00","2026-02-20T06:14:18.993340"
"S108218269","ps","W2101614727","10.1111/j.1748-5991.2010.01079.x",NA,"2101614727","Contested hybridization of regulation: Failure of the Dutch regulatory system to protect minors from harmful media",2010,"2010-07-22","article","en",33,70,2,1,5,NA,FALSE,FALSE,FALSE,TRUE,"gold","4","2","154","174",NA,NA,NA,NA,"Regulation & Governance","journal","1748-5983","2025-10-10T00:00:00","2026-02-02T05:57:53.111627"
"S108218269","ps","W4393228425","10.1111/rego.12589",NA,NA,"Involving citizens in regulation: A comparative qualitative study of four experimentalist cases of participatory regulation in <scp>Dutch</scp> health care",2024,"2024-03-26","article","en",5,40,2,1,4,NA,FALSE,FALSE,FALSE,TRUE,"hybrid","18","4","1411","1425",NA,NA,NA,NA,"Regulation & Governance","journal","1748-5983","2025-10-10T00:00:00","2026-02-02T05:57:53.111627"
"S108218269","ps","W4415783794","10.1111/rego.70102",NA,NA,"The Polysemy of Skills: Exploring Country‐Specific Approaches in the Knowledge Economy",2025,"2025-11-02","article","en",1,57,2,3,4,NA,FALSE,FALSE,FALSE,TRUE,"hybrid",NA,NA,NA,NA,NA,NA,NA,NA,"Regulation & Governance","journal","1748-5983","2025-11-03T00:00:00","2026-02-05T00:54:17.221276"
"S108218269","ps","W4416440954","10.1111/rego.70103",NA,NA,"The Construction of Compliance with the European Union Deforestation Regulation in Global Coffee Value Chains",2025,"2025-11-20","article","en",1,67,1,2,1,NA,FALSE,FALSE,FALSE,TRUE,"hybrid",NA,NA,NA,NA,NA,NA,NA,NA,"Regulation & Governance","journal","1748-5983","2025-11-23T00:00:00","2025-11-28T14:13:34.192101"
"S108218269","ps","W4415673326","10.1111/rego.70090",NA,NA,"Public Participation in China's State‐Created <scp>ICT</scp> Spaces: Explaining Participation Patterns",2025,"2025-10-29","article","en",0,80,1,2,4,NA,FALSE,FALSE,FALSE,TRUE,"hybrid","20","1","64","89",NA,NA,NA,NA,"Regulation & Governance","journal","1748-5983","2025-10-29T00:00:00","2026-01-23T23:20:30.427331"
"S108218269","ps","W4415783055","10.1111/rego.70100",NA,NA,"How Can Law Be Robust in the Face of Heightened Societal Turbulence?",2025,"2025-11-02","article","en",0,59,2,1,3,NA,FALSE,FALSE,FALSE,FALSE,"closed",NA,NA,NA,NA,NA,NA,NA,NA,"Regulation & Governance","journal","1748-5983","2025-11-03T00:00:00","2026-02-02T05:57:53.111627"
"S108218269","ps","W4415989216","10.1111/rego.70101",NA,NA,"Eco‐Social Policy Integration as a Process: Towards a Processual Understanding of an Ascending Concept",2025,"2025-11-07","article","en",0,69,1,1,1,NA,FALSE,FALSE,FALSE,TRUE,"hybrid",NA,NA,NA,NA,NA,NA,NA,NA,"Regulation & Governance","journal","1748-5983","2025-11-07T00:00:00","2025-11-08T23:21:52.890332"
"S108218269","ps","W4415992671","10.1111/rego.70097",NA,NA,"Mapping Green Skills in Collective Skill Formation Systems: A Natural Language Processing Analysis of Danish Vocational Education and Training",2025,"2025-11-07","article","en",0,46,2,1,4,NA,FALSE,FALSE,FALSE,TRUE,"bronze",NA,NA,NA,NA,NA,NA,NA,NA,"Regulation & Governance","journal","1748-5983","2025-11-07T00:00:00","2026-02-05T00:54:17.221276"
"S108218269","ps","W4416252659","10.1111/rego.70104",NA,NA,"The Formation of Stakeholders' Trust in Regulatory Agencies: The Relationship Between Contact Frequency, Media Coverage, and Stakeholder Trust in Regulatory Agencies",2025,"2025-11-14","article","en",0,80,2,4,4,NA,FALSE,FALSE,FALSE,FALSE,"closed",NA,NA,NA,NA,NA,NA,NA,NA,"Regulation & Governance","journal","1748-5983","2025-11-15T00:00:00","2025-11-28T09:26:06.716973"
"S108218269","ps","W4416977890","10.1111/rego.70113",NA,NA,"Governance Structures, Political Change and Executive Turnover in State‐Owned Enterprises: Evidence From Chile",2025,"2025-12-03","article","en",0,62,1,1,1,NA,FALSE,FALSE,FALSE,TRUE,"hybrid",NA,NA,NA,NA,NA,NA,NA,NA,"Regulation & Governance","journal","1748-5983","2025-12-04T00:00:00","2025-12-05T23:21:25.405358"
"S108218269","ps","W4417352876","10.1111/rego.70105",NA,NA,"Power Unleashed: Theorizing a Weak Ecology of Checks and Balances and Its Consequences. A Case From the Global South",2025,"2025-12-15","article","en",0,92,1,2,3,NA,FALSE,FALSE,FALSE,TRUE,"bronze",NA,NA,NA,NA,NA,NA,NA,NA,"Regulation & Governance","journal","1748-5983","2025-12-16T00:00:00","2025-12-17T22:08:43.090829"
"S108218269","ps","W4417415761","10.1111/rego.70115",NA,NA,"Trust, Crisis, and Delegation: A Comparative Analysis of Public Health Authorities During the <scp>COVID</scp> ‐19 Pandemic",2025,"2025-12-16","article","en",0,113,1,2,1,NA,FALSE,FALSE,FALSE,TRUE,"hybrid",NA,NA,NA,NA,NA,NA,NA,NA,"Regulation & Governance","journal","1748-5983","2025-12-17T00:00:00","2025-12-19T00:32:22.182498"
"S108218269","ps","W4417482652","10.1111/rego.70114",NA,NA,"Greenwashing and Trust via Enhanced Self‐Regulation: The Case of <scp>ESG</scp> Rating Providers in Sustainable Finance",2025,"2025-12-18","article","en",0,47,2,2,2,NA,FALSE,FALSE,FALSE,TRUE,"hybrid",NA,NA,NA,NA,NA,NA,NA,NA,"Regulation & Governance","journal","1748-5983","2025-12-19T00:00:00","2026-01-20T17:24:06.736184"
"S108218269","ps","W7117993530","10.1111/rego.70117",NA,NA,"Turf Protection or Policy Expansion? How European Agencies Shape Their Reputation Through Social Media Communication",2026,"2026-01-02","article","en",0,65,2,3,3,0,FALSE,FALSE,FALSE,TRUE,"green",NA,NA,NA,NA,"Political Influence and Corporate Strategies","Strategy and Management","Business, Management and Accounting","Social Sciences","Regulation & Governance","journal","1748-5983","2026-01-02T00:00:00","2026-01-02T23:15:32.796280"
"S108218269","ps","W7118068775","10.1111/rego.70123",NA,NA,"Legitimation Strategies of Transnational Private Institutions: Evidence From the International Organization for Standardization",2026,"2026-01-02","article","en",0,74,1,1,1,0,FALSE,FALSE,FALSE,FALSE,"closed",NA,NA,NA,NA,"Global trade, sustainability, and social impact","Strategy and Management","Business, Management and Accounting","Social Sciences","Regulation & Governance","journal","1748-5983","2026-01-03T00:00:00","2026-01-03T23:12:46.507823"
"S108218269","ps","W7124249414","10.1111/rego.70120",NA,NA,"The Price of Prosperity? A Historical Account of Regulating Industrial Pollution in the Netherlands",2026,"2026-01-15","article","en",0,73,2,1,4,NA,FALSE,FALSE,FALSE,TRUE,"hybrid",NA,NA,NA,NA,"Wildlife Conservation and Criminology Analyses","Nature and Landscape Conservation","Environmental Science","Physical Sciences","Regulation & Governance","journal","1748-5983","2026-01-16T00:00:00","2026-02-12T08:01:53.621143"
"S108218269","ps","W7127638036","10.1111/rego.70125",NA,NA,"Grounds for Accountability: Preparedness for Supply Chain Due Diligence Legislation in Canada",2026,"2026-02-04","article","en",0,43,1,1,4,0,FALSE,FALSE,FALSE,TRUE,"hybrid",NA,NA,NA,NA,"Global trade, sustainability, and social impact","Strategy and Management","Business, Management and Accounting","Social Sciences","Regulation & Governance","journal","1748-5983","2026-02-06T00:00:00","2026-02-07T06:11:34.122080"
"S108218269","ps","W7128398072","10.1111/rego.70129",NA,NA,"Effectiveness of Regulatory Sandboxes in Financial Services: A Systematic Review",2026,"2026-02-08","article","en",0,46,1,1,2,0,FALSE,FALSE,FALSE,TRUE,"hybrid",NA,NA,NA,NA,"FinTech, Crowdfunding, Digital Finance","Management Information Systems","Business, Management and Accounting","Social Sciences","Regulation & Governance","journal","1748-5983","2026-02-10T00:00:00","2026-02-10T19:14:54.419558"
"S108218269","ps","W7128426424","10.1111/rego.70128",NA,NA,"Regulating Care: How Transparency, Ownership, Control, and Sanctions Shape Trust and Preferences",2026,"2026-02-08","article","en",0,55,1,1,3,0,FALSE,FALSE,FALSE,TRUE,"hybrid",NA,NA,NA,NA,"Geriatric Care and Nursing Homes","General Health Professions","Health Professions","Health Sciences","Regulation & Governance","journal","1748-5983","2026-02-10T00:00:00","2026-02-11T14:41:00.668223"
"S108218269","ps","W7130662138","10.1111/rego.70131",NA,NA,"Toward Transparent Global Governance? Human Rights Due Diligence in the European Union",2026,"2026-02-19","article","en",0,58,1,2,2,0,FALSE,FALSE,FALSE,TRUE,"hybrid",NA,NA,NA,NA,"Global trade, sustainability, and social impact","Strategy and Management","Business, Management and Accounting","Social Sciences","Regulation & Governance","journal","1748-5983","2026-02-20T00:00:00","2026-02-21T06:11:54.161237"
"S80347152","ps","W216349921","10.1023/a:1021430006860",NA,"216349921","Striking a Balance: A Guide to Enhancing the Effectiveness of Non-Governmental Organisations in International Development. By Alan Fowler. London: Earthscan, 1997.",1999,"1999-06-01","article","en",152,1,1,1,1,NA,FALSE,FALSE,FALSE,FALSE,"closed","10","2","179","182",NA,NA,NA,NA,"VOLUNTAS International Journal of Voluntary and Nonprofit Organizations","journal","0957-8765","2016-06-24T00:00:00","2026-02-01T03:34:12.195049"
"S80347152","ps","W8588162","10.1023/a:1016051604920",NA,"8588162","Defining Chinese Nongovernmental Organizations",2002,"2002-06-01","article","en",82,26,1,1,1,NA,FALSE,FALSE,FALSE,FALSE,"closed","13","2","113","130",NA,NA,NA,NA,"VOLUNTAS International Journal of Voluntary and Nonprofit Organizations","journal","0957-8765","2016-06-24T00:00:00","2026-02-01T03:34:12.195049"
"S80347152","ps","W58402321","10.1023/a:1022000621032",NA,"58402321","Foundations and Their Institutional Context: Cross-Evaluating Evidence from Germany and the United States",1998,"1998-06-01","article","en",20,23,1,1,1,NA,FALSE,FALSE,FALSE,FALSE,"closed","9","2","153","170",NA,NA,NA,NA,"VOLUNTAS International Journal of Voluntary and Nonprofit Organizations","journal","0957-8765","2016-06-24T00:00:00","2026-02-01T03:34:12.195049"
"S80347152","ps","W2128322046","10.1007/s11266-011-9220-6",NA,"2128322046","The Perks and Perils of Non-Statutory Fundraising Regulatory Regimes: An Anglo-Irish Perspective",2011,"2011-09-26","article","en",14,13,1,1,1,NA,FALSE,FALSE,FALSE,FALSE,"closed","23","3","763","790",NA,NA,NA,NA,"VOLUNTAS International Journal of Voluntary and Nonprofit Organizations","journal","0957-8765","2025-10-10T00:00:00","2026-02-01T03:34:12.195049"
"S80347152","ps","W2885390201","10.1007/s11266-018-0029-4",NA,"2885390201","What are the Factors Encouraging Neighbourhood Associations to Assume Roles in Urban Governance?",2018,"2018-08-10","article","en",2,53,1,1,1,NA,FALSE,FALSE,FALSE,FALSE,"closed","31","2","359","374",NA,NA,NA,NA,"VOLUNTAS International Journal of Voluntary and Nonprofit Organizations","journal","0957-8765","2025-10-10T00:00:00","2026-02-01T03:34:12.195049"
"S80347152","ps","W4404690133","10.1007/s11266-024-00698-9",NA,NA,"Local Climate Governance: Towards more Interactive Practices and Settings?",2024,"2024-11-25","article","en",2,31,2,1,2,NA,FALSE,FALSE,FALSE,TRUE,"hybrid","36","1","113","124",NA,NA,NA,NA,"VOLUNTAS International Journal of Voluntary and Nonprofit Organizations","journal","0957-8765","2025-10-10T00:00:00","2026-02-01T03:34:12.195049"
"S80347152","ps","W4415710599","10.1007/s11266-025-00785-5",NA,NA,"The Impact of Plight Narratives on Public Participation Intentions: The Role of Attitude Valence, Contrast Effects, and Self-Other Overlap",2025,"2025-10-30","article","en",0,56,1,3,4,NA,FALSE,FALSE,FALSE,FALSE,"closed","36","6","977","991",NA,NA,NA,NA,"VOLUNTAS International Journal of Voluntary and Nonprofit Organizations","journal","0957-8765","2025-10-30T00:00:00","2026-02-04T23:10:29.248076"
"S80347152","ps","W4415710937","10.1007/s11266-025-00787-3",NA,NA,"Opening the Box of Quitting Volunteering in Refugee Aid Organizations",2025,"2025-10-30","article","en",0,42,1,1,2,NA,FALSE,FALSE,FALSE,FALSE,"closed","36","6","992","1003",NA,NA,NA,NA,"VOLUNTAS International Journal of Voluntary and Nonprofit Organizations","journal","0957-8765","2025-10-30T00:00:00","2026-02-04T23:10:29.248076"
"S129664799","ps","W4410315710","10.1093/polsoc/puaf005",NA,NA,"Policy advisory system quality under multilevel governance: the German COVID-19 experience",2025,"2025-05-13","article","en",0,81,2,2,2,NA,FALSE,FALSE,FALSE,TRUE,"gold","44","3","335","349",NA,NA,NA,NA,"Policy and Society","journal","1449-4035","2025-10-10T00:00:00","2025-11-06T03:46:38.306776"
"S129664799","ps","W4417098977","10.1093/polsoc/puaf040",NA,NA,"Ministers as policy intermediaries in presidential systems: evidence from a conjoint survey experiment",2025,"2025-10-18","article","en",0,38,1,1,2,NA,FALSE,FALSE,FALSE,TRUE,"gold","44","4","443","457",NA,NA,NA,NA,"Policy and Society","journal","1449-4035","2025-12-07T00:00:00","2026-01-08T20:05:33.558190"
"S129664799","ps","W4417271232","10.1093/polsoc/puaf021",NA,NA,"Heritage governance in Bali and Ifugao ricescapes: exploring the dynamic roles of Indigenous intermediaries in cultural preservation and development",2025,"2025-06-26","article","en",0,40,2,6,5,NA,FALSE,FALSE,FALSE,TRUE,"gold","44","4","549","567",NA,NA,NA,NA,"Policy and Society","journal","1449-4035","2025-12-11T00:00:00","2026-01-08T20:05:33.558190"
"S129664799","ps","W7125187596","10.1093/polsoc/puaf045",NA,NA,"The politics of public policy termination in Ghana: Is it a case of whoever pays the piper calls the tune?",2026,"2026-01-14","article","en",0,50,1,1,2,0,FALSE,FALSE,FALSE,TRUE,"gold",NA,NA,NA,NA,"Corruption and Economic Development","Sociology and Political Science","Social Sciences","Social Sciences","Policy and Society","journal","1449-4035","2026-01-22T00:00:00","2026-01-22T23:33:04.759266"
"S51277951","ps","W2282106193","10.1177/0734371x15593990",NA,"2282106193","Unbureaucratic Behavior among Street-Level Bureaucrats: The Case of the German State Police",2015,"2015-07-17","article","en",48,88,1,1,1,NA,FALSE,FALSE,FALSE,FALSE,"closed","37","4","430","451",NA,NA,NA,NA,"Review of Public Personnel Administration","journal","0734-371X","2025-10-10T00:00:00","2025-11-06T03:46:38.306776"
"S51277951","ps","W4415951733","10.1177/0734371x251379498",NA,NA,"Do You Dare to Break the Rules? The Influence of Leadership and Uncertainty on Prosocial Rule-Breaking Behavior Among Dutch Social Welfare Professionals",2025,"2025-11-06","article","en",0,88,2,1,2,NA,FALSE,FALSE,FALSE,TRUE,"hybrid",NA,NA,NA,NA,NA,NA,NA,NA,"Review of Public Personnel Administration","journal","0734-371X","2025-11-06T00:00:00","2025-11-06T23:20:22.142202"
"S51277951","ps","W4417152348","10.1177/0734371x251371243",NA,NA,"From Trust Reforms to Trust-in-Leader: The Role of Employee-Involvement",2025,"2025-12-09","article","en",0,88,2,1,2,NA,FALSE,FALSE,FALSE,FALSE,"closed",NA,NA,NA,NA,NA,NA,NA,NA,"Review of Public Personnel Administration","journal","0734-371X","2025-12-09T00:00:00","2026-02-05T00:54:17.221276"
"S51277951","ps","W4417448921","10.1177/0734371x251395040",NA,NA,"Professionalism and Financial Management: A Study of CFOs and Supervisory Roles in U.S. Federal Agencies",2025,"2025-12-17","article","en",0,72,1,1,1,NA,FALSE,FALSE,FALSE,FALSE,"closed",NA,NA,NA,NA,NA,NA,NA,NA,"Review of Public Personnel Administration","journal","0734-371X","2025-12-18T00:00:00","2025-12-19T00:38:21.732688"
"S51277951","ps","W4417520242","10.1177/0734371x251395027",NA,NA,"Pension Reform and Employee Satisfaction With the Public Service Profession: Evidence From the 2015 Public Officials Pension Reform in South Korea",2025,"2025-12-19","article","en",0,26,1,2,3,NA,FALSE,FALSE,FALSE,FALSE,"closed",NA,NA,NA,NA,NA,NA,NA,NA,"Review of Public Personnel Administration","journal","0734-371X","2025-12-20T00:00:00","2025-12-21T02:06:08.432651"
"S51277951","ps","W7118020951","10.1177/0734371x251399926",NA,NA,"Leadership Practices and Employee Ambassadorship: The Mediating Role of Basic Needs",2026,"2026-01-02","article","en",0,91,2,2,4,0,FALSE,FALSE,FALSE,TRUE,"green",NA,NA,NA,NA,"Employer Branding and e-HRM","Organizational Behavior and Human Resource Management","Business, Management and Accounting","Social Sciences","Review of Public Personnel Administration","journal","0734-371X","2026-01-02T00:00:00","2026-01-03T23:08:47.215875"
"S51277951","ps","W7119062707","10.1177/0734371x251400695",NA,NA,"Individual Risk Aversion and Public Sector Socialization: Evidence From a Longitudinal Study",2026,"2026-01-06","article","en",0,68,1,2,3,0,FALSE,FALSE,FALSE,FALSE,"closed",NA,NA,NA,NA,"Risk Perception and Management","Sociology and Political Science","Social Sciences","Social Sciences","Review of Public Personnel Administration","journal","0734-371X","2026-01-08T00:00:00","2026-01-08T20:10:11.968330"
"S51277951","ps","W7125104852","10.1177/0734371x251411200",NA,NA,"Code Red: Fighting Fires, Racism, and Policies in Emergency Safety Services",2026,"2026-01-20","article","en",0,53,1,1,3,0,FALSE,FALSE,FALSE,FALSE,"closed",NA,NA,NA,NA,"Policing Practices and Perceptions","Political Science and International Relations","Social Sciences","Social Sciences","Review of Public Personnel Administration","journal","0734-371X","2026-01-22T00:00:00","2026-01-22T23:33:04.759266"
"S51277951","ps","W7125505719","10.1177/0734371x251399922",NA,NA,"Two Families Under One Roof: The Role of Social Identity and Organizational Justice During Backsourcing",2026,"2026-01-23","article","en",0,81,1,1,2,0,FALSE,FALSE,FALSE,FALSE,"closed",NA,NA,NA,NA,"Outsourcing and Supply Chain Management","Management Information Systems","Business, Management and Accounting","Social Sciences","Review of Public Personnel Administration","journal","0734-371X","2026-01-24T00:00:00","2026-01-25T23:04:38.658462"
"S51277951","ps","W7125938682","10.1177/0734371x251408443",NA,NA,"Feedback to the Forefront: How and When Supervisor Developmental Feedback Fosters Civil Servants’ Taking-Charge Behavior",2026,"2026-01-27","article","en",0,61,1,2,5,0,FALSE,FALSE,FALSE,FALSE,"closed",NA,NA,NA,NA,"Job Satisfaction and Organizational Behavior","Organizational Behavior and Human Resource Management","Business, Management and Accounting","Social Sciences","Review of Public Personnel Administration","journal","0734-371X","2026-01-29T00:00:00","2026-01-29T23:17:01.242718"
"S51277951","ps","W7126177336","10.1177/0734371x251399925",NA,NA,"How Public Interest Lawyers Manage the Emotive Dimension of Their Work",2026,"2026-01-30","article","en",0,31,1,1,3,0,FALSE,FALSE,FALSE,FALSE,"closed",NA,NA,NA,NA,"Legal Education and Practice Innovations","Law","Social Sciences","Social Sciences","Review of Public Personnel Administration","journal","0734-371X","2026-02-01T00:00:00","2026-02-03T00:53:05.648605"
"S51277951","ps","W7128060184","10.1177/0734371x251395023",NA,NA,"Boosting Newcomer Integration in Public Service: A Diary Study on Microinterventions",2026,"2026-02-05","article","en",0,91,1,1,1,0,FALSE,FALSE,FALSE,TRUE,"hybrid",NA,NA,NA,NA,"International Student and Expatriate Challenges","Communication","Social Sciences","Social Sciences","Review of Public Personnel Administration","journal","0734-371X","2026-02-07T00:00:00","2026-02-07T06:15:42.627816"
"S51277951","ps","W7128708969","10.1177/0734371x251409781",NA,NA,"Public Service Motivation and the Circumplex Model of Affect: Profiling Australasian Public Servants",2026,"2026-02-12","article","en",0,67,1,4,6,0,FALSE,FALSE,FALSE,TRUE,"hybrid",NA,NA,NA,NA,"Public Policy and Administration Research","Public Administration","Social Sciences","Social Sciences","Review of Public Personnel Administration","journal","0734-371X","2026-02-13T00:00:00","2026-02-13T13:40:29.240086"
"S51277951","ps","W7130946984","10.1177/0734371x261417717",NA,NA,"Comparative Analysis of Generative Artificial Intelligence in Evaluating Candidate Attributes for Public Employment: East Versus West",2026,"2026-02-22","article","en",0,50,1,3,4,0,FALSE,FALSE,FALSE,TRUE,"hybrid",NA,NA,NA,NA,"Ethics and Social Impacts of AI","Safety Research","Social Sciences","Social Sciences","Review of Public Personnel Administration","journal","0734-371X","2026-02-23T00:00:00","2026-02-24T06:16:03.338239"
"S51277951","ps","W7131127589","10.1177/0734371x261416153",NA,NA,"Building Loyalty Among Public Employees: The Impact of High-Performance Work Practices",2026,"2026-02-23","article","en",0,99,1,1,2,0,FALSE,FALSE,FALSE,FALSE,"closed",NA,NA,NA,NA,"Public Policy and Administration Research","Public Administration","Social Sciences","Social Sciences","Review of Public Personnel Administration","journal","0734-371X","2026-02-24T00:00:00","2026-02-24T06:20:37.074948"
"S51277951","ps","W7131282637","10.1177/0734371x251413604",NA,NA,"Inclusive Leadership, Motivation, Engagement, and Organizational Culture: Pathways to Improve Job Performance in South Sudan’s Public Sector",2026,"2026-02-24","article","en",0,200,1,2,3,0,FALSE,FALSE,FALSE,FALSE,"closed",NA,NA,NA,NA,"Job Satisfaction and Organizational Behavior","Organizational Behavior and Human Resource Management","Business, Management and Accounting","Social Sciences","Review of Public Personnel Administration","journal","0734-371X","2026-02-25T00:00:00","2026-02-25T06:22:25.187761"
"S119514724","ps","W4308917183","10.1111/psj.12489",NA,NA,"Editorial introduction: An eclectic collection",2022,"2022-11-01","editorial","en",1,9,1,1,8,0,FALSE,FALSE,FALSE,FALSE,"closed","50","4","731","733","Political and Economic history of UK and US","Political Science and International Relations","Social Sciences","Social Sciences","Policy Studies Journal","journal","0190-292X","2025-10-10T00:00:00","2026-02-05T00:54:17.221276"
"S119514724","ps","W2130150617","10.1111/j.1541-0072.1994.tb01475.x",NA,"2130150617","Technology Transfer and Public Policy",1994,"1994-06-01","book","en",92,212,2,1,1,2.0231,FALSE,FALSE,FALSE,FALSE,"closed","22","2","371","383","Economic Growth and Productivity","Economics and Econometrics","Economics, Econometrics and Finance","Social Sciences","Policy Studies Journal","journal","0190-292X","2025-10-10T00:00:00","2025-11-06T03:46:38.306776"
"S119514724","ps","W4223424738","10.1111/psj.12466",NA,NA,"The institutional grammar in policy process research",2022,"2022-04-12","article","zh",7,58,1,2,2,1.7846,FALSE,FALSE,FALSE,FALSE,"closed","50","2","299","314","Public Policy and Administration Research","Public Administration","Social Sciences","Social Sciences","Policy Studies Journal","journal","0190-292X","2025-10-10T00:00:00","2025-11-06T03:46:38.306776"
"S119514724","ps","W2995359110","10.1111/psj.12377",NA,"2995359110","Layering Action Situations to Integrate Spatial Scales, Resource Linkages, and Change over Time: The Case of Groundwater Management in Agricultural Hubs in Germany",2019,"2019-12-17","article","en",37,62,1,0,4,NA,FALSE,FALSE,FALSE,TRUE,"hybrid","50","1","111","142",NA,NA,NA,NA,"Policy Studies Journal","journal","0190-292X","2025-10-10T00:00:00","2025-11-06T03:46:38.306776"
"S119514724","ps","W4416352541","10.1111/psj.70087",NA,NA,"How Different Patterns of Policy Attention Drive Policy Diffusion: Evidence From China's River Chief System",2025,"2025-11-19","article","en",1,54,1,1,2,NA,FALSE,FALSE,FALSE,TRUE,"hybrid",NA,NA,NA,NA,NA,NA,NA,NA,"Policy Studies Journal","journal","0190-292X","2025-11-19T00:00:00","2025-11-28T11:57:38.351004"
"S119514724","ps","W2616106937","10.1111/psj.12204",NA,"2616106937","Editorial Note",2017,"2017-05-01","editorial","en",0,35,1,1,1,0,FALSE,FALSE,FALSE,TRUE,"bronze","45","2","244","246","Policy Transfer and Learning","Political Science and International Relations","Social Sciences","Social Sciences","Policy Studies Journal","journal","0190-292X","2017-05-26T00:00:00","2025-11-06T03:46:38.306776"
"S119514724","ps","W3026299809","10.1111/psj.12394",NA,"3026299809","Editorial Introduction: Governance, Citizenry, and Methodological Advancement in Policy Research",2020,"2020-05-01","editorial","en",0,21,1,0,7,0,FALSE,FALSE,FALSE,TRUE,"bronze","48","2","264","270","Policy Transfer and Learning","Political Science and International Relations","Social Sciences","Social Sciences","Policy Studies Journal","journal","0190-292X","2025-10-10T00:00:00","2025-11-06T03:46:38.306776"
"S119514724","ps","W3059009390","10.1111/psj.12413",NA,"3059009390","Editorial Introduction: Examining Policy Change and Governance Here and Elsewhere",2020,"2020-08-01","editorial","en",0,19,1,0,8,0,FALSE,FALSE,FALSE,TRUE,"bronze","48","3","580","586","Policy Transfer and Learning","Political Science and International Relations","Social Sciences","Social Sciences","Policy Studies Journal","journal","0190-292X","2025-10-10T00:00:00","2025-11-06T03:46:38.306776"
"S119514724","ps","W3110398139","10.1111/psj.12416",NA,"3110398139","Editorial Introduction: Advances in Theory and Practice of Policy Research from National to Local Level",2020,"2020-11-01","editorial","en",0,21,1,0,9,0,FALSE,FALSE,TRUE,TRUE,"bronze","48","4","866","872","Policy Transfer and Learning","Political Science and International Relations","Social Sciences","Social Sciences","Policy Studies Journal","journal","0190-292X","2025-10-10T00:00:00","2025-11-06T03:46:38.306776"
"S119514724","ps","W3132526210","10.1111/psj.12423",NA,"3132526210","Editorial Introduction: Reaching Policy Change: Theoretical and Practical Advances in Policy Learning Research",2021,"2021-02-01","editorial","en",0,21,1,1,9,0,FALSE,FALSE,TRUE,TRUE,"bronze","49","1","6","12","Policy Transfer and Learning","Political Science and International Relations","Social Sciences","Social Sciences","Policy Studies Journal","journal","0190-292X","2025-10-10T00:00:00","2025-11-06T03:46:38.306776"
"S119514724","ps","W3174504928","10.1111/psj.12433",NA,"3174504928","Editorial Introduction: Exploring policy diffusion, collaborative governance, and policy conflict",2021,"2021-05-01","editorial","en",0,29,1,0,9,0,FALSE,FALSE,FALSE,TRUE,"bronze","49","2","330","334","Policy Transfer and Learning","Political Science and International Relations","Social Sciences","Social Sciences","Policy Studies Journal","journal","0190-292X","2025-10-10T00:00:00","2025-11-06T03:46:38.306776"
"S119514724","ps","W3188705656","10.1111/psj.12449",NA,"3188705656","Editorial Introduction: Dealing with <i>changes</i> one way or another",2021,"2021-08-01","editorial","en",0,18,1,0,8,0,FALSE,FALSE,FALSE,FALSE,"closed","49","3","670","674","Policy Transfer and Learning","Political Science and International Relations","Social Sciences","Social Sciences","Policy Studies Journal","journal","0190-292X","2025-10-10T00:00:00","2025-11-06T03:46:38.306776"
"S119514724","ps","W3208461871","10.1111/psj.12454",NA,"3208461871","Editorial Introduction: Policy entrepreneurs, science and learning, collaboration, and more",2021,"2021-11-01","editorial","en",0,17,1,1,5,0,FALSE,FALSE,TRUE,TRUE,"bronze","49","4","940","942","Policy Transfer and Learning","Political Science and International Relations","Social Sciences","Social Sciences","Policy Studies Journal","journal","0190-292X","2025-10-10T00:00:00","2025-11-06T03:46:38.306776"
"S119514724","ps","W4210506011","10.1111/psj.12462",NA,NA,"Editorial Introduction: Multidimensional policy spaces, policy actors and the policy process, and an update to the institutional collective action framework",2022,"2022-02-01","editorial","en",0,14,1,1,5,0,FALSE,FALSE,TRUE,TRUE,"bronze","50","1","6","8","Political Influence and Corporate Strategies","Strategy and Management","Business, Management and Accounting","Social Sciences","Policy Studies Journal","journal","0190-292X","2025-10-10T00:00:00","2025-11-06T03:46:38.306776"
"S119514724","ps","W4231295794","10.1111/psj.12268",NA,NA,"Editorial Note",2018,"2018-08-01","editorial","en",0,11,1,1,1,0,FALSE,FALSE,FALSE,TRUE,"bronze","46","3","484","486","Policy Transfer and Learning","Political Science and International Relations","Social Sciences","Social Sciences","Policy Studies Journal","journal","0190-292X","2022-05-12T00:00:00","2025-11-06T03:46:38.306776"
"S119514724","ps","W4236049410","10.1111/psj.12252",NA,NA,"Editorial Note",2018,"2018-02-01","editorial","en",0,8,1,1,1,0,FALSE,FALSE,FALSE,TRUE,"bronze","46","1","4","6","Environmental Justice and Health Disparities","Sociology and Political Science","Social Sciences","Social Sciences","Policy Studies Journal","journal","0190-292X","2022-05-12T00:00:00","2025-11-06T03:46:38.306776"
"S119514724","ps","W4236913237","10.1111/psj.12256",NA,NA,"Editorial Note",2018,"2018-05-01","editorial","en",0,11,1,1,1,0,FALSE,FALSE,FALSE,TRUE,"bronze","46","2","218","221","Policy Transfer and Learning","Political Science and International Relations","Social Sciences","Social Sciences","Policy Studies Journal","journal","0190-292X","2022-05-12T00:00:00","2025-11-06T03:46:38.306776"
"S119514724","ps","W4244407481","10.1111/psj.12234",NA,NA,"Editorial Note",2017,"2017-11-01","editorial","en",0,6,1,1,1,0,FALSE,FALSE,FALSE,TRUE,"bronze","45","4","558","560","Fiscal Policy and Economic Growth","Economics and Econometrics","Economics, Econometrics and Finance","Social Sciences","Policy Studies Journal","journal","0190-292X","2022-05-12T00:00:00","2025-11-06T03:46:38.306776"
"S119514724","ps","W4253066505","10.1111/psj.12216",NA,NA,"Editorial Note",2017,"2017-08-01","editorial","en",0,9,1,1,1,0,FALSE,FALSE,FALSE,TRUE,"bronze","45","3","410","413","Policy Transfer and Learning","Political Science and International Relations","Social Sciences","Social Sciences","Policy Studies Journal","journal","0190-292X","2022-05-12T00:00:00","2025-11-06T03:46:38.306776"
"S119514724","ps","W4291885339","10.1111/psj.12472",NA,NA,"Editorial Note",2022,"2022-08-01","editorial","en",0,13,1,1,8,0,FALSE,FALSE,FALSE,FALSE,"closed","50","3","479","482","Policy Transfer and Learning","Political Science and International Relations","Social Sciences","Social Sciences","Policy Studies Journal","journal","0190-292X","2022-08-16T00:00:00","2025-11-06T03:46:38.306776"
"S119514724","ps","W4321458569","10.1111/psj.12497",NA,NA,"Editorial Introduction: Contributing to the policy process literatures",2023,"2023-02-01","editorial","en",0,14,1,1,8,0,FALSE,FALSE,TRUE,TRUE,"bronze","51","1","7","10","Policy Transfer and Learning","Political Science and International Relations","Social Sciences","Social Sciences","Policy Studies Journal","journal","0190-292X","2025-10-10T00:00:00","2025-12-24T23:09:58.560324"
"S119514724","ps","W4378839756","10.1111/psj.12506",NA,NA,"Editorial introduction: Punctuated equilibrium, multiple streams, environmental governance, and many more",2023,"2023-05-01","editorial","en",0,21,1,1,8,0,FALSE,FALSE,TRUE,TRUE,"bronze","51","2","237","241","Policy Transfer and Learning","Political Science and International Relations","Social Sciences","Social Sciences","Policy Studies Journal","journal","0190-292X","2025-10-10T00:00:00","2025-12-24T23:09:58.560324"
"S119514724","ps","W4386257798","10.1111/psj.12516",NA,NA,"Editorial introduction: Exploring theories and subtleties of the policy process",2023,"2023-08-01","editorial","en",0,25,1,1,8,0,FALSE,FALSE,TRUE,TRUE,"bronze","51","3","469","473","Policy Transfer and Learning","Political Science and International Relations","Social Sciences","Social Sciences","Policy Studies Journal","journal","0190-292X","2025-10-10T00:00:00","2025-12-25T23:11:45.687758"
"S119514724","ps","W4388594017","10.1111/psj.12521",NA,NA,"Editorial introduction: Exploring policy theories, narratives, and policing",2023,"2023-11-01","editorial","en",0,22,1,1,12,0,FALSE,FALSE,TRUE,TRUE,"bronze","51","4","709","713","Policy Transfer and Learning","Political Science and International Relations","Social Sciences","Social Sciences","Policy Studies Journal","journal","0190-292X","2025-10-10T00:00:00","2026-01-23T23:20:30.427331"
"S119514724","ps","W4391614737","10.1111/psj.12530",NA,NA,"Editorial introduction: Charting new theoretical horizons here and elsewhere",2024,"2024-02-01","editorial","en",0,19,1,1,12,0,FALSE,FALSE,TRUE,TRUE,"bronze","52","1","7","10","Policy Transfer and Learning","Political Science and International Relations","Social Sciences","Social Sciences","Policy Studies Journal","journal","0190-292X","2025-10-10T00:00:00","2026-01-22T23:29:09.771500"
"S119514724","ps","W4396897561","10.1111/psj.12539",NA,NA,"Editorial introduction: Exploring the frontier of policy theory research",2024,"2024-05-01","editorial","en",0,27,1,1,12,0,FALSE,FALSE,FALSE,TRUE,"bronze","52","2","205","209","Policy Transfer and Learning","Political Science and International Relations","Social Sciences","Social Sciences","Policy Studies Journal","journal","0190-292X","2025-10-10T00:00:00","2025-12-26T23:08:49.675405"
"S119514724","ps","W4401523059","10.1111/psj.12557",NA,NA,"Editorial Introduction: Unveiling new dimensions in policy process theory research",2024,"2024-08-01","editorial","en",0,10,1,1,12,0,FALSE,FALSE,FALSE,TRUE,"bronze","52","3","475","479","Policy Transfer and Learning","Political Science and International Relations","Social Sciences","Social Sciences","Policy Studies Journal","journal","0190-292X","2025-10-10T00:00:00","2025-12-21T01:58:51.020947"
"S119514724","ps","W4404247779","10.1111/psj.12574",NA,NA,"Editorial introduction: Policy actors, dynamics, and developments—New insights from process theories and methodological applications",2024,"2024-11-01","editorial","en",0,12,1,1,12,0,FALSE,FALSE,FALSE,TRUE,"bronze","52","4","703","707","Social Policy and Reform Studies","Political Science and International Relations","Social Sciences","Social Sciences","Policy Studies Journal","journal","0190-292X","2025-10-10T00:00:00","2026-02-20T08:17:22.645390"
"S119514724","ps","W4407351343","10.1111/psj.70001",NA,NA,"Editorial introduction: Advancing policy frontiers—Governance, learning, and innovation in policy studies",2025,"2025-02-11","editorial","en",0,11,1,1,6,0,FALSE,FALSE,FALSE,TRUE,"bronze",NA,NA,NA,NA,"Regional Development and Policy","Political Science and International Relations","Social Sciences","Social Sciences","Policy Studies Journal","journal","0190-292X","2025-10-10T00:00:00","2026-02-20T08:17:22.645390"
"S119514724","ps","W4410590463","10.1111/psj.70042",NA,NA,"Editorial Introduction: Bridging Policy Theory and Practice in Uncertain Times",2025,"2025-05-01","editorial","en",0,13,1,1,8,0,FALSE,FALSE,FALSE,TRUE,"bronze","53","2","239","242","Political and Economic history of UK and US","Political Science and International Relations","Social Sciences","Social Sciences","Policy Studies Journal","journal","0190-292X","2025-10-10T00:00:00","2026-02-20T08:17:22.645390"
"S119514724","ps","W4416133417","10.1111/psj.70085",NA,NA,"Contingent Policy Design: Political Accountability and Environmental Governance in China",2025,"2025-11-12","article","en",0,56,1,2,3,NA,FALSE,FALSE,FALSE,FALSE,"closed",NA,NA,NA,NA,NA,NA,NA,NA,"Policy Studies Journal","journal","0190-292X","2025-11-12T00:00:00","2025-11-28T05:56:45.279652"
"S119514724","ps","W4416608488","10.1111/psj.70090",NA,NA,"Editorial Introduction: Governing Through Attention, Collaboration, Learning, and Participation",2025,"2025-11-01","article","en",0,18,1,1,15,NA,FALSE,FALSE,FALSE,TRUE,"bronze","53","4","812","814",NA,NA,NA,NA,"Policy Studies Journal","journal","0190-292X","2025-11-15T00:00:00","2026-02-20T08:17:22.645390"
"S119514724","ps","W4416943336","10.1111/psj.70088",NA,NA,"Who Deserves Scarce Health and Education Resources? How Policy Context Shapes Target Group Deservingness",2025,"2025-12-03","article","en",0,81,1,1,4,NA,FALSE,FALSE,FALSE,TRUE,"hybrid",NA,NA,NA,NA,NA,NA,NA,NA,"Policy Studies Journal","journal","0190-292X","2025-12-03T00:00:00","2025-12-04T23:47:47.292601"
"S119514724","ps","W7119501307","10.1111/psj.70097",NA,NA,"From Germination to Transformation: Policy Studies in China Over the Past Half‐Century (1970s–2020s)",2026,"2026-01-09","article","en",0,96,1,1,4,0,FALSE,FALSE,FALSE,FALSE,"closed",NA,NA,NA,NA,"China's Socioeconomic Reforms and Governance","Political Science and International Relations","Social Sciences","Social Sciences","Policy Studies Journal","journal","0190-292X","2026-01-09T00:00:00","2026-01-10T23:39:48.068659"
"S119514724","ps","W7119525105","10.1111/psj.70094",NA,NA,"The Epistemic Impact of Large Language Models on Policymaking",2026,"2026-01-09","article","en",0,46,1,1,2,0,FALSE,FALSE,FALSE,FALSE,"closed",NA,NA,NA,NA,"Computational and Text Analysis Methods","General Social Sciences","Social Sciences","Social Sciences","Policy Studies Journal","journal","0190-292X","2026-01-09T00:00:00","2026-01-10T23:39:48.068659"
"S119514724","ps","W7119583835","10.1111/psj.70095",NA,NA,"Implementation Punctuation: The Role of Feedback, Narratives, and Implementation in the Punctuated Equilibrium Theory",2026,"2026-01-09","article","en",0,76,1,1,1,0,FALSE,FALSE,FALSE,TRUE,"hybrid",NA,NA,NA,NA,"Policy Transfer and Learning","Political Science and International Relations","Social Sciences","Social Sciences","Policy Studies Journal","journal","0190-292X","2026-01-10T00:00:00","2026-01-11T23:08:45.486102"
"S119514724","ps","W7120005574","10.1111/psj.70093",NA,NA,"Policy Narratives and Empowerment: Implementation of the Swedish National Violence Prevention Program",2026,"2026-01-09","article","en",0,53,2,1,1,0,FALSE,FALSE,FALSE,TRUE,"hybrid",NA,NA,NA,NA,"Foucault, Power, and Ethics","Sociology and Political Science","Social Sciences","Social Sciences","Policy Studies Journal","journal","0190-292X","2026-01-10T00:00:00","2026-01-11T23:08:45.486102"
"S119514724","ps","W7123596966","10.1111/psj.70101",NA,NA,"Resisting Democratic Backsliding From Within the State: Environmental Politics in Bolsonaro's Brazil",2026,"2026-01-13","article","en",0,43,1,2,2,0,FALSE,FALSE,FALSE,TRUE,"bronze",NA,NA,NA,NA,"Politics and Society in Latin America","Political Science and International Relations","Social Sciences","Social Sciences","Policy Studies Journal","journal","0190-292X","2026-01-14T00:00:00","2026-01-15T23:16:33.117629"
"S119514724","ps","W7124434613","10.1111/psj.70096",NA,NA,"Gender Dimensions of Support for Local Policy: Resident, Policymaker, and Policy Gender",2026,"2026-01-15","article","en",0,56,1,1,2,0,FALSE,FALSE,FALSE,TRUE,"hybrid",NA,NA,NA,NA,"Public Policy and Administration Research","Public Administration","Social Sciences","Social Sciences","Policy Studies Journal","journal","0190-292X","2026-01-17T00:00:00","2026-01-17T23:15:25.596738"
"S119514724","ps","W7124458669","10.1111/psj.70102",NA,NA,"What Drives Forum Rule Adaptation: Investigating the Influence of the Forum Founder and Polycentric Governance Linkages in Dutch Strategic Spatial Planning",2026,"2026-01-15","article","en",0,53,1,1,4,0,FALSE,FALSE,FALSE,TRUE,"hybrid",NA,NA,NA,NA,"Cross-Border Cooperation and Integration","Political Science and International Relations","Social Sciences","Social Sciences","Policy Studies Journal","journal","0190-292X","2026-01-17T00:00:00","2026-01-17T23:15:25.596738"
"S119514724","ps","W7124765464","10.1111/psj.70099",NA,NA,"The Inclusion Trade‐Off: Comparing the Design and Functionality of Collaborative Governance Forums",2026,"2026-01-18","article","en",0,57,1,1,4,0,FALSE,FALSE,FALSE,TRUE,"hybrid",NA,NA,NA,NA,"Sustainability and Climate Change Governance","Global and Planetary Change","Environmental Science","Physical Sciences","Policy Studies Journal","journal","0190-292X","2026-01-20T00:00:00","2026-01-21T23:30:37.877113"
"S119514724","ps","W7124970901","10.1111/psj.70098",NA,NA,"Issue Attention in Public Opinion Polls: Pollsters as Agenda Responders and Agenda Setters",2026,"2026-01-20","article","en",0,52,1,1,3,0,FALSE,FALSE,FALSE,TRUE,"hybrid",NA,NA,NA,NA,"Computational and Text Analysis Methods","General Social Sciences","Social Sciences","Social Sciences","Policy Studies Journal","journal","0190-292X","2026-01-21T00:00:00","2026-01-22T23:29:09.771500"
"S119514724","ps","W7125430680","10.1111/psj.70100",NA,NA,"When Nuclear Power Feels Close to Home: Salience, Risk Information, and Public Acceptance",2026,"2026-01-22","article","en",0,97,1,1,2,0,FALSE,FALSE,FALSE,TRUE,"bronze",NA,NA,NA,NA,"Risk Perception and Management","Sociology and Political Science","Social Sciences","Social Sciences","Policy Studies Journal","journal","0190-292X","2026-01-23T00:00:00","2026-01-24T23:23:39.755997"
"S119514724","ps","W7127908443","10.1111/psj.70104",NA,NA,"Emotion and the Advocacy Coalition Framework: An Affective Dynamics Perspective",2026,"2026-02-05","article","en",0,163,1,1,1,0,FALSE,FALSE,FALSE,TRUE,"hybrid",NA,NA,NA,NA,"Policy Transfer and Learning","Political Science and International Relations","Social Sciences","Social Sciences","Policy Studies Journal","journal","0190-292X","2026-02-07T00:00:00","2026-02-07T06:15:42.627816"
"S119514724","ps","W7128508037","10.1111/psj.70105",NA,NA,"Narrating the Loser: Theorizing the Role of Characters Within the Narrative Policy Framework",2026,"2026-02-10","article","en",0,29,1,2,3,0,FALSE,FALSE,FALSE,FALSE,"closed",NA,NA,NA,NA,"Policy Transfer and Learning","Political Science and International Relations","Social Sciences","Social Sciences","Policy Studies Journal","journal","0190-292X","2026-02-11T00:00:00","2026-02-11T22:13:25.172316"
"S2912564958","ps","W2914324796","10.1108/jpbafm-03-2018-002",NA,"2914324796","Erratum",2018,"2018-03-05","erratum","en",8,60,1,0,0,1.11465814,FALSE,FALSE,FALSE,FALSE,"closed","30","1","2","2","Accounting and Organizational Management","Management Information Systems","Business, Management and Accounting","Social Sciences","Journal of Public Budgeting Accounting & Financial Management","journal","1096-3367","2019-02-21T00:00:00","2025-11-06T03:46:38.306776"
"S2912564958","ps","W4387417406","10.1108/jpbafm-06-2023-203",NA,NA,"Guest editorial: Public sector accounting in emerging economies in the evolving post-COVID-19 era",2023,"2023-10-06","editorial","en",5,46,3,2,4,4.79526128,FALSE,FALSE,TRUE,TRUE,"bronze","35","3","297","308","Corruption and Economic Development","Sociology and Political Science","Social Sciences","Social Sciences","Journal of Public Budgeting Accounting & Financial Management","journal","1096-3367","2025-10-10T00:00:00","2026-02-09T09:26:11.010843"
"S2912564958","ps","W4394679498","10.1108/jpbafm-04-2024-206",NA,NA,"Editorial: Debts, deficits, and inflation: prescriptions for the future",2024,"2024-04-10","editorial","en",1,19,1,0,2,0.99967581,FALSE,FALSE,TRUE,TRUE,"bronze","36","2","195","199","Fiscal Policies and Political Economy","Economics and Econometrics","Economics, Econometrics and Finance","Social Sciences","Journal of Public Budgeting Accounting & Financial Management","journal","1096-3367","2025-10-10T00:00:00","2025-11-06T03:46:38.306776"
"S2912564958","ps","W4211146211","10.1108/jpbafm-22-02-2010-b006",NA,NA,"Editorial Board",2010,"2010-03-01","paratext","en",1,108,1,0,0,0,FALSE,FALSE,FALSE,FALSE,"closed","22","2","1","3","Public Policy and Administration Research","Public Administration","Social Sciences","Social Sciences","Journal of Public Budgeting Accounting & Financial Management","journal","1096-3367","2025-10-10T00:00:00","2025-11-06T03:46:38.306776"
"S2912564958","ps","W4400302754","10.1108/jpbafm-06-2024-230",NA,NA,"Guest editorial: From walking to running – What's the next step for earnings management research in public sector organizations?",2024,"2024-07-03","editorial","en",1,31,1,0,4,1.73443452,FALSE,FALSE,FALSE,FALSE,"closed","36","3","269","276","Auditing, Earnings Management, Governance","Accounting","Business, Management and Accounting","Social Sciences","Journal of Public Budgeting Accounting & Financial Management","journal","1096-3367","2025-10-10T00:00:00","2025-11-06T03:46:38.306776"
"S2912564958","ps","W4211150984","10.1108/jpbafm-22-04-2010-b006",NA,NA,"Editorial Board",2010,"2010-03-01","paratext","en",1,88,1,0,0,0,FALSE,FALSE,FALSE,FALSE,"closed","22","4","1","4","Accounting and Organizational Management","Management Information Systems","Business, Management and Accounting","Social Sciences","Journal of Public Budgeting Accounting & Financial Management","journal","1096-3367","2025-10-10T00:00:00","2025-11-06T03:46:38.306776"
"S2912564958","ps","W3087527224","10.1108/jpbafm-07-2020-0103",NA,"3087527224","Reflections on the Austrian COVID-19 budgetary emergency measures and their potential to reconfigure the public financial management system",2020,"2020-09-21","article","en",21,15,1,2,2,NA,FALSE,FALSE,FALSE,FALSE,"closed","32","5","855","864",NA,NA,NA,NA,"Journal of Public Budgeting Accounting & Financial Management","journal","1096-3367","2025-10-10T00:00:00","2025-11-06T03:46:38.306776"
"S2912564958","ps","W4416051016","10.1108/jpbafm-10-2024-0216",NA,NA,"When digitalisation enhances public (in)efficiency",2025,"2025-11-09","article","en",1,58,1,1,3,NA,FALSE,FALSE,FALSE,TRUE,"hybrid","38","1","180","196",NA,NA,NA,NA,"Journal of Public Budgeting Accounting & Financial Management","journal","1096-3367","2025-11-09T00:00:00","2026-02-08T09:19:03.324500"
"S2912564958","ps","W3122669993","10.1108/jpbafm-03-2019-0055",NA,"3122669993","Budget institutions and government effectiveness",2020,"2020-04-09","preprint","en",0,54,5,1,2,0,FALSE,FALSE,FALSE,FALSE,"closed","32","2","217","246","Fiscal Policies and Political Economy","Economics and Econometrics","Economics, Econometrics and Finance","Social Sciences","Journal of Public Budgeting Accounting & Financial Management","journal","1096-3367","2021-02-01T00:00:00","2026-02-09T09:26:11.010843"
"S2912564958","ps","W4211102033","10.1108/jpbafm-22-03-2010-b006",NA,NA,"Editorial Board",2010,"2010-03-01","paratext","en",0,88,1,0,0,0,FALSE,FALSE,FALSE,FALSE,"closed","22","3","1","3","Economic and Environmental Valuation","Economics and Econometrics","Economics, Econometrics and Finance","Social Sciences","Journal of Public Budgeting Accounting & Financial Management","journal","1096-3367","2025-10-10T00:00:00","2025-11-06T03:46:38.306776"
"S2912564958","ps","W4415733314","10.1108/jpbafm-01-2025-0016",NA,NA,"Connecting the dots: from SDGs to well-being",2025,"2025-10-27","article","en",0,62,2,3,4,NA,FALSE,FALSE,FALSE,TRUE,"green","37","6","393","412",NA,NA,NA,NA,"Journal of Public Budgeting Accounting & Financial Management","journal","1096-3367","2025-10-31T00:00:00","2025-11-06T03:46:38.306776"
"S2912564958","ps","W4416048452","10.1108/jpbafm-12-2024-0265",NA,NA,"Aligning back-end systems with front-end services: configurations of financial management information systems and e-services provision",2025,"2025-11-09","article","en",0,42,2,1,2,NA,FALSE,FALSE,FALSE,FALSE,"closed","38","1","87","110",NA,NA,NA,NA,"Journal of Public Budgeting Accounting & Financial Management","journal","1096-3367","2025-11-09T00:00:00","2026-02-08T09:19:03.324500"
"S2912564958","ps","W4416450551","10.1108/jpbafm-06-2025-0148",NA,NA,"Social equity in public budgeting: an analysis of Maryland’s counties",2025,"2025-11-18","article","en",0,28,1,1,3,NA,FALSE,FALSE,FALSE,FALSE,"closed","37","6","413","427",NA,NA,NA,NA,"Journal of Public Budgeting Accounting & Financial Management","journal","1096-3367","2025-11-20T00:00:00","2025-11-28T14:30:27.112927"
"S2912564958","ps","W4417047721","10.1108/jpbafm-08-2025-0225",NA,NA,"Citizen evaluation of school districts: performance, budgeting and partisanship",2025,"2025-12-05","article","en",0,57,1,1,3,NA,FALSE,FALSE,FALSE,FALSE,"closed",NA,NA,"1","19",NA,NA,NA,NA,"Journal of Public Budgeting Accounting & Financial Management","journal","1096-3367","2025-12-05T00:00:00","2025-12-06T23:10:59.065948"
"S2912564958","ps","W4417277864","10.1108/jpbafm-12-2024-0268",NA,NA,"Digital transformation – the panacea for Indonesian railway",2025,"2025-12-12","article","en",0,66,2,2,1,NA,FALSE,FALSE,FALSE,TRUE,"green","38","1","197","215",NA,NA,NA,NA,"Journal of Public Budgeting Accounting & Financial Management","journal","1096-3367","2025-12-12T00:00:00","2026-02-08T09:19:03.324500"
"S2912564958","ps","W4417511198","10.1108/jpbafm-02-2025-0038",NA,NA,"Fiscal footprint: the relationship between city greenhouse gas emissions and local government budgets",2025,"2025-12-19","article","en",0,35,1,1,3,NA,FALSE,FALSE,FALSE,FALSE,"closed",NA,NA,"1","19",NA,NA,NA,NA,"Journal of Public Budgeting Accounting & Financial Management","journal","1096-3367","2025-12-19T00:00:00","2025-12-21T02:06:08.432651"
"S2912564958","ps","W7119517403","10.1108/jpbafm-07-2024-0113",NA,NA,"Mapping the landscape of accounting research in charitable organizations: a bibliometric and systematic literature review",2026,"2026-01-08","article","en",0,166,1,1,3,0,FALSE,FALSE,FALSE,FALSE,"closed",NA,NA,"1","34","Nonprofit Sector and Volunteering","Sociology and Political Science","Social Sciences","Social Sciences","Journal of Public Budgeting Accounting & Financial Management","journal","1096-3367","2026-01-09T00:00:00","2026-01-09T23:14:04.187858"
"S2912564958","ps","W7124492910","10.1108/jpbafm-04-2025-0105",NA,NA,"The influence of government budgets for anti-corruption efforts and government effectiveness on national transparency levels",2026,"2026-01-16","article","en",0,75,1,2,2,0,FALSE,FALSE,FALSE,FALSE,"closed",NA,NA,"1","28","Corruption and Economic Development","Sociology and Political Science","Social Sciences","Social Sciences","Journal of Public Budgeting Accounting & Financial Management","journal","1096-3367","2026-01-17T00:00:00","2026-01-17T23:15:25.596738"
"S2912564958","ps","W7125105400","10.1108/jpbafm-11-2025-0334",NA,NA,"Digital transformations in public sector accounting, auditing and accountability: palliative or panacea?",2026,"2026-01-21","article","en",0,42,2,3,4,0,FALSE,FALSE,FALSE,FALSE,"closed","38","1","1","16","E-Government and Public Services","Political Science and International Relations","Social Sciences","Social Sciences","Journal of Public Budgeting Accounting & Financial Management","journal","1096-3367","2026-01-22T00:00:00","2026-02-08T09:19:03.324500"
"S2912564958","ps","W7126396975","10.1108/jpbafm-06-2025-0161",NA,NA,"Behavioral responses to fiscal rules: evidence from Czech municipalities",2026,"2026-01-31","article","en",0,26,1,1,2,0,FALSE,FALSE,FALSE,FALSE,"closed",NA,NA,"1","18","Fiscal Policies and Political Economy","Economics and Econometrics","Economics, Econometrics and Finance","Social Sciences","Journal of Public Budgeting Accounting & Financial Management","journal","1096-3367","2026-02-02T00:00:00","2026-02-03T00:53:05.648605"
"S2912564958","ps","W7127052696","10.1108/jpbafm-08-2025-0243",NA,NA,"The Tower of Babel of public sector accounting: heritage assets under management contracts in the Brazilian context",2026,"2026-02-01","article","en",0,38,1,3,4,0,FALSE,FALSE,FALSE,FALSE,"closed",NA,NA,"1","19","Accounting and Organizational Management","Management Information Systems","Business, Management and Accounting","Social Sciences","Journal of Public Budgeting Accounting & Financial Management","journal","1096-3367","2026-02-03T00:00:00","2026-02-06T02:01:19.302388"
"S2912564958","ps","W7127909849","10.1108/jpbafm-03-2025-0065",NA,NA,"Public procurement scandals and trust in government during COVID-19: a case study for the Czech Republic, Slovakia and Poland",2026,"2026-02-04","article","en",0,43,1,6,5,0,FALSE,FALSE,FALSE,FALSE,"closed",NA,NA,"1","19","Public Procurement and Policy","Strategy and Management","Business, Management and Accounting","Social Sciences","Journal of Public Budgeting Accounting & Financial Management","journal","1096-3367","2026-02-07T00:00:00","2026-02-17T06:05:46.635709"
"S2912564958","ps","W7128056598","10.1108/jpbafm-06-2025-0151",NA,NA,"What drives decarbonization accountability? Evidence from Indonesian local governments",2026,"2026-02-05","article","en",0,59,1,2,4,0,FALSE,FALSE,FALSE,FALSE,"closed",NA,NA,"1","22","Sustainability and Climate Change Governance","Global and Planetary Change","Environmental Science","Physical Sciences","Journal of Public Budgeting Accounting & Financial Management","journal","1096-3367","2026-02-07T00:00:00","2026-02-07T06:15:42.627816"
"S87681011","ps","W2037042798","10.1111/j.1467-9302.2008.00662.x",NA,"2037042798","Editorial: Accounting and Reporting for Sustainable Development in Public Service Organizations",2008,"2008-11-05","editorial","en",135,12,4,2,2,7.73175891,FALSE,FALSE,FALSE,FALSE,"closed","28","6","323","326","Corporate Social Responsibility Reporting","Strategy and Management","Business, Management and Accounting","Social Sciences","Public Money & Management","journal","0954-0962","2025-10-10T00:00:00","2026-02-09T09:26:11.010843"
"S87681011","ps","W2772990938","10.1080/09540962.2017.1344007",NA,"2772990938","Editorial",2017,"2017-07-11","editorial","en",90,34,4,0,4,12.26820438,FALSE,FALSE,FALSE,TRUE,"bronze","37","6","379","386","Business Strategy and Innovation","Strategy and Management","Business, Management and Accounting","Social Sciences","Public Money & Management","journal","0954-0962","2017-12-22T00:00:00","2026-02-09T09:26:11.010843"
"S87681011","ps","W4316494346","10.1080/09540962.2022.2140900",NA,NA,"Editorial: Public value for all? Considering the parameters of public value co-creation",2023,"2023-01-02","editorial","en",14,23,3,1,3,4.32106955,FALSE,FALSE,FALSE,TRUE,"bronze","43","1","1","3","Service and Product Innovation","Marketing","Business, Management and Accounting","Social Sciences","Public Money & Management","journal","0954-0962","2025-10-10T00:00:00","2026-02-13T15:27:49.765798"
"S87681011","ps","W1971331828","10.1111/j.1467-9302.2008.00632.x",NA,"1971331828","Editorial: Managing Competing Public Values in Public Infrastructure Projects",2008,"2008-05-06","editorial","en",46,16,3,2,3,5.9568511,FALSE,FALSE,FALSE,FALSE,"closed","28","3","131","134","Public Policy and Administration Research","Public Administration","Social Sciences","Social Sciences","Public Money & Management","journal","0954-0962","2025-10-10T00:00:00","2026-02-09T09:26:11.010843"
"S87681011","ps","W2588072265","10.1080/09540962.2017.1281608",NA,"2588072265","Editorial: The charity sector— changing times, changing challenges",2017,"2017-02-13","editorial","en",21,12,3,0,1,4.9905,FALSE,FALSE,FALSE,TRUE,"bronze","37","3","149","153","Nonprofit Sector and Volunteering","Sociology and Political Science","Social Sciences","Social Sciences","Public Money & Management","journal","0954-0962","2025-10-10T00:00:00","2026-02-25T21:11:00.739837"
"S87681011","ps","W2953215172","10.1080/09540962.2019.1583906",NA,"2953215172","Editorial: Innovations in public sector financial and management accounting—for better or worse?",2019,"2019-06-13","editorial","en",14,14,3,3,4,1.60000424,FALSE,FALSE,FALSE,TRUE,"green","39","6","385","388","Accounting and Organizational Management","Management Information Systems","Business, Management and Accounting","Social Sciences","Public Money & Management","journal","0954-0962","2025-10-10T00:00:00","2026-02-13T15:27:49.765798"
"S87681011","ps","W4304892957","10.1080/09540962.2022.2073080",NA,NA,"Editorial: Walking the talk of managing emotional labour",2022,"2022-10-13","editorial","en",2,25,3,2,2,0.4831543,FALSE,FALSE,FALSE,TRUE,"green","43","5","383","385","Emotional Labor in Professions","Sociology and Political Science","Social Sciences","Social Sciences","Public Money & Management","journal","0954-0962","2025-10-10T00:00:00","2026-02-09T09:26:11.010843"
"S87681011","ps","W2766488667","10.1080/09540962.2018.1389482",NA,"2766488667","Editorial: The landscape of Lean across public services",2017,"2017-10-27","editorial","en",24,25,6,0,3,4.72828888,FALSE,FALSE,FALSE,TRUE,"green","38","1","1","4","Quality and Supply Management","Management Information Systems","Business, Management and Accounting","Social Sciences","Public Money & Management","journal","0954-0962","2025-10-10T00:00:00","2026-02-09T09:26:11.010843"
"S87681011","ps","W1584885044","10.1080/09540962.2011.573207",NA,"1584885044","Editorial: Good governance in charities— some key issues",2011,"2011-05-01","editorial","en",19,15,2,1,2,3.6727,FALSE,FALSE,FALSE,FALSE,"closed","31","3","151","155","Nonprofit Sector and Volunteering","Sociology and Political Science","Social Sciences","Social Sciences","Public Money & Management","journal","0954-0962","2025-10-10T00:00:00","2026-02-25T21:11:00.739837"
"S87681011","ps","W4255850435","10.1080/09540962.2010.492171",NA,NA,"Editorial",2010,"2010-07-01","editorial","en",14,14,2,1,2,3.81036536,FALSE,FALSE,FALSE,FALSE,"closed","30","4","199","203","Human Resource and Talent Management","Organizational Behavior and Human Resource Management","Business, Management and Accounting","Social Sciences","Public Money & Management","journal","0954-0962","2022-05-12T00:00:00","2026-02-09T09:26:11.010843"
"S87681011","ps","W3014236291","10.1080/09540962.2020.1728055",NA,"3014236291","Editorial",2020,"2020-03-30","editorial","en",13,22,4,3,4,2.12569334,FALSE,FALSE,FALSE,TRUE,"bronze","40","4","255","259","Public Policy and Administration Research","Public Administration","Social Sciences","Social Sciences","Public Money & Management","journal","0954-0962","2020-04-10T00:00:00","2026-02-09T09:26:11.010843"
"S87681011","ps","W2002473777","10.1080/09540962.2015.1027502",NA,"2002473777","New development: Managing and accounting for sustainable development across generations in public services—and call for papers",2015,"2015-03-17","paratext","en",11,36,8,2,3,3.87861273,FALSE,FALSE,FALSE,TRUE,"green","35","3","245","250","Public Policy and Administration Research","Public Administration","Social Sciences","Social Sciences","Public Money & Management","journal","0954-0962","2025-10-10T00:00:00","2026-02-09T09:26:11.010843"
"S87681011","ps","W2166671448","10.1080/09540962.2016.1103408",NA,"2166671448","Editorial: Science or alchemy in collaborative public service? Challenges and future directions for the management and organization of joined-up government",2015,"2015-11-09","editorial","en",8,15,2,1,3,0.48482659,FALSE,FALSE,FALSE,TRUE,"bronze","36","1","1","4","Public Policy and Administration Research","Public Administration","Social Sciences","Social Sciences","Public Money & Management","journal","0954-0962","2025-10-10T00:00:00","2026-02-09T09:26:11.010843"
"S87681011","ps","W4200333260","10.1080/09540962.2022.2003595",NA,NA,"Editorial: <i>Silent Spring</i>: can we fix wicked problems?",2021,"2021-12-22","editorial","en",6,14,4,1,1,0.48155291,FALSE,FALSE,FALSE,TRUE,"bronze","42","2","53","54","Community Development and Social Impact","Finance","Economics, Econometrics and Finance","Social Sciences","Public Money & Management","journal","0954-0962","2021-12-31T00:00:00","2026-02-20T08:17:22.645390"
"S87681011","ps","W1200049218","10.1080/09540962.2014.887513",NA,"1200049218","Editorial",2014,"2014-02-05","editorial","en",13,5,3,0,2,2.92614495,FALSE,FALSE,FALSE,FALSE,"closed","34","2","79","81","Public-Private Partnership Projects","Strategy and Management","Business, Management and Accounting","Social Sciences","Public Money & Management","journal","0954-0962","2016-06-24T00:00:00","2026-02-09T09:26:11.010843"
"S87681011","ps","W3087439634","10.1080/09540962.2020.1816304",NA,"3087439634","Editorial: An agenda for civil service change",2020,"2020-09-21","editorial","en",7,12,2,0,1,1.35025688,FALSE,FALSE,FALSE,TRUE,"bronze","40","8","541","545","Healthcare innovation and challenges","Education","Social Sciences","Social Sciences","Public Money & Management","journal","0954-0962","2025-10-10T00:00:00","2026-02-09T09:26:11.010843"
"S87681011","ps","W4304783007","10.1080/09540962.2022.2099143",NA,NA,"Editorial",2022,"2022-10-03","editorial","en",6,15,4,4,4,1.53821446,FALSE,FALSE,TRUE,TRUE,"bronze","42","7","538","540","Management and Organizational Studies","Organizational Behavior and Human Resource Management","Business, Management and Accounting","Social Sciences","Public Money & Management","journal","0954-0962","2022-10-13T00:00:00","2026-02-09T09:26:11.010843"
"S87681011","ps","W3191492142","10.1080/09540962.2021.1940477",NA,"3191492142","Editorial: Comparison as a habit—The case for international governmental accounting research",2021,"2021-08-05","editorial","en",5,29,4,3,5,3.4533163,FALSE,FALSE,FALSE,TRUE,"bronze","41","6","428","431","Local Government Finance and Decentralization","Political Science and International Relations","Social Sciences","Social Sciences","Public Money & Management","journal","0954-0962","2025-10-10T00:00:00","2026-02-09T09:26:11.010843"
"S87681011","ps","W4403865921","10.1080/09540962.2024.2414579",NA,NA,"Editorial: Public sector accounting current developments—insight, critique and transformative redefinitions",2024,"2024-10-29","editorial","en",5,21,3,3,5,8.67217261,FALSE,FALSE,FALSE,TRUE,"green","44","8","651","654","Auditing, Earnings Management, Governance","Accounting","Business, Management and Accounting","Social Sciences","Public Money & Management","journal","0954-0962","2024-10-30T00:00:00","2026-02-09T09:26:11.010843"
"S87681011","ps","W3023956334","10.1080/09540962.2020.1752547",NA,"3023956334","Editorial: The dynamics of the fight against fraud and bribery—reflections on core issues in this PMM theme",2020,"2020-04-30","editorial","en",4,14,3,1,2,1.10616868,FALSE,FALSE,FALSE,TRUE,"bronze","40","5","343","348","Crime, Illicit Activities, and Governance","Sociology and Political Science","Social Sciences","Social Sciences","Public Money & Management","journal","0954-0962","2025-10-10T00:00:00","2026-02-09T09:26:11.010843"
"S87681011","ps","W4386280473","10.1080/09540962.2023.2247756",NA,NA,"Editorial: Gender budgeting—Insights from contemporary experiences",2023,"2023-08-18","editorial","en",4,10,5,2,3,3.04431222,FALSE,FALSE,TRUE,TRUE,"bronze","43","6","527","529","Gender Politics and Representation","Gender Studies","Social Sciences","Social Sciences","Public Money & Management","journal","0954-0962","2025-10-10T00:00:00","2026-02-09T09:26:11.010843"
"S87681011","ps","W3118552801","10.1080/09540962.2021.1835291",NA,"3118552801","Editorial: ‘The seamless web of circumstance’",2021,"2021-01-02","editorial","en",6,19,3,1,1,1.03251781,FALSE,FALSE,FALSE,TRUE,"bronze","41","1","1","4","Public Policy and Administration Research","Public Administration","Social Sciences","Social Sciences","Public Money & Management","journal","0954-0962","2025-10-10T00:00:00","2026-02-09T09:26:11.010843"
"S87681011","ps","W4288431647","10.1080/09540962.2022.2080917",NA,NA,"Editorial: Management accounting and risk management—research and reflections",2022,"2022-07-28","editorial","en",4,16,5,3,3,1.15312731,FALSE,FALSE,FALSE,TRUE,"bronze","42","6","361","364","Accounting and Organizational Management","Management Information Systems","Business, Management and Accounting","Social Sciences","Public Money & Management","journal","0954-0962","2025-10-10T00:00:00","2026-02-09T09:26:11.010843"
"S87681011","ps","W4387258614","10.1080/09540962.2023.2247889",NA,NA,"Editorial: The commodification of the public good—who wins and who loses?",2023,"2023-10-02","editorial","en",3,7,3,1,4,6.27729525,FALSE,FALSE,FALSE,TRUE,"bronze","44","4","277","280","Social Policy and Reform Studies","Political Science and International Relations","Social Sciences","Social Sciences","Public Money & Management","journal","0954-0962","2025-10-10T00:00:00","2026-02-09T09:26:11.010843"
"S87681011","ps","W4235734164","10.1080/09540962.2018.1486099",NA,NA,"Editorial",2018,"2018-07-27","editorial","en",2,7,2,0,2,2.0431878,FALSE,FALSE,FALSE,TRUE,"bronze","38","6","407","410","Social Policy and Reform Studies","Political Science and International Relations","Social Sciences","Social Sciences","Public Money & Management","journal","0954-0962","2022-05-12T00:00:00","2026-02-09T09:26:11.010843"
"S87681011","ps","W4319072508","10.1080/09540962.2022.2161192",NA,NA,"Editorial: Interesting times",2023,"2023-02-03","editorial","en",2,8,2,1,1,1.1809125599999999,FALSE,FALSE,TRUE,TRUE,"bronze","43","2","81","82","Public Policy and Administration Research","Public Administration","Social Sciences","Social Sciences","Public Money & Management","journal","0954-0962","2025-10-10T00:00:00","2025-12-24T23:09:58.560324"
"S87681011","ps","W4402516536","10.1080/09540962.2024.2398310",NA,NA,"Editorial: Whole of government accounting: the jury continues its deliberations",2024,"2024-09-13","editorial","en",2,12,1,1,2,4.19196351,FALSE,FALSE,FALSE,FALSE,"closed","45","6","535","537","Criminal Justice and Corrections Analysis","Sociology and Political Science","Social Sciences","Social Sciences","Public Money & Management","journal","0954-0962","2025-10-10T00:00:00","2025-12-27T23:08:20.325037"
"S87681011","ps","W3148010103","10.1080/09540962.2021.1885153",NA,"3148010103","Editorial: Digitalization starts affecting core processes",2021,"2021-04-01","editorial","en",4,7,3,0,1,0.63360806,FALSE,FALSE,FALSE,TRUE,"bronze","41","4","279","280","Public-Private Partnership Projects","Strategy and Management","Business, Management and Accounting","Social Sciences","Public Money & Management","journal","0954-0962","2025-10-10T00:00:00","2025-11-06T03:46:38.306776"
"S87681011","ps","W4387168777","10.1080/09540962.2023.2256575",NA,NA,"Editorial: PMM CIGAR theme: Public sector accounting—educating for reform challenges",2023,"2023-09-29","editorial","en",3,11,2,3,4,1.32129421,FALSE,FALSE,FALSE,TRUE,"bronze","43","7","722","724","Accounting and Organizational Management","Management Information Systems","Business, Management and Accounting","Social Sciences","Public Money & Management","journal","0954-0962","2025-10-10T00:00:00","2025-11-06T03:46:38.306776"
"S87681011","ps","W4307817768","10.1080/09540962.2022.2126625",NA,NA,"Editorial: Use of accounting information by politicians",2022,"2022-11-01","editorial","en",2,5,3,0,1,0.46188593,FALSE,FALSE,FALSE,TRUE,"green","42","8","573","573","Taxation and Compliance Studies","Economics and Econometrics","Economics, Econometrics and Finance","Social Sciences","Public Money & Management","journal","0954-0962","2025-10-10T00:00:00","2025-11-06T03:46:38.306776"
"S87681011","ps","W3136755710","10.1080/09540962.2021.1873593",NA,"3136755710","Editorial: IPSASB and academia: a promising co-operation",2021,"2021-03-23","editorial","en",1,14,4,2,4,0,FALSE,FALSE,FALSE,TRUE,"bronze","41","3","181","183","Auditing, Earnings Management, Governance","Accounting","Business, Management and Accounting","Social Sciences","Public Money & Management","journal","0954-0962","2021-03-29T00:00:00","2026-02-09T09:26:11.010843"
"S87681011","ps","W4411212988","10.1080/09540962.2025.2489199",NA,NA,"Editorial: The immoveable objects of desire",2025,"2025-06-11","editorial","en",1,19,2,1,4,17.7035613,FALSE,FALSE,FALSE,FALSE,"closed","45","5","373","376","Political and Economic history of UK and US","Political Science and International Relations","Social Sciences","Social Sciences","Public Money & Management","journal","0954-0962","2025-10-10T00:00:00","2025-11-06T03:46:38.306776"
"S87681011","ps","W2794465403","10.1080/09540962.2018.1477574",NA,"2794465403","Editorial",2018,"2018-06-01","editorial","en",2,13,7,0,3,2.86763973,FALSE,FALSE,FALSE,TRUE,"green","38","5","325","327","Social Sciences and Governance","Urban Studies","Social Sciences","Social Sciences","Public Money & Management","journal","0954-0962","2018-04-06T00:00:00","2026-02-09T09:26:11.010843"
"S87681011","ps","W3120300725","10.1080/09540962.2021.1854974",NA,"3120300725","Editorial: Public sector reporting in different countries—challenges and opportunities",2021,"2021-01-11","editorial","en",1,6,2,2,2,0.2359238,FALSE,FALSE,FALSE,TRUE,"bronze","41","2","85","87","Accounting and Organizational Management","Management Information Systems","Business, Management and Accounting","Social Sciences","Public Money & Management","journal","0954-0962","2025-10-10T00:00:00","2026-02-09T09:26:11.010843"
"S87681011","ps","W3208334120","10.1080/09540962.2021.1986303",NA,"3208334120","Editorial: Quality of financial information presented by public sector entities",2021,"2021-10-28","editorial","en",1,6,2,0,1,0.22054141,FALSE,FALSE,FALSE,TRUE,"bronze","41","8","581","581","Fiscal Policies and Political Economy","Economics and Econometrics","Economics, Econometrics and Finance","Social Sciences","Public Money & Management","journal","0954-0962","2025-10-10T00:00:00","2025-11-06T03:46:38.306776"
"S87681011","ps","W3216931020","10.1080/09540962.2021.1989800",NA,"3216931020","Editorial: Learning from success and failure in action",2021,"2021-11-30","editorial","en",1,24,2,1,5,0.21551435,FALSE,FALSE,FALSE,FALSE,"closed","42","1","1","3","Human Resource and Talent Management","Organizational Behavior and Human Resource Management","Business, Management and Accounting","Social Sciences","Public Money & Management","journal","0954-0962","2025-10-10T00:00:00","2025-11-06T03:46:38.306776"
"S87681011","ps","W4238089218","10.1080/09540962.2016.1133956",NA,NA,"Editorial",2016,"2016-02-03","editorial","en",1,17,2,0,1,0.47753984,FALSE,FALSE,FALSE,TRUE,"bronze","36","3","157","161","Accounting and Organizational Management","Management Information Systems","Business, Management and Accounting","Social Sciences","Public Money & Management","journal","0954-0962","2022-05-12T00:00:00","2026-02-09T09:26:11.010843"
"S87681011","ps","W4360988981","10.1080/09540962.2023.2187138",NA,NA,"Editorial: An international vision for local public audit",2023,"2023-03-27","editorial","en",1,26,2,1,2,0.59045627999999994,FALSE,FALSE,FALSE,TRUE,"bronze","43","3","197","205","Public Policy and Administration Research","Public Administration","Social Sciences","Social Sciences","Public Money & Management","journal","0954-0962","2025-10-10T00:00:00","2025-12-24T23:09:58.560324"
"S87681011","ps","W4387187829","10.1080/09540962.2023.2257475",NA,NA,"Editorial: A finger firmly on the pulse",2023,"2023-09-29","editorial","en",1,25,3,3,5,6.14657806,FALSE,FALSE,FALSE,TRUE,"green","43","7","645","648","Academic Writing and Publishing","History and Philosophy of Science","Arts and Humanities","Social Sciences","Public Money & Management","journal","0954-0962","2023-09-30T00:00:00","2026-02-09T09:26:11.010843"
"S87681011","ps","W1628652433","10.1111/j.1467-9302.2008.00610.x",NA,"1628652433","Editorial: Lean in Public Services—Panacea or Paradox?",2010,"2010-03-15","editorial","en",194,9,3,0,2,NA,FALSE,FALSE,FALSE,FALSE,"closed","28","1","3","7","Quality and Supply Management","Management Information Systems","Business, Management and Accounting","Social Sciences","Public Money & Management","journal","0954-0962","2025-10-10T00:00:00","2026-02-09T09:26:11.010843"
"S87681011","ps","W3176254953","10.1080/09540962.2021.1939584",NA,"3176254953","Digital transformation going local: implementation, impacts and constraints from a German perspective",2021,"2021-06-25","article","en",108,54,3,1,2,NA,FALSE,FALSE,FALSE,TRUE,"bronze","43","2","147","155",NA,NA,NA,NA,"Public Money & Management","journal","0954-0962","2021-07-05T00:00:00","2026-02-13T15:27:49.765798"
"S87681011","ps","W2005567405","10.1111/j.1467-9302.2008.00636.x",NA,"2005567405","Invisible Trade-Offs of Public Values: Inside Dutch Railways",2008,"2008-05-06","article","en",53,14,3,1,2,NA,FALSE,FALSE,FALSE,FALSE,"closed","28","3","147","152",NA,NA,NA,NA,"Public Money & Management","journal","0954-0962","2025-10-10T00:00:00","2026-02-09T09:26:11.010843"
"S87681011","ps","W2024718201","10.1080/09540962.2012.703421",NA,"2024718201","French revolution and German circumspection: reforming budgeting and accounting in national governments",2012,"2012-09-01","article","en",18,2,5,1,4,NA,FALSE,FALSE,FALSE,FALSE,"closed","32","5","357","361",NA,NA,NA,NA,"Public Money & Management","journal","0954-0962","2025-10-10T00:00:00","2026-02-09T09:26:11.010843"
"S87681011","ps","W4231164892","10.1111/j.1467-9302.2004.00420.x",NA,NA,"Editorial",2004,"2004-07-19","editorial","en",15,3,2,1,2,NA,FALSE,FALSE,FALSE,FALSE,"closed","24","4","197","199",NA,NA,NA,NA,"Public Money & Management","journal","0954-0962","2022-05-11T00:00:00","2026-02-09T09:26:11.010843"
"S87681011","ps","W4400250126","10.1080/09540962.2024.2365351",NA,NA,"Top-down or bottom-up digital transformation? A comparison of institutional changes and outcomes",2024,"2024-07-02","article","en",10,38,2,1,3,NA,FALSE,FALSE,FALSE,TRUE,"hybrid","45","5","456","465",NA,NA,NA,NA,"Public Money & Management","journal","0954-0962","2025-10-10T00:00:00","2026-02-09T09:26:11.010843"
"S87681011","ps","W4416133443","10.1080/09540962.2025.2573784",NA,NA,"Digital accountability through e-participation: the moderating role of the digital divide",2025,"2025-11-11","article","en",1,39,1,3,4,NA,FALSE,FALSE,FALSE,TRUE,"hybrid",NA,NA,"1","13",NA,NA,NA,NA,"Public Money & Management","journal","0954-0962","2025-11-11T00:00:00","2026-02-19T08:20:09.288608"
"S87681011","ps","W4416411345","10.1080/09540962.2025.2579833",NA,NA,"A thematic literature review on politicians’ use of financial and non-financial information: Insights and future directions",2025,"2025-11-20","article","en",1,33,1,1,3,NA,FALSE,FALSE,FALSE,TRUE,"hybrid",NA,NA,"1","13",NA,NA,NA,NA,"Public Money & Management","journal","0954-0962","2025-11-20T00:00:00","2026-02-06T02:01:19.302388"
"S87681011","ps","W4417330051","10.1080/09540962.2025.2597951",NA,NA,"Anticipating illiberalism: drivers of bureaucratic turnover intention",2025,"2025-12-15","article","en",1,36,1,2,3,NA,FALSE,FALSE,FALSE,FALSE,"closed",NA,NA,"1","12",NA,NA,NA,NA,"Public Money & Management","journal","0954-0962","2025-12-15T00:00:00","2026-02-07T08:09:18.108334"
"S87681011","ps","W3189259672","10.1080/09540962.2021.1930892",NA,"3189259672","Editorial: Impact through relevance",2021,"2021-07-02","editorial","en",0,5,2,1,1,0,FALSE,FALSE,FALSE,FALSE,"closed","41","5","357","358","Public Policy and Administration Research","Public Administration","Social Sciences","Social Sciences","Public Money & Management","journal","0954-0962","2025-10-10T00:00:00","2025-11-06T03:46:38.306776"
"S87681011","ps","W4367182038","10.1080/09540962.2023.2192028",NA,NA,"Editorial: More complex approaches may increase the use of accounting information",2023,"2023-04-27","editorial","en",0,10,3,0,1,0,FALSE,FALSE,FALSE,TRUE,"bronze","43","4","289","289","Big Data and Business Intelligence","Management Information Systems","Business, Management and Accounting","Social Sciences","Public Money & Management","journal","0954-0962","2025-10-10T00:00:00","2025-11-06T03:46:38.306776"
"S87681011","ps","W4391221068","10.1080/09540962.2024.2292418",NA,NA,"Editorial: Resilience and wellbeing—the persistent challenges for our emergency services",2024,"2024-01-25","editorial","en",0,11,3,1,2,0,FALSE,FALSE,FALSE,TRUE,"bronze","44","2","95","97","Resilience and Mental Health","Clinical Psychology","Psychology","Social Sciences","Public Money & Management","journal","0954-0962","2024-01-26T00:00:00","2026-02-09T09:26:11.010843"
"S87681011","ps","W4399317572","10.1080/09540962.2024.2340910",NA,NA,"Editorial: Remembering Alexei Navalny and struggles for good governance",2024,"2024-06-03","editorial","en",0,9,2,1,1,0,FALSE,FALSE,FALSE,TRUE,"bronze","44","5","339","340","Public Policy and Administration Research","Public Administration","Social Sciences","Social Sciences","Public Money & Management","journal","0954-0962","2025-10-10T00:00:00","2025-12-26T23:08:49.675405"
"S87681011","ps","W4405585166","10.1080/09540962.2024.2442209",NA,NA,"Editorial: Consultants and public management reforms",2024,"2024-12-19","editorial","en",0,30,1,2,3,0,FALSE,FALSE,FALSE,FALSE,"closed","46","2","137","141","Public Policy and Administration Research","Public Administration","Social Sciences","Social Sciences","Public Money & Management","journal","0954-0962","2025-10-10T00:00:00","2026-02-07T06:11:34.122080"
"S87681011","ps","W4405661202","10.1080/09540962.2024.2419230",NA,NA,"Editorial: Relationalism and relativism of evidence",2024,"2024-12-20","editorial","en",0,16,2,1,1,0,FALSE,FALSE,FALSE,TRUE,"bronze","45","1","1","2","Health Systems, Economic Evaluations, Quality of Life","Economics and Econometrics","Economics, Econometrics and Finance","Social Sciences","Public Money & Management","journal","0954-0962","2025-10-10T00:00:00","2026-01-22T23:29:09.771500"
"S87681011","ps","W4406741797","10.1080/09540962.2025.2441552",NA,NA,"Editorial: Recruiting, training and retaining excellent public servants",2025,"2025-01-23","editorial","en",0,15,2,1,1,0,FALSE,FALSE,FALSE,TRUE,"bronze","45","2","93","95","Healthcare Policy and Management","Economics and Econometrics","Economics, Econometrics and Finance","Social Sciences","Public Money & Management","journal","0954-0962","2025-10-10T00:00:00","2026-01-01T23:40:50.289205"
"S87681011","ps","W4407818929","10.1080/09540962.2025.2461899",NA,NA,"Editorial: The role of accounting in ensuring financial and social sustainability during crises—a multi-actor perspective",2025,"2025-02-21","editorial","en",0,37,2,3,2,0,FALSE,FALSE,FALSE,FALSE,"closed","45","3","183","188","Accounting and Organizational Management","Management Information Systems","Business, Management and Accounting","Social Sciences","Public Money & Management","journal","0954-0962","2025-10-10T00:00:00","2025-12-28T23:10:05.387466"
"S87681011","ps","W4415665352","10.1080/09540962.2025.2576570",NA,NA,"Lessons for public management reform from the insourcing of the Probation Service of England and Wales",2025,"2025-10-29","article","en",0,22,3,2,6,NA,FALSE,FALSE,FALSE,TRUE,"hybrid",NA,NA,"1","10",NA,NA,NA,NA,"Public Money & Management","journal","0954-0962","2025-10-29T00:00:00","2025-11-06T03:46:38.306776"
"S87681011","ps","W4415849258","10.1080/09540962.2025.2573568",NA,NA,"Editorial: Navigating non-linear reforms in public sector accounting, towards digitalization, sustainability and usability",2025,"2025-11-04","article","en",0,20,1,5,5,NA,FALSE,FALSE,FALSE,FALSE,"closed","45","8","837","840",NA,NA,NA,NA,"Public Money & Management","journal","0954-0962","2025-11-04T00:00:00","2025-11-06T03:46:38.306776"
"S87681011","ps","W4415849275","10.1080/09540962.2025.2572015",NA,NA,"Understanding public sector accounting professionals’ intention to implement accrual accounting",2025,"2025-11-04","article","en",0,31,1,2,4,NA,FALSE,FALSE,FALSE,FALSE,"closed","45","8","867","876",NA,NA,NA,NA,"Public Money & Management","journal","0954-0962","2025-11-04T00:00:00","2025-11-06T03:46:38.306776"
"S87681011","ps","W4415865190","10.1080/09540962.2025.2580560",NA,NA,"New development: Community transformation funds—Integrating statutory health and social care with the VCFSE sectors in the UK",2025,"2025-11-04","article","en",0,17,1,2,5,NA,FALSE,FALSE,FALSE,FALSE,"closed",NA,NA,"1","6",NA,NA,NA,NA,"Public Money & Management","journal","0954-0962","2025-11-04T00:00:00","2025-11-06T03:46:38.306776"
"S87681011","ps","W4415867987","10.1080/09540962.2025.2579830",NA,NA,"Bureaucracy at scale: profiling organizational attitudes in Türkiye’s Ministry of National Education",2025,"2025-11-04","article","en",0,25,1,1,2,NA,FALSE,FALSE,FALSE,FALSE,"closed",NA,NA,"1","11",NA,NA,NA,NA,"Public Money & Management","journal","0954-0962","2025-11-04T00:00:00","2025-11-06T03:46:38.306776"
"S87681011","ps","W4416109512","10.1080/09540962.2025.2582673",NA,NA,"Do local government accounts provide decision-useful information? Externalities of fiscal rules",2025,"2025-11-11","article","en",0,31,1,1,2,NA,FALSE,FALSE,FALSE,FALSE,"closed",NA,NA,"1","13",NA,NA,NA,NA,"Public Money & Management","journal","0954-0962","2025-11-11T00:00:00","2025-11-28T08:54:02.056386"
"S87681011","ps","W4416114672","10.1080/09540962.2025.2580556",NA,NA,"The degree of digital transformation in Italian local government: the impact of their governance characteristics",2025,"2025-11-11","article","en",0,37,2,2,4,NA,FALSE,FALSE,FALSE,FALSE,"closed",NA,NA,"1","11",NA,NA,NA,NA,"Public Money & Management","journal","0954-0962","2025-11-11T00:00:00","2025-11-28T05:28:04.977947"
"S87681011","ps","W4416132046","10.1080/09540962.2025.2585357",NA,NA,"Skills and dynamic capabilities for generative AI: embracing the Industry 5.0 paradigm and nourishing innovation in public institutions",2025,"2025-11-12","article","en",0,33,1,2,3,NA,FALSE,FALSE,FALSE,FALSE,"closed",NA,NA,"1","15",NA,NA,NA,NA,"Public Money & Management","journal","0954-0962","2025-11-12T00:00:00","2025-11-28T05:54:33.701356"
"S87681011","ps","W4416865803","10.1080/09540962.2025.2551182",NA,NA,"Public service motivation and employee intention to stay in Lebanon: The case of NGOs",2025,"2025-12-01","article","en",0,44,2,3,3,NA,FALSE,FALSE,FALSE,FALSE,"closed",NA,NA,"1","11",NA,NA,NA,NA,"Public Money & Management","journal","0954-0962","2025-12-01T00:00:00","2025-12-03T00:04:00.142953"
"S87681011","ps","W4417033746","10.1080/09540962.2025.2596755",NA,NA,"Debate: Overcoming optimism and fear—public organizations in the age of AI",2025,"2025-12-05","article","en",0,16,1,1,1,NA,FALSE,FALSE,FALSE,FALSE,"closed",NA,NA,"1","2",NA,NA,NA,NA,"Public Money & Management","journal","0954-0962","2025-12-05T00:00:00","2025-12-06T23:10:59.065948"
"S87681011","ps","W4417197171","10.1080/09540962.2025.2598434",NA,NA,"Debate: Does digitization strengthen accountability or create new risks in public administration?",2025,"2025-12-10","article","en",0,21,1,1,1,NA,FALSE,FALSE,FALSE,FALSE,"closed",NA,NA,"1","3",NA,NA,NA,NA,"Public Money & Management","journal","0954-0962","2025-12-10T00:00:00","2025-12-11T23:09:37.256380"
"S87681011","ps","W4417400554","10.1080/09540962.2026.2578913",NA,NA,"Editorial: Anticipatory governance? Capacity for unintended policy outcomes",2025,"2025-12-16","article","en",0,13,1,1,1,NA,FALSE,FALSE,FALSE,FALSE,"closed","46","1","1","2",NA,NA,NA,NA,"Public Money & Management","journal","0954-0962","2025-12-16T00:00:00","2025-12-17T22:08:43.090829"
"S87681011","ps","W4417401134","10.1080/09540962.2025.2601073",NA,NA,"Evaluating performance to improve management in Argentine public universities with desirable and undesirable indicators",2025,"2025-12-16","article","en",0,28,1,1,3,NA,FALSE,FALSE,FALSE,FALSE,"closed",NA,NA,"1","15",NA,NA,NA,NA,"Public Money & Management","journal","0954-0962","2025-12-16T00:00:00","2025-12-17T22:08:43.090829"
"S87681011","ps","W4417491149","10.1080/09540962.2025.2584503",NA,NA,"Debate: Addressing the accountability gap in local government accounting",2025,"2025-12-19","article","en",0,15,2,1,1,NA,FALSE,FALSE,FALSE,TRUE,"hybrid",NA,NA,"1","3",NA,NA,NA,NA,"Public Money & Management","journal","0954-0962","2025-12-19T00:00:00","2026-02-05T00:54:17.221276"
"S87681011","ps","W7125811874","10.1080/09540962.2025.2603055",NA,NA,"Editorial: Taking stock of the research on politicians’ use of accounting information",2026,"2026-01-27","article","en",0,34,1,1,2,0,FALSE,FALSE,FALSE,FALSE,"closed",NA,NA,"1","6","Political Science Research and Education","Political Science and International Relations","Social Sciences","Social Sciences","Public Money & Management","journal","0954-0962","2026-01-28T00:00:00","2026-01-28T23:18:48.515280"
"S87681011","ps","W7125816708","10.1080/09540962.2026.2613258",NA,NA,"New development: E-government and policy transparency in sustainable cities and communities—A quantile analysis",2026,"2026-01-27","article","en",0,18,1,2,4,0,FALSE,FALSE,FALSE,FALSE,"closed",NA,NA,"1","7","Smart Cities and Technologies","Media Technology","Engineering","Physical Sciences","Public Money & Management","journal","0954-0962","2026-01-28T00:00:00","2026-01-28T23:18:48.515280"
"S87681011","ps","W7126207539","10.1080/09540962.2026.2614326",NA,NA,"New development: E-governance, public policies, and sustainability",2026,"2026-01-30","article","en",0,11,1,2,3,0,FALSE,FALSE,FALSE,FALSE,"closed",NA,NA,"1","5","E-Government and Public Services","Political Science and International Relations","Social Sciences","Social Sciences","Public Money & Management","journal","0954-0962","2026-02-01T00:00:00","2026-02-01T03:38:14.988550"
"S87681011","ps","W7127890165","10.1080/09540962.2026.2624789",NA,NA,"Debate: Civil servants resist illiberalism in response to vignettes, and succumb in reality",2026,"2026-02-05","article","en",0,20,1,1,1,0,FALSE,FALSE,FALSE,FALSE,"closed",NA,NA,"1","3","Emotional Labor in Professions","Sociology and Political Science","Social Sciences","Social Sciences","Public Money & Management","journal","0954-0962","2026-02-07T00:00:00","2026-02-07T06:15:42.627816"
"S87681011","ps","W7129084710","10.1080/09540962.2026.2628844",NA,NA,"The legacy of ‘cash for ash’ in Northern Ireland: instrumental, cultural, and myth perspectives",2026,"2026-02-16","article","en",0,13,2,2,3,0,FALSE,FALSE,FALSE,TRUE,"hybrid",NA,NA,"1","10","Public Policy and Administration Research","Public Administration","Social Sciences","Social Sciences","Public Money & Management","journal","0954-0962","2026-02-17T00:00:00","2026-02-17T06:10:05.244387"
"S87681011","ps","W7130394408","10.1080/09540962.2026.2629575",NA,NA,"Transparency, accountability, and the SDGs: A European e-governance perspective",2026,"2026-02-18","article","en",0,20,1,2,5,0,FALSE,FALSE,FALSE,FALSE,"closed",NA,NA,"1","5","E-Government and Public Services","Political Science and International Relations","Social Sciences","Social Sciences","Public Money & Management","journal","0954-0962","2026-02-19T00:00:00","2026-02-19T06:31:58.851227"
"S87681011","ps","W7130425301","10.1080/09540962.2026.2631588",NA,NA,"New development: E-government, transparency, and corruption in environmental sustainability policies—evidence from urbanized and energy-intensive economies",2026,"2026-02-18","article","en",0,13,1,2,3,0,FALSE,FALSE,FALSE,FALSE,"closed",NA,NA,"1","5","Corruption and Economic Development","Sociology and Political Science","Social Sciences","Social Sciences","Public Money & Management","journal","0954-0962","2026-02-19T00:00:00","2026-02-19T06:31:58.851227"
"S87681011","ps","W7130651714","10.1080/09540962.2026.2627322",NA,NA,"Interpretive Public Governance versus the curse of ‘presentism’: Narratives on the future study of public administration, 1945–2025",2026,"2026-02-20","article","en",0,47,1,1,1,0,FALSE,FALSE,FALSE,TRUE,"hybrid",NA,NA,"1","9","Public Policy and Administration Research","Public Administration","Social Sciences","Social Sciences","Public Money & Management","journal","0954-0962","2026-02-20T00:00:00","2026-02-21T06:11:54.161237"
"S52853039","ps","W4415804327","10.1080/10511482.2025.2566021",NA,NA,"Walls of Perception: Contrasting Views on Housing Barriers Across Sectors in Oregon",2025,"2025-11-02","article","en",1,44,1,1,3,NA,FALSE,FALSE,FALSE,FALSE,"closed","35","6","938","965",NA,NA,NA,NA,"Housing Policy Debate","journal","1051-1482","2025-11-03T00:00:00","2025-12-11T00:21:10.989143"
"S52853039","ps","W4400507212","10.1080/10511482.2024.2374177",NA,NA,"Editorial",2024,"2024-07-03","editorial","en",0,7,2,0,2,0,FALSE,FALSE,FALSE,FALSE,"closed","34","4","441","442","Mental Health Treatment and Access","Social Psychology","Psychology","Social Sciences","Housing Policy Debate","journal","1051-1482","2024-07-11T00:00:00","2025-12-22T23:10:17.713674"
"S52853039","ps","W4407997954","10.1080/10511482.2025.2467552",NA,NA,"Editorial",2025,"2025-01-02","editorial","en",0,13,2,0,2,0,FALSE,FALSE,FALSE,TRUE,"bronze","35","1","1","2","Urban Transport and Accessibility","Transportation","Social Sciences","Social Sciences","Housing Policy Debate","journal","1051-1482","2025-02-28T00:00:00","2025-12-21T01:58:51.020947"
"S52853039","ps","W4409440982","10.1080/10511482.2025.2488619",NA,NA,"Editorial",2025,"2025-03-04","editorial","en",0,10,2,0,2,0,FALSE,FALSE,FALSE,FALSE,"closed","35","2","135","136","Names, Identity, and Discrimination Research","Sociology and Political Science","Social Sciences","Social Sciences","Housing Policy Debate","journal","1051-1482","2025-04-15T00:00:00","2025-11-06T03:46:38.306776"
"S52853039","ps","W4411102459","10.1080/10511482.2025.2506317",NA,NA,"Editorial",2025,"2025-05-04","editorial","en",0,12,1,0,2,NA,FALSE,FALSE,FALSE,FALSE,"closed","35","3","381","383",NA,NA,NA,NA,"Housing Policy Debate","journal","1051-1482","2025-06-07T00:00:00","2025-11-06T03:46:38.306776"
"S52853039","ps","W4415041665","10.1080/10511482.2025.2567105",NA,NA,"Editorial",2025,"2025-09-03","article","en",0,6,1,0,2,NA,FALSE,FALSE,FALSE,FALSE,"closed","35","5","753","754",NA,NA,NA,NA,"Housing Policy Debate","journal","1051-1482","2025-10-11T00:00:00","2025-11-06T03:46:38.306776"
"S52853039","ps","W4415655567","10.1080/10511482.2025.2570727",NA,NA,"Changes in Average Household Size and Headship Rates as Indicators of Housing Shortfalls",2025,"2025-10-29","article","en",0,17,1,3,2,NA,FALSE,FALSE,FALSE,FALSE,"closed",NA,NA,"1","15",NA,NA,NA,NA,"Housing Policy Debate","journal","1051-1482","2025-10-29T00:00:00","2025-11-06T03:46:38.306776"
"S52853039","ps","W4416171596","10.1080/10511482.2025.2578166",NA,NA,"State Affordable Housing Tax Credits and Renter Outcomes: Evidence from Illinois",2025,"2025-11-13","article","en",0,52,1,1,1,NA,FALSE,FALSE,FALSE,FALSE,"closed",NA,NA,"1","35",NA,NA,NA,NA,"Housing Policy Debate","journal","1051-1482","2025-11-13T00:00:00","2025-11-28T06:58:32.272546"
"S52853039","ps","W4416361915","10.1080/10511482.2025.2584362",NA,NA,"Between the Public and the Private: Landlord Liaisons at Public Housing Authorities",2025,"2025-11-19","article","en",0,33,1,1,3,NA,FALSE,FALSE,FALSE,FALSE,"closed",NA,NA,"1","22",NA,NA,NA,NA,"Housing Policy Debate","journal","1051-1482","2025-11-19T00:00:00","2025-11-28T12:08:47.519896"
"S52853039","ps","W4416988689","10.1080/10511482.2025.2593124",NA,NA,"Editorial",2025,"2025-11-02","article","en",0,5,1,0,2,NA,FALSE,FALSE,FALSE,FALSE,"closed","35","6","891","892",NA,NA,NA,NA,"Housing Policy Debate","journal","1051-1482","2025-12-04T00:00:00","2025-12-11T00:21:10.989143"
"S52853039","ps","W7118006195","10.1080/10511482.2025.2591669",NA,NA,"“I’m Looking for Somebody That Has Had a Job for a Year and Can Prove It”: Landlords’ Search for the Working Tenant",2026,"2026-01-02","article","en",0,30,1,1,1,0,FALSE,FALSE,FALSE,FALSE,"closed",NA,NA,"1","22","Housing, Finance, and Neoliberalism","Finance","Economics, Econometrics and Finance","Social Sciences","Housing Policy Debate","journal","1051-1482","2026-01-02T00:00:00","2026-01-03T23:08:47.215875"
"S52853039","ps","W7118180128","10.1080/10511482.2025.2605071",NA,NA,"Who Is LIHTC Built for? The Distribution of Affordable Housing Units by Rents, Tenant Incomes, and Project Features in California",2026,"2026-01-05","article","en",0,16,1,1,1,0,FALSE,FALSE,FALSE,FALSE,"closed",NA,NA,"1","23","Urban, Neighborhood, and Segregation Studies","Sociology and Political Science","Social Sciences","Social Sciences","Housing Policy Debate","journal","1051-1482","2026-01-05T00:00:00","2026-01-08T20:05:33.558190"
"S52853039","ps","W7128450621","10.1080/10511482.2026.2614175",NA,NA,"Editorial",2026,"2026-01-02","article","en",0,7,1,0,2,NA,FALSE,FALSE,FALSE,FALSE,"closed","36","1","1","2",NA,NA,NA,NA,"Housing Policy Debate","journal","1051-1482","2026-02-10T00:00:00","2026-02-11T14:41:00.668223"
"S52853039","ps","W7130327720","10.1080/10511482.2026.2623133",NA,NA,"Eviction Filing Patterns in Subsidized Housing: Differences by Owner, Manager, and Program Type",2026,"2026-02-18","article","en",0,32,1,1,2,0,FALSE,FALSE,FALSE,FALSE,"closed",NA,NA,"1","31","Crime Patterns and Interventions","Sociology and Political Science","Social Sciences","Social Sciences","Housing Policy Debate","journal","1051-1482","2026-02-19T00:00:00","2026-02-19T06:31:58.851227"
"S31120751","ps","W2890827677","10.1111/spol.12439",NA,"2890827677","Editorial introduction: Social policy in Latin America—old and new directions",2018,"2018-09-04","editorial","en",1,18,2,1,2,1.0094,FALSE,FALSE,FALSE,FALSE,"closed","52","6","1177","1180","Social Policy and Reform Studies","Political Science and International Relations","Social Sciences","Social Sciences","Social Policy and Administration","journal","0144-5596","2018-09-27T00:00:00","2026-02-24T19:35:01.260952"
"S31120751","ps","W4409958698","10.1111/spol.13142",NA,NA,"Between Benefits and Burdens: Navigating the Dutch Landscape of Childcare Allowances From a Migrant Perspective",2025,"2025-04-28","article","en",3,61,1,3,3,NA,FALSE,FALSE,FALSE,TRUE,"hybrid","60","1","86","99",NA,NA,NA,NA,"Social Policy and Administration","journal","0144-5596","2025-10-10T00:00:00","2026-02-06T03:54:58.731219"
"S31120751","ps","W4414104502","10.1111/spol.70005",NA,NA,"Public Encounters as Venues for Citizen Empowerment: The ‘In‐Between’ in the Belgian Probation Sector",2025,"2025-09-10","article","en",0,39,1,1,1,NA,FALSE,FALSE,FALSE,FALSE,"closed",NA,NA,NA,NA,NA,NA,NA,NA,"Social Policy and Administration","journal","0144-5596","2025-10-10T00:00:00","2025-11-06T03:46:38.306776"
"S31120751","ps","W4415890243","10.1111/spol.70026",NA,NA,"Organising Changes: The Institutional Work Behind the Implementation of a Minimum Income Scheme",2025,"2025-11-04","article","en",0,28,3,1,2,NA,FALSE,FALSE,FALSE,TRUE,"bronze",NA,NA,NA,NA,NA,NA,NA,NA,"Social Policy and Administration","journal","0144-5596","2025-11-04T00:00:00","2025-11-06T04:12:42.849631"
"S31120751","ps","W4416300965","10.1111/spol.70024",NA,NA,"Solidarity in Welfare States During and After the Global Pandemic: A Theoretical Investigation",2025,"2025-11-16","article","en",0,37,1,1,2,NA,FALSE,FALSE,FALSE,TRUE,"hybrid",NA,NA,NA,NA,NA,NA,NA,NA,"Social Policy and Administration","journal","0144-5596","2025-11-17T00:00:00","2025-11-28T10:41:19.901769"
"S31120751","ps","W4416533006","10.1111/spol.70034",NA,NA,"Paternity Leave and the Motherhood Penalty: How Within‐Couple Inequality Conditions Policy Impact",2025,"2025-11-21","article","en",0,74,2,1,2,NA,FALSE,FALSE,FALSE,TRUE,"green",NA,NA,NA,NA,NA,NA,NA,NA,"Social Policy and Administration","journal","0144-5596","2025-11-23T00:00:00","2026-02-14T14:00:54.825952"
"S31120751","ps","W4416534020","10.1111/spol.70030",NA,NA,"Crisis as Catalyst: An Inter‐Event Analysis of Social Policy Reforms in East Asia",2025,"2025-11-21","article","en",0,33,1,1,3,NA,FALSE,FALSE,FALSE,FALSE,"closed",NA,NA,NA,NA,NA,NA,NA,NA,"Social Policy and Administration","journal","0144-5596","2025-11-23T00:00:00","2025-11-28T16:43:45.113022"
"S31120751","ps","W4416813130","10.1111/spol.70036",NA,NA,"Detective Work and Invisible Assessments: Unpacking Discretionary Processes in Welfare Decision‐Making",2025,"2025-11-29","article","en",0,35,1,1,2,NA,FALSE,FALSE,FALSE,TRUE,"hybrid",NA,NA,NA,NA,NA,NA,NA,NA,"Social Policy and Administration","journal","0144-5596","2025-11-29T00:00:00","2025-12-01T00:07:19.613710"
"S31120751","ps","W4417516408","10.1111/spol.70041",NA,NA,"Welfare Conditionality as Administrative Burden: The Perceived Costs of (Potential) Sanctions and How Welfare Claimants Cope With It",2025,"2025-12-19","article","en",0,44,1,1,3,NA,FALSE,FALSE,FALSE,TRUE,"hybrid",NA,NA,NA,NA,NA,NA,NA,NA,"Social Policy and Administration","journal","0144-5596","2025-12-20T00:00:00","2025-12-21T23:12:01.093139"
"S31120751","ps","W7118926469","10.1111/spol.70047",NA,NA,"How Public Participation Depends on What Happens ‘In‐Between’. Analysing Emotion, Memory and Meaning in Participatory Policies",2026,"2026-01-06","article","en",0,43,1,1,1,0,FALSE,FALSE,FALSE,TRUE,"hybrid",NA,NA,NA,NA,"Urban Planning and Governance","Urban Studies","Social Sciences","Social Sciences","Social Policy and Administration","journal","0144-5596","2026-01-08T00:00:00","2026-01-08T20:10:11.968330"
"S31120751","ps","W7119099460","10.1111/spol.70043",NA,NA,"How Urban Public Services Influence Employment Quality of Floating Population: What Is the Role of Countrymen's Aggregation and Intensive Labour Market",2026,"2026-01-05","article","en",0,70,1,3,5,0,FALSE,FALSE,FALSE,FALSE,"closed",NA,NA,NA,NA,"Regional Economics and Spatial Analysis","Economics and Econometrics","Economics, Econometrics and Finance","Social Sciences","Social Policy and Administration","journal","0144-5596","2026-01-08T00:00:00","2026-01-08T20:10:11.968330"
"S31120751","ps","W7119467994","10.1111/spol.70051",NA,NA,"How Stakes Vary and Influence Crisis Decision‐Making: Evidence From Local Government Managers During <scp>COVID</scp> ‐19",2026,"2026-01-08","article","en",0,28,1,1,2,0,FALSE,FALSE,FALSE,FALSE,"closed",NA,NA,NA,NA,"Public Relations and Crisis Communication","Communication","Social Sciences","Social Sciences","Social Policy and Administration","journal","0144-5596","2026-01-09T00:00:00","2026-01-09T23:14:04.187858"
"S31120751","ps","W7126207429","10.1111/spol.70053",NA,NA,"Street‐Level Policymaking: From Local Political Preferences to Welfare Policy Delivery",2026,"2026-01-29","article","en",0,26,1,1,3,0,FALSE,FALSE,FALSE,TRUE,"hybrid",NA,NA,NA,NA,"Social Policy and Reform Studies","Political Science and International Relations","Social Sciences","Social Sciences","Social Policy and Administration","journal","0144-5596","2026-02-01T00:00:00","2026-02-01T03:38:14.988550"
"S31120751","ps","W7127271705","10.1111/spol.70055",NA,NA,"To Politicise or to Depoliticise, That Is the Question! On Public Encounters in Deliberative Processes",2026,"2026-02-02","article","en",0,41,1,1,2,0,FALSE,FALSE,FALSE,FALSE,"closed",NA,NA,NA,NA,"Social Media and Politics","Communication","Social Sciences","Social Sciences","Social Policy and Administration","journal","0144-5596","2026-02-04T00:00:00","2026-02-06T02:01:19.302388"
"S16140064","ps","W1976863314","10.1177/0020852310372448",NA,"1976863314","Animals in the administrative zoo: organizational change and agency autonomy in Germany",2010,"2010-09-01","article","en",81,27,4,1,2,NA,FALSE,FALSE,FALSE,TRUE,"green","76","3","443","468",NA,NA,NA,NA,"International Review of Administrative Sciences","journal","0020-8523","2025-10-10T00:00:00","2026-02-09T09:26:11.010843"
"S16140064","ps","W2089990271","10.1177/0020852310373172",NA,"2089990271","Managing emergent and complex change: the case of Dutch agencification",2010,"2010-09-01","article","en",57,39,2,1,1,NA,FALSE,FALSE,FALSE,FALSE,"closed","76","3","489","515",NA,NA,NA,NA,"International Review of Administrative Sciences","journal","0020-8523","2025-10-10T00:00:00","2026-02-02T05:57:53.111627"
"S16140064","ps","W2271681386","10.1177/0020852314564310",NA,"2271681386","Linking administrative career patterns and politicization: signalling effects in the careers of top civil servants in Germany",2015,"2015-06-02","article","en",54,37,1,1,2,NA,FALSE,FALSE,FALSE,FALSE,"closed","82","3","516","535",NA,NA,NA,NA,"International Review of Administrative Sciences","journal","0020-8523","2025-10-10T00:00:00","2026-02-06T03:54:58.731219"
"S16140064","ps","W2167050737","10.1177/0020852300662008",NA,"2167050737","The Bureaucratization of Participation",2000,"2000-06-01","article","en",45,37,2,1,1,NA,FALSE,FALSE,FALSE,FALSE,"closed","66","2","325","348",NA,NA,NA,NA,"International Review of Administrative Sciences","journal","0020-8523","2016-06-24T00:00:00","2026-02-26T08:16:20.718346"
"S16140064","ps","W2137003545","10.1177/0020852313514526",NA,"2137003545","The empirical assessment of agency accountability: a regime approach and an application to the German<i>Bundesnetzagentur</i>",2014,"2014-04-11","article","en",31,85,2,1,2,NA,FALSE,FALSE,FALSE,FALSE,"closed","80","2","362","381",NA,NA,NA,NA,"International Review of Administrative Sciences","journal","0020-8523","2016-06-24T00:00:00","2026-02-09T09:26:11.010843"
"S16140064","ps","W2029940161","10.1177/0020852306070079",NA,"2029940161","Strengthening competitiveness of local public service providers in Germany",2006,"2006-12-01","article","en",25,16,2,1,1,NA,FALSE,FALSE,FALSE,FALSE,"closed","72","4","473","492",NA,NA,NA,NA,"International Review of Administrative Sciences","journal","0020-8523","2025-10-10T00:00:00","2026-02-09T09:26:11.010843"
"S16140064","ps","W1971373314","10.1177/002085239105700306",NA,"1971373314","Historical Legacy and Recent Developments in the German Higher Civil Service",1991,"1991-09-01","article","en",23,13,1,1,1,NA,FALSE,FALSE,FALSE,FALSE,"closed","57","3","385","401",NA,NA,NA,NA,"International Review of Administrative Sciences","journal","0020-8523","2025-10-10T00:00:00","2025-11-06T03:46:38.306776"
"S16140064","ps","W2030305512","10.1177/002085239105700104",NA,"2030305512","Reforn of the Chinese Cadre System: Pitfalls, Issues and Implications of the Proposed Civil Service System",1991,"1991-03-01","article","en",18,25,1,1,1,NA,FALSE,FALSE,FALSE,FALSE,"closed","57","1","25","44",NA,NA,NA,NA,"International Review of Administrative Sciences","journal","0020-8523","2025-10-10T00:00:00","2025-11-06T03:46:38.306776"
"S16140064","ps","W2132745333","10.1177/002085239105700308",NA,"2132745333","Morale in the Public Service: A Comparative Inquiry",1991,"1991-09-01","article","en",6,27,1,1,1,NA,FALSE,FALSE,FALSE,FALSE,"closed","57","3","421","440",NA,NA,NA,NA,"International Review of Administrative Sciences","journal","0020-8523","2025-10-10T00:00:00","2026-02-24T19:35:01.260952"
"S16140064","ps","W4384928685","10.1177/00208523231183566","40479180",NA,"Barriers to digital government and the COVID-19 crisis – A comparative study of federal government entities in the United States and Austria",2023,"2023-07-19","article","en",5,33,3,1,1,NA,FALSE,FALSE,FALSE,TRUE,"hybrid","90","2","402","418",NA,NA,NA,NA,"International Review of Administrative Sciences","journal","0020-8523","2025-10-10T00:00:00","2025-11-06T03:46:38.306776"
"S16140064","ps","W4401961387","10.1177/00208523241268140",NA,NA,"Is bureaucracy ironclad after all? Prevalence and variances of performance- and strategy-oriented management in German local governments",2024,"2024-08-28","article","en",2,63,1,1,1,NA,FALSE,FALSE,FALSE,FALSE,"closed","91","2","293","309",NA,NA,NA,NA,"International Review of Administrative Sciences","journal","0020-8523","2025-10-10T00:00:00","2026-02-25T23:00:34.991745"
"S16140064","ps","W4410326709","10.1177/00208523251333541",NA,NA,"The grand challenge of public administration digitalization: The digital identity policy in Italy",2025,"2025-05-13","article","en",1,48,1,1,1,NA,FALSE,FALSE,FALSE,FALSE,"closed",NA,NA,NA,NA,NA,NA,NA,NA,"International Review of Administrative Sciences","journal","0020-8523","2025-10-10T00:00:00","2025-11-06T03:46:38.306776"
"S16140064","ps","W4411290935","10.1177/00208523251344831",NA,NA,"Cross-country differences in implicit citizenship and servantship theories: Contrasting evidence from Germany and Taiwan",2025,"2025-06-12","article","en",0,51,1,2,4,NA,FALSE,FALSE,FALSE,TRUE,"hybrid","91","3","370","388",NA,NA,NA,NA,"International Review of Administrative Sciences","journal","0020-8523","2025-10-10T00:00:00","2025-11-06T03:46:38.306776"
"S16140064","ps","W4415819650","10.1177/00208523251388778",NA,NA,"Building local public action against a backdrop of ecological emergency: A public management paradigms-based approach",2025,"2025-11-03","article","en",0,31,2,1,2,NA,FALSE,FALSE,FALSE,FALSE,"closed","92","1","123","140",NA,NA,NA,NA,"International Review of Administrative Sciences","journal","0020-8523","2025-11-03T00:00:00","2026-02-08T09:19:03.324500"
"S16140064","ps","W4415976433","10.1177/00208523251390857",NA,NA,"Developing trust to achieve complementarity for collaborative governance: Lessons from a government programme",2025,"2025-11-06","article","en",0,42,2,2,3,NA,FALSE,FALSE,FALSE,FALSE,"closed","92","1","3","21",NA,NA,NA,NA,"International Review of Administrative Sciences","journal","0020-8523","2025-11-06T00:00:00","2026-02-20T08:17:22.645390"
"S16140064","ps","W4416021706","10.1177/00208523251391100",NA,NA,"The effect of perceived organizational reputation on job satisfaction in US federal agencies: Exploring the mediating role of perceived organizational identity",2025,"2025-11-07","article","en",0,42,1,2,4,NA,FALSE,FALSE,FALSE,FALSE,"closed","92","1","63","81",NA,NA,NA,NA,"International Review of Administrative Sciences","journal","0020-8523","2025-11-08T00:00:00","2026-02-08T09:19:03.324500"
"S16140064","ps","W4416590383","10.1177/00208523251383888",NA,NA,"“Helping others as the key to achieving happiness”: The effect of social capital and public service motivation on subjective well-being among Chinese young adults",2025,"2025-11-24","article","en",0,63,1,1,3,NA,FALSE,FALSE,FALSE,FALSE,"closed","92","1","82","102",NA,NA,NA,NA,"International Review of Administrative Sciences","journal","0020-8523","2025-11-25T00:00:00","2026-02-08T09:19:03.324500"
"S16140064","ps","W4416952643","10.1177/00208523251398486",NA,NA,"Meta-analysis in public administration research: An interdisciplinary perspective review in the age of open science",2025,"2025-12-03","article","en",0,55,1,2,4,NA,FALSE,FALSE,FALSE,FALSE,"closed","92","1","22","40",NA,NA,NA,NA,"International Review of Administrative Sciences","journal","0020-8523","2025-12-03T00:00:00","2026-02-08T09:19:03.324500"
"S16140064","ps","W4417116984","10.1177/00208523251369314",NA,NA,"Factors affecting chief executive officers’ managerial autonomy in municipally owned corporations: a qualitative study",2025,"2025-12-08","article","en",0,56,1,1,2,NA,FALSE,FALSE,FALSE,TRUE,"hybrid","92","1","141","163",NA,NA,NA,NA,"International Review of Administrative Sciences","journal","0020-8523","2025-12-08T00:00:00","2026-02-08T09:19:03.324500"
"S16140064","ps","W7125265250","10.1177/00208523251409546",NA,NA,"Governance as a determinant of quality of life: A cross-indicator analysis of OECD countries",2026,"2026-01-20","article","en",0,39,1,1,1,0,FALSE,FALSE,FALSE,FALSE,"closed",NA,NA,NA,NA,"Public Policy and Administration Research","Public Administration","Social Sciences","Social Sciences","International Review of Administrative Sciences","journal","0020-8523","2026-01-22T00:00:00","2026-01-22T23:33:04.759266"
"S16140064","ps","W7127095168","10.1177/00208523251410063",NA,NA,"Administrative burden reducing in China: The digital administration reform and government–business interaction",2026,"2026-02-02","article","en",0,19,1,2,2,0,FALSE,FALSE,FALSE,FALSE,"closed",NA,NA,NA,NA,"E-Government and Public Services","Political Science and International Relations","Social Sciences","Social Sciences","International Review of Administrative Sciences","journal","0020-8523","2026-02-03T00:00:00","2026-02-06T02:01:19.302388"
"S16140064","ps","W7127108407","10.1177/00208523251411079",NA,NA,"The ICT-enabled communicative constitution of public sector audit organisations in Brazil",2026,"2026-02-02","article","en",0,34,1,2,4,0,FALSE,FALSE,FALSE,TRUE,"hybrid",NA,NA,NA,NA,"Auditing, Earnings Management, Governance","Accounting","Business, Management and Accounting","Social Sciences","International Review of Administrative Sciences","journal","0020-8523","2026-02-03T00:00:00","2026-02-06T02:01:19.302388"
"S16140064","ps","W7128431909","10.1177/00208523261417827",NA,NA,"Local government transparency across the election cycle: Do text and numbers tell the same story?",2026,"2026-02-09","article","en",0,42,1,1,2,0,FALSE,FALSE,FALSE,FALSE,"closed",NA,NA,NA,NA,"Public Policy and Administration Research","Public Administration","Social Sciences","Social Sciences","International Review of Administrative Sciences","journal","0020-8523","2026-02-10T00:00:00","2026-02-11T14:41:00.668223"
"S16140064","ps","W7129074594","10.1177/00208523261418086",NA,NA,"How procurement choices impact local governments’ budgeting capability: The case of children's social care",2026,"2026-02-16","article","en",0,40,2,2,2,0,FALSE,FALSE,FALSE,FALSE,"closed",NA,NA,NA,NA,"Public Policy and Administration Research","Public Administration","Social Sciences","Social Sciences","International Review of Administrative Sciences","journal","0020-8523","2026-02-17T00:00:00","2026-02-25T08:12:03.925757"
"S16140064","ps","W7130349078","10.1177/00208523261419012",NA,NA,"Designing collaborative platforms for robust emergency management: The case of the Local Rescue Coordination Centres in Norway",2026,"2026-02-18","article","en",0,30,1,1,3,0,FALSE,FALSE,FALSE,TRUE,"hybrid",NA,NA,NA,NA,"Disaster Management and Resilience","Sociology and Political Science","Social Sciences","Social Sciences","International Review of Administrative Sciences","journal","0020-8523","2026-02-19T00:00:00","2026-02-20T06:14:18.993340"
"S16140064","ps","W7130369648","10.1177/00208523261420100",NA,NA,"Institutions, policy learning and isomorphism: The case of biocidal regulation in South Korea",2026,"2026-02-18","article","en",0,38,1,1,2,0,FALSE,FALSE,FALSE,TRUE,"hybrid",NA,NA,NA,NA,"Policy Transfer and Learning","Political Science and International Relations","Social Sciences","Social Sciences","International Review of Administrative Sciences","journal","0020-8523","2026-02-19T00:00:00","2026-02-20T06:14:18.993340"
"S16140064","ps","W7130379054","10.1177/00208523261419015",NA,NA,"Governance paradigms and public sector innovation: A comparative study",2026,"2026-02-18","article","en",0,50,1,1,2,0,FALSE,FALSE,FALSE,FALSE,"closed",NA,NA,NA,NA,"Public Policy and Administration Research","Public Administration","Social Sciences","Social Sciences","International Review of Administrative Sciences","journal","0020-8523","2026-02-19T00:00:00","2026-02-20T06:14:18.993340"
"S5465880","ps","W2006021834","10.1177/009539977500600404",NA,"2006021834","The Policy Implementation Process",1975,"1975-02-01","article","en",1263,66,1,1,2,NA,FALSE,FALSE,FALSE,FALSE,"closed","6","4","445","488",NA,NA,NA,NA,"Administration & Society","journal","0095-3997","2025-10-10T00:00:00","2026-02-19T08:20:09.288608"
"S5465880","ps","W2029558504","10.1177/0095399704265326",NA,"2029558504","A View from the Trenches",2004,"2004-05-27","article","en",27,7,1,1,1,NA,FALSE,FALSE,FALSE,FALSE,"closed","36","3","362","369",NA,NA,NA,NA,"Administration & Society","journal","0095-3997","2025-10-10T00:00:00","2025-11-06T03:46:38.306776"
"S5465880","ps","W4416133846","10.1177/00953997251385228",NA,NA,"Trapped in the Sandwich layer: How Does Administrative Burden Influence the Willingness of Street-Level Bureaucrats to Exercise Discretion?—A Survey Experimental Study",2025,"2025-11-11","article","en",0,79,1,1,2,NA,FALSE,FALSE,FALSE,FALSE,"closed","58","1","96","138",NA,NA,NA,NA,"Administration & Society","journal","0095-3997","2025-11-11T00:00:00","2025-12-19T19:40:27.379048"
"S5465880","ps","W4416268809","10.1177/00953997251389947",NA,NA,"Does Media Use Enhance Environmental Co-Production Willingness?",2025,"2025-11-16","article","en",0,118,1,1,2,NA,FALSE,FALSE,FALSE,FALSE,"closed","58","1","3","51",NA,NA,NA,NA,"Administration & Society","journal","0095-3997","2025-11-17T00:00:00","2025-12-19T19:40:27.379048"
"S5465880","ps","W7125513102","10.1177/00953997251409156",NA,NA,"Administrative Decision-Making with Generative AI: The Challenge of Epistemic Boundedness",2026,"2026-01-22","article","en",0,41,1,2,4,0,FALSE,FALSE,FALSE,FALSE,"closed","58","2","284","304","Ethics and Social Impacts of AI","Safety Research","Social Sciences","Social Sciences","Administration & Society","journal","0095-3997","2026-01-24T00:00:00","2026-02-15T05:58:04.055770"
"S5465880","ps","W7126419403","10.1177/00953997251409159",NA,NA,"Political Interpretation of Evidence in Contested Agency Hearings: The Politicization of Hydraulic Fracturing in New York",2026,"2026-01-31","article","en",0,59,1,1,3,0,FALSE,FALSE,FALSE,FALSE,"closed","58","2","256","283","Environmental Justice and Health Disparities","Sociology and Political Science","Social Sciences","Social Sciences","Administration & Society","journal","0095-3997","2026-02-02T00:00:00","2026-02-14T06:23:00.392402"
"S5465880","ps","W7130859824","10.1177/00953997251415556",NA,NA,"The Unionization of State Government Employees and the Cost of State Government: Re-Evaluating an Evolving Relationship",2026,"2026-02-21","article","en",0,42,1,1,1,0,FALSE,FALSE,FALSE,TRUE,"hybrid",NA,NA,NA,NA,"Labor Movements and Unions","Public Administration","Social Sciences","Social Sciences","Administration & Society","journal","0095-3997","2026-02-22T00:00:00","2026-02-22T13:46:49.711024"
"S136809933","ps","W4387098902","10.1080/15309576.2023.2258115",NA,NA,"Solo Dance or Pas de Deux? The Sector Stereotype Matters in Coproduction",2023,"2023-09-27","article","fr",13,97,1,1,2,7.5462,FALSE,FALSE,FALSE,FALSE,"closed","47","2","323","348","Nonprofit Sector and Volunteering","Sociology and Political Science","Social Sciences","Social Sciences","Public Performance & Management Review","journal","1530-9576","2025-10-10T00:00:00","2025-11-06T03:46:38.306776"
"S136809933","ps","W4243995418","10.1080/15309576.2002.11643667",NA,NA,"Performance Measurement: Getting Results",2002,"2002-03-01","article","en",68,8,1,1,2,NA,FALSE,FALSE,FALSE,FALSE,"closed","25","3","329","335",NA,NA,NA,NA,"Public Performance & Management Review","journal","1530-9576","2025-10-10T00:00:00","2025-11-06T03:46:38.306776"
"S136809933","ps","W4402832041","10.1080/15309576.2024.2405839",NA,NA,"Meta-Analyzing the Trust-Performance Link in Collaboration: Moderating Effects of Conceptual and Contextual Factors",2024,"2024-09-25","article","en",5,111,2,3,3,NA,FALSE,FALSE,FALSE,TRUE,"green","48","1","1","34",NA,NA,NA,NA,"Public Performance & Management Review","journal","1530-9576","2025-10-10T00:00:00","2025-12-27T23:08:20.325037"
"S136809933","ps","W4415767424","10.1080/15309576.2025.2583285",NA,NA,"Scenario-Based Public Values Promotion and Citizens’ Willingness to Engage in Digital Coproduction",2025,"2025-11-01","article","en",1,84,1,1,3,NA,FALSE,FALSE,FALSE,FALSE,"closed",NA,NA,"1","26",NA,NA,NA,NA,"Public Performance & Management Review","journal","1530-9576","2025-11-01T00:00:00","2026-02-10T21:29:10.735309"
"S136809933","ps","W4415947709","10.1080/15309576.2025.2581609",NA,NA,"Substantive Versus Symbolic Threat Response: How Reputational Pressure Affects Local Governments’ Environmental Governance Performance",2025,"2025-11-05","article","en",1,59,1,1,2,NA,FALSE,FALSE,FALSE,FALSE,"closed",NA,NA,"1","30",NA,NA,NA,NA,"Public Performance & Management Review","journal","1530-9576","2025-11-06T00:00:00","2025-11-06T23:20:22.142202"
"S136809933","ps","W4416082466","10.1080/15309576.2025.2572102",NA,NA,"Hanging in the Balance: Assessing Goal Prioritization Among Street-Level Bureaucrats",2025,"2025-11-10","article","en",0,89,1,1,2,NA,FALSE,FALSE,FALSE,FALSE,"closed",NA,NA,"1","35",NA,NA,NA,NA,"Public Performance & Management Review","journal","1530-9576","2025-11-10T00:00:00","2025-11-28T09:39:01.238925"
"S136809933","ps","W4416440296","10.1080/15309576.2025.2588340",NA,NA,"The Impact of Public Service Motivation on Voice Behavior and the Moderating Role of Risk Preference: A Survey Among Grassroots Public Employees in China",2025,"2025-11-19","article","en",0,109,1,2,4,NA,FALSE,FALSE,FALSE,FALSE,"closed",NA,NA,"1","26",NA,NA,NA,NA,"Public Performance & Management Review","journal","1530-9576","2025-11-20T00:00:00","2025-11-28T14:12:37.469473"
"S136809933","ps","W4416581853","10.1080/15309576.2025.2587078",NA,NA,"Perception–Behavior Mismatch under Position-Based Selective Incentives: Cross-Level Effects of Organizational Performance Incentives in the Public Sector",2025,"2025-11-24","article","en",0,74,1,1,2,NA,FALSE,FALSE,FALSE,FALSE,"closed",NA,NA,"1","37",NA,NA,NA,NA,"Public Performance & Management Review","journal","1530-9576","2025-11-25T00:00:00","2025-11-28T17:54:24.886406"
"S136809933","ps","W4416898657","10.1080/15309576.2025.2593642",NA,NA,"Do Social Enterprises Fulfill Their Social Mission? Comparing Quality Across Ownership Models in Social Care",2025,"2025-12-01","article","en",0,47,1,2,3,NA,FALSE,FALSE,FALSE,FALSE,"closed",NA,NA,"1","27",NA,NA,NA,NA,"Public Performance & Management Review","journal","1530-9576","2025-12-02T00:00:00","2025-12-03T00:07:38.036990"
"S136809933","ps","W7119867943","10.1080/15309576.2025.2606772",NA,NA,"Does External Environmental Uncertainty Encourage Policy Diffusion? Evidence from Chinese Administrative Approval Reform",2026,"2026-01-10","article","en",0,49,1,1,1,0,FALSE,FALSE,FALSE,FALSE,"closed",NA,NA,"1","25","Energy, Environment, Economic Growth","Economics and Econometrics","Economics, Econometrics and Finance","Social Sciences","Public Performance & Management Review","journal","1530-9576","2026-01-10T00:00:00","2026-01-11T23:08:45.486102"
"S136809933","ps","W7124431489","10.1080/15309576.2026.2615940",NA,NA,"The Impacts of Petty and Grand Corruption on Public Service Motivation: Unintended Consequences of Ethical Leadership in Corrupt Contexts",2026,"2026-01-16","article","en",0,91,1,1,1,0,FALSE,FALSE,FALSE,FALSE,"closed",NA,NA,"1","31","Corruption and Economic Development","Sociology and Political Science","Social Sciences","Social Sciences","Public Performance & Management Review","journal","1530-9576","2026-01-17T00:00:00","2026-01-17T23:15:25.596738"
"S136809933","ps","W7124828821","10.1080/15309576.2026.2615943",NA,NA,"Government-Imposed Reorganization and Public Service Turnaround: Quasi-Experimental Evidence from the Prison Sector in England and Wales",2026,"2026-01-19","article","en",0,64,2,2,2,0,FALSE,FALSE,FALSE,FALSE,"closed",NA,NA,"1","28","Public Policy and Administration Research","Public Administration","Social Sciences","Social Sciences","Public Performance & Management Review","journal","1530-9576","2026-01-20T00:00:00","2026-01-21T23:30:37.877113"
"S136809933","ps","W7125197829","10.1080/15309576.2026.2615938",NA,NA,"Austerity Urbanism or Pragmatic Municipalism—Evidence from the Effects of Stay-at-Home Orders on Property Tax Abatements",2026,"2026-01-20","article","en",0,56,1,1,4,0,FALSE,FALSE,FALSE,FALSE,"closed",NA,NA,"1","26","Local Government Finance and Decentralization","Political Science and International Relations","Social Sciences","Social Sciences","Public Performance & Management Review","journal","1530-9576","2026-01-22T00:00:00","2026-01-22T23:33:04.759266"
"S136809933","ps","W7125405156","10.1080/15309576.2026.2617496",NA,NA,"Relational Ties and Network Structure: Selection of Information Providers in Inter-Organizational Learning",2026,"2026-01-21","article","en",0,47,1,2,3,0,FALSE,FALSE,FALSE,FALSE,"closed",NA,NA,"1","28","Innovation and Knowledge Management","Strategy and Management","Business, Management and Accounting","Social Sciences","Public Performance & Management Review","journal","1530-9576","2026-01-23T00:00:00","2026-01-23T23:24:52.574035"
"S136809933","ps","W7125493353","10.1080/15309576.2026.2617504",NA,NA,"Measuring Digital Red Tape: Scale Development and Validation in Chinese Public Organizations",2026,"2026-01-23","article","en",0,82,1,2,3,0,FALSE,FALSE,FALSE,FALSE,"closed",NA,NA,"1","27","Technostress in Professional Settings","Social Psychology","Psychology","Social Sciences","Public Performance & Management Review","journal","1530-9576","2026-01-24T00:00:00","2026-01-25T23:04:38.658462"
"S136809933","ps","W7125528457","10.1080/15309576.2026.2619463",NA,NA,"Administrative Burden in Action: Agricultural Producers and Regulatory Compliance",2026,"2026-01-23","article","en",0,37,1,1,1,0,FALSE,FALSE,FALSE,FALSE,"closed",NA,NA,"1","29","Food Safety and Hygiene","Food Science","Agricultural and Biological Sciences","Life Sciences","Public Performance & Management Review","journal","1530-9576","2026-01-24T00:00:00","2026-01-25T23:04:38.658462"
"S136809933","ps","W7125618206","10.1080/15309576.2026.2619461",NA,NA,"Leader Accessibility as a Precondition for Relational Leadership Approaches to Work: Concept and Antecedents",2026,"2026-01-24","article","en",0,76,1,1,2,0,FALSE,FALSE,FALSE,FALSE,"closed",NA,NA,"1","28","Ego Development and Educational Practices","Clinical Psychology","Psychology","Social Sciences","Public Performance & Management Review","journal","1530-9576","2026-01-25T00:00:00","2026-01-26T23:06:41.788003"
"S136809933","ps","W7125966892","10.1080/15309576.2026.2616447",NA,NA,"Do Acknowledgement through Repetition and Non-referral Responses Build Satisfaction? Evidence from a Survey Experiment in China",2026,"2026-01-28","article","en",0,65,1,1,3,0,FALSE,FALSE,FALSE,FALSE,"closed",NA,NA,"1","26","Survey Methodology and Nonresponse","Sociology and Political Science","Social Sciences","Social Sciences","Public Performance & Management Review","journal","1530-9576","2026-01-29T00:00:00","2026-01-29T23:17:01.242718"
"S136809933","ps","W7127041719","10.1080/15309576.2026.2621750",NA,NA,"Integrating Agency and Stewardship Theories: A Trust–Distrust Framework for Understanding Accountability Relationships Within Outsourced Public Services",2026,"2026-02-01","article","en",0,85,1,1,1,0,FALSE,FALSE,FALSE,FALSE,"closed",NA,NA,"1","28","Public Policy and Administration Research","Public Administration","Social Sciences","Social Sciences","Public Performance & Management Review","journal","1530-9576","2026-02-03T00:00:00","2026-02-06T02:01:19.302388"
"S136809933","ps","W7128292352","10.1080/15309576.2026.2619467",NA,NA,"How Are Innovations Adopted? Exploring How Organizational and Institutional Contexts of Public Organizations Affect Public Sector Innovation",2026,"2026-02-07","article","en",0,48,1,1,5,0,FALSE,FALSE,FALSE,FALSE,"closed",NA,NA,"1","36","Innovative Approaches in Technology and Social Development","Management of Technology and Innovation","Business, Management and Accounting","Social Sciences","Public Performance & Management Review","journal","1530-9576","2026-02-08T00:00:00","2026-02-09T05:59:30.833894"
"S136809933","ps","W7130645251","10.1080/15309576.2026.2617497",NA,NA,"“Governing the Ungovernable”: Cultivating Civicness through Administrative Capacity in the Face of Wicked Problems",2026,"2026-02-19","article","en",0,94,1,2,3,0,FALSE,FALSE,FALSE,FALSE,"closed",NA,NA,"1","31","Public Policy and Administration Research","Public Administration","Social Sciences","Social Sciences","Public Performance & Management Review","journal","1530-9576","2026-02-20T00:00:00","2026-02-21T06:11:54.161237"
"S62375027","ps","W2078725864","10.1111/j.1468-0491.1989.tb00099.x",NA,"2078725864","Party Patronage and Politicization of the West German Administrative Elite 1970–1987 ‐ Toward Hybridization?",1989,"1989-10-01","article","en",184,11,1,1,2,NA,FALSE,FALSE,FALSE,FALSE,"closed","2","4","384","404",NA,NA,NA,NA,"Governance","journal","0952-1895","2025-10-10T00:00:00","2025-11-06T03:46:38.306776"
"S62375027","ps","W2159318741","10.1111/j.1468-0491.1989.tb00092.x",NA,"2159318741","Policy Analysis in West Germany's Federal Government: A Case of Unfinished Governmental and Administrative Modernization?",1989,"1989-07-01","article","en",45,33,1,0,1,NA,FALSE,FALSE,FALSE,FALSE,"closed","2","3","233","266",NA,NA,NA,NA,"Governance","journal","0952-1895","2025-10-10T00:00:00","2025-11-06T03:46:38.306776"
"S62375027","ps","W4327972640","10.1111/gove.12778",NA,NA,"A shift in paradigm? Collaborative public administration in the context of national digitalization strategies",2023,"2023-03-20","article","en",44,50,2,1,4,NA,FALSE,FALSE,FALSE,TRUE,"hybrid","37","2","411","430",NA,NA,NA,NA,"Governance","journal","0952-1895","2025-10-10T00:00:00","2026-02-09T09:26:11.010843"
"S62375027","ps","W3121274739","10.1111/j.1468-0491.2009.01465.x",NA,"3121274739","Good Government Means Different Things in Different Countries",2009,"2009-12-23","preprint","en",1,30,3,1,1,1.48922845,FALSE,FALSE,FALSE,FALSE,"closed","23","1","7","35","Social Policy and Reform Studies","Political Science and International Relations","Social Sciences","Social Sciences","Governance","journal","0952-1895","2025-10-10T00:00:00","2026-02-09T09:26:11.010843"
"S62375027","ps","W4415686139","10.1111/gove.70069",NA,NA,"Populism and the Strength of Freedom of Information Laws: Insights From European Countries (2000–2022)",2025,"2025-10-29","article","en",0,48,1,1,4,NA,FALSE,FALSE,FALSE,TRUE,"hybrid","39","1",NA,NA,NA,NA,NA,NA,"Governance","journal","0952-1895","2025-10-30T00:00:00","2025-11-06T03:46:38.306776"
"S62375027","ps","W4415775004","10.1111/gove.70078",NA,NA,"Navigating the Accountability Paradoxes of Financial Resource Abundance in the Post‐Pandemic Public Service Delivery",2025,"2025-11-02","article","en",0,24,1,1,1,NA,FALSE,FALSE,FALSE,TRUE,"hybrid","39","1",NA,NA,NA,NA,NA,NA,"Governance","journal","0952-1895","2025-11-02T00:00:00","2025-11-06T03:46:38.306776"
"S62375027","ps","W4415912658","10.1111/gove.70080",NA,NA,"Government Officials' Perceptions of Legitimate Governance Arrangements—Does a Representative Orientation Matter?",2025,"2025-11-05","article","en",0,30,1,1,1,NA,FALSE,FALSE,FALSE,TRUE,"hybrid","39","1",NA,NA,NA,NA,NA,NA,"Governance","journal","0952-1895","2025-11-05T00:00:00","2025-11-06T06:51:31.235846"
"S62375027","ps","W4415981271","10.1111/gove.70051",NA,NA,"Reputational Management in Advisory Agencies: The Case of the STOA Unit",2025,"2025-11-06","article","en",0,39,1,1,1,NA,FALSE,FALSE,FALSE,TRUE,"hybrid","39","1",NA,NA,NA,NA,NA,NA,"Governance","journal","0952-1895","2025-11-07T00:00:00","2025-11-07T23:23:33.682996"
"S62375027","ps","W4416022506","10.1111/gove.70086",NA,NA,"Administrative Designs and Access to Political Arenas in Public Education",2025,"2025-11-07","article","en",0,42,1,1,5,NA,FALSE,FALSE,FALSE,FALSE,"closed","39","1",NA,NA,NA,NA,NA,NA,"Governance","journal","0952-1895","2025-11-08T00:00:00","2025-11-08T23:25:12.792448"
"S62375027","ps","W4416097435","10.1111/gove.70082",NA,NA,"Unwritten Rules of the Game in the Danish and Dutch Core Executives",2025,"2025-11-10","article","en",0,26,2,2,4,NA,FALSE,FALSE,FALSE,FALSE,"closed","39","1",NA,NA,NA,NA,NA,NA,"Governance","journal","0952-1895","2025-11-11T00:00:00","2025-11-28T09:05:40.447949"
"S62375027","ps","W4416338002","10.1111/gove.70081",NA,NA,"Actions Speak Louder Than Words: Assessing the Democratic Accountability of Europe's New Industrial Policy",2025,"2025-11-18","article","en",0,47,3,3,2,NA,FALSE,FALSE,FALSE,TRUE,"hybrid","39","1",NA,NA,NA,NA,NA,NA,"Governance","journal","0952-1895","2025-11-18T00:00:00","2025-11-28T11:34:24.391071"
"S62375027","ps","W4416765458","10.1111/gove.70090",NA,NA,"There Is No Rose Without a Thorn: Examining the Contribution of Collaborative Platforms to Sustaining Collaborative Governance",2025,"2025-11-27","article","en",0,110,1,3,4,NA,FALSE,FALSE,FALSE,TRUE,"hybrid","39","1",NA,NA,NA,NA,NA,NA,"Governance","journal","0952-1895","2025-11-28T00:00:00",NA
"S62375027","ps","W4416935139","10.1111/gove.70094",NA,NA,"New Leader, New Policy? Bureaucratic Turnover and Policy Stability in China",2025,"2025-12-02","article","en",0,60,1,1,1,NA,FALSE,FALSE,FALSE,FALSE,"closed","39","1",NA,NA,NA,NA,NA,NA,"Governance","journal","0952-1895","2025-12-03T00:00:00","2025-12-03T23:12:59.920255"
"S62375027","ps","W4417030319","10.1111/gove.70098",NA,NA,"The Public's Willingness to Pay More Local Taxes to Deal With Wild Animals in the City",2025,"2025-12-05","article","en",0,53,1,1,1,NA,FALSE,FALSE,FALSE,TRUE,"hybrid","39","1",NA,NA,NA,NA,NA,NA,"Governance","journal","0952-1895","2025-12-05T00:00:00","2025-12-05T23:25:22.460635"
"S62375027","ps","W4417031630","10.1111/gove.70095",NA,NA,"In the Midnight Hour: Participatory Opportunities in Regulatory Policymaking During Presidential Transitions",2025,"2025-12-05","article","en",0,18,1,1,4,NA,FALSE,FALSE,FALSE,TRUE,"bronze","39","1",NA,NA,NA,NA,NA,NA,"Governance","journal","0952-1895","2025-12-05T00:00:00","2025-12-06T23:10:59.065948"
"S62375027","ps","W4417155140","10.1111/gove.70100",NA,NA,"The Embedded Network: Institutional Constraints on Collaborative Governance in Indonesia's Aviation Safety Program",2025,"2025-12-09","article","en",0,20,1,1,3,NA,FALSE,FALSE,FALSE,FALSE,"closed","39","1",NA,NA,NA,NA,NA,NA,"Governance","journal","0952-1895","2025-12-09T00:00:00","2025-12-11T00:21:10.989143"
"S62375027","ps","W4417446170","10.1111/gove.70103",NA,NA,"Technocrats, Reputation, and Responsiveness in Policy Explanation",2025,"2025-12-17","article","en",0,77,2,2,2,NA,FALSE,FALSE,FALSE,TRUE,"hybrid","39","1",NA,NA,NA,NA,NA,NA,"Governance","journal","0952-1895","2025-12-18T00:00:00","2025-12-19T00:38:21.732688"
"S62375027","ps","W4417453490","10.1111/gove.70102",NA,NA,"Bureaucratic Responsiveness and Legitimacy: The Effects of Independence, Competence, and Warmth on Citizens' Legitimacy Perceptions",2025,"2025-12-18","article","en",0,53,3,1,2,NA,FALSE,FALSE,FALSE,TRUE,"hybrid","39","1",NA,NA,NA,NA,NA,NA,"Governance","journal","0952-1895","2025-12-18T00:00:00","2026-02-20T08:17:22.645390"
"S62375027","ps","W7119753523","10.1111/gove.70108",NA,NA,"Situated Attention in Political Decision‐Making: A Theoretical Framework and Experimental Test of Politicians' Prioritization of Societal Challenges Across Policy Domains",2026,"2026-01-01","article","en",0,46,1,1,2,0,FALSE,FALSE,FALSE,TRUE,"hybrid","39","1",NA,NA,"Electoral Systems and Political Participation","Political Science and International Relations","Social Sciences","Social Sciences","Governance","journal","0952-1895","2026-01-10T00:00:00","2026-01-11T23:08:45.486102"
"S62375027","ps","W7124770735","10.1111/gove.70110",NA,NA,"A Blessing or a Curse? Generative AI, Administrative Burdens, and Policy Alienation in Street‐Level Bureaucracy",2026,"2026-01-18","article","en",0,49,1,1,3,0,FALSE,FALSE,FALSE,TRUE,"bronze","39","2",NA,NA,"Ethics and Social Impacts of AI","Safety Research","Social Sciences","Social Sciences","Governance","journal","0952-1895","2026-01-20T00:00:00","2026-01-21T23:30:37.877113"
"S62375027","ps","W7128733382","10.1111/gove.70111",NA,NA,"“It's Who You Know:” Bureaucratic Responsiveness in the Rural South",2026,"2026-02-12","article","en",0,32,1,1,1,0,FALSE,FALSE,FALSE,TRUE,"bronze","39","2",NA,NA,"Policy Transfer and Learning","Political Science and International Relations","Social Sciences","Social Sciences","Governance","journal","0952-1895","2026-02-13T00:00:00","2026-02-13T13:40:29.240086"
"S62375027","ps","W7130710451","10.1111/gove.70115",NA,NA,"The Generativity of Governance Configurations: How Governance Factors Coalesce to Spur Local Green Co‐Creation",2026,"2026-02-20","article","en",0,32,1,2,3,0,FALSE,FALSE,FALSE,FALSE,"closed","39","2",NA,NA,"Sustainability and Climate Change Governance","Global and Planetary Change","Environmental Science","Physical Sciences","Governance","journal","0952-1895","2026-02-21T00:00:00","2026-02-22T13:39:03.778224"
"S62375027","ps","W7130849360","10.1111/gove.70116",NA,NA,"Erosion of Competition Policy in the Age of Populism: Cases of Hungary, Mexico and Turkey",2026,"2026-02-21","article","en",0,54,1,2,2,0,FALSE,FALSE,FALSE,TRUE,"hybrid","39","2",NA,NA,"Populism, Right-Wing Movements","Political Science and International Relations","Social Sciences","Social Sciences","Governance","journal","0952-1895","2026-02-22T00:00:00","2026-02-23T06:19:19.047976"
"S94499970","ep","W4320731787","10.1016/j.eneco.2023.106570",NA,NA,"RETRACTED: Exploring the dynamic connectedness among energy transition and its drivers: Understanding the moderating role of global geopolitical risk",2023,"2023-02-14","article","en",172,94,1,3,4,87.6266,TRUE,FALSE,FALSE,FALSE,"closed","119",NA,"106570","106570","Energy, Environment, Economic Growth","Economics and Econometrics","Economics, Econometrics and Finance","Social Sciences","Energy Economics","journal","0140-9883","2023-02-15T00:00:00","2025-11-06T03:46:38.306776"
"S94499970","ep","W2069229884","10.1016/j.eneco.2006.05.014",NA,"2069229884","Technology and technical change in the MIT EPPA model",2006,"2006-06-24","article","de",130,25,1,1,4,20.4301,FALSE,FALSE,FALSE,FALSE,"closed","28","5-6","610","631","Climate Change Policy and Economics","Economics and Econometrics","Economics, Econometrics and Finance","Social Sciences","Energy Economics","journal","0140-9883","2025-10-10T00:00:00","2025-11-06T03:46:38.306776"
"S94499970","ep","W4319337642","10.1016/j.eneco.2023.106565",NA,NA,"RETRACTED: Co-movement between dirty and clean energy: A time-frequency perspective",2023,"2023-02-07","article","en",129,82,2,5,5,65.6669,TRUE,FALSE,FALSE,FALSE,"closed","119",NA,"106565","106565","Market Dynamics and Volatility","Economics and Econometrics","Economics, Econometrics and Finance","Social Sciences","Energy Economics","journal","0140-9883","2025-10-10T00:00:00","2026-02-25T23:00:34.991745"
"S94499970","ep","W1504135798","10.1016/j.eneco.2009.04.004",NA,"1504135798","Do economic, financial and institutional developments matter for environmental degradation? Evidence from transitional economies",2009,"2009-04-25","preprint","en",102,41,6,2,2,1.23895573,FALSE,FALSE,FALSE,FALSE,"closed","32","1","137","145","Energy, Environment, Economic Growth","Economics and Econometrics","Economics, Econometrics and Finance","Social Sciences","Energy Economics","journal","0140-9883","2025-10-10T00:00:00","2026-02-09T09:26:11.010843"
"S94499970","ep","W4306959120","10.1016/j.eneco.2022.106374",NA,NA,"RETRACTED: Green finance policy and enterprise energy consumption intensity: Evidence from a quasi-natural experiment in China",2022,"2022-10-21","article","en",76,65,1,1,3,15.4457,TRUE,FALSE,FALSE,FALSE,"closed","115",NA,"106374","106374","Energy, Environment, Economic Growth","Economics and Econometrics","Economics, Econometrics and Finance","Social Sciences","Energy Economics","journal","0140-9883","2025-10-10T00:00:00","2025-11-06T03:46:38.306776"
"S94499970","ep","W4387537265","10.1016/j.eneco.2023.107103",NA,NA,"RETRACTED: Connectedness and portfolio management between renewable energy tokens and metals: Evidence from TVP-VAR approach",2023,"2023-10-11","article","en",64,70,1,3,4,32.5636,TRUE,FALSE,FALSE,FALSE,"closed","127",NA,"107103","107103","Market Dynamics and Volatility","Economics and Econometrics","Economics, Econometrics and Finance","Social Sciences","Energy Economics","journal","0140-9883","2023-10-12T00:00:00","2025-11-06T03:46:38.306776"
"S94499970","ep","W4386258361","10.1016/j.eneco.2023.106983",NA,NA,"RETRACTED: Geopolitical oil price uncertainty transmission into core inflation: Evidence from two of the biggest global players",2023,"2023-08-29","article","en",53,100,1,3,3,27.0012,TRUE,FALSE,FALSE,FALSE,"closed","126",NA,"106983","106983","Market Dynamics and Volatility","Economics and Econometrics","Economics, Econometrics and Finance","Social Sciences","Energy Economics","journal","0140-9883","2023-08-30T00:00:00","2025-11-06T03:46:38.306776"
"S94499970","ep","W4385496556","10.1016/j.eneco.2023.106922",NA,NA,"RETRACTED: Exploring the time-varying asymmetric effects of environmental regulation policies and human capital on sustainable development efficiency: A province level evidence from China",2023,"2023-08-02","article","en",32,132,1,3,3,16.2818,TRUE,FALSE,FALSE,FALSE,"closed","126",NA,"106922","106922","Energy, Environment, Economic Growth","Economics and Econometrics","Economics, Econometrics and Finance","Social Sciences","Energy Economics","journal","0140-9883","2023-08-03T00:00:00","2026-02-03T00:53:05.648605"
"S94499970","ep","W3209890743","10.1016/j.eneco.2021.105623",NA,"3209890743","Electrifying light-duty passenger transport for CO<mml:math xmlns:mml=""http://www.w3.org/1998/Math/MathML"" display=""inline"" id=""d1e3293"" altimg=""si366.svg""><mml:msub><mml:mrow/><mml:mrow><mml:mn>2</mml:mn></mml:mrow></mml:msub></mml:math> emissions reduction: A stochastic-robust input–output linear programming model",2021,"2021-10-29","article","lv",26,63,1,2,4,1.6043,FALSE,FALSE,FALSE,FALSE,"closed","104",NA,"105623","105623","Electric Vehicles and Infrastructure","Electrical and Electronic Engineering","Engineering","Physical Sciences","Energy Economics","journal","0140-9883","2025-10-10T00:00:00","2025-11-06T03:46:38.306776"
"S94499970","ep","W4399567955","10.1016/j.eneco.2024.107680",NA,NA,"Clean energy market connectedness and investment strategies: New evidence from DCC-GARCH R<mml:math xmlns:mml=""http://www.w3.org/1998/Math/MathML"" altimg=""si4.svg"" display=""inline"" id=""d1e3261""><mml:msup><mml:mrow/><mml:mrow><mml:mn>2</mml:mn></mml:mrow></mml:msup></mml:math> decomposed connectedness measures",2024,"2024-06-12","article","lv",26,89,2,1,3,26.8433,FALSE,FALSE,FALSE,FALSE,"closed","136",NA,"107680","107680","Market Dynamics and Volatility","Economics and Econometrics","Economics, Econometrics and Finance","Social Sciences","Energy Economics","journal","0140-9883","2024-06-13T00:00:00","2025-11-06T03:46:38.306776"
"S94499970","ep","W4399365378","10.1016/j.eneco.2024.107677",NA,NA,"RETRACTED: Green energy policies and energy poverty in Europe: Assessing low carbon dependency and energy productivity",2024,"2024-06-05","article","en",21,132,2,1,2,2.9708,TRUE,FALSE,FALSE,TRUE,"hybrid","136",NA,"107677","107677","Energy and Environment Impacts","Pollution","Environmental Science","Physical Sciences","Energy Economics","journal","0140-9883","2025-10-10T00:00:00","2025-11-06T03:46:38.306776"
"S94499970","ep","W4405774601","10.1016/j.eneco.2024.108160",NA,NA,"RETRACTED: Alleviating the rural household energy poverty in China: The role of digital economy",2024,"2024-12-25","article","en",16,79,1,1,4,2.2579,TRUE,FALSE,FALSE,TRUE,"hybrid","142",NA,"108160","108160","Energy and Environment Impacts","Pollution","Environmental Science","Physical Sciences","Energy Economics","journal","0140-9883","2025-10-10T00:00:00","2026-02-03T00:53:05.648605"
"S94499970","ep","W4382364061","10.1016/j.eneco.2023.106795",NA,NA,"The impact of energy, renewable and CO<mml:math xmlns:mml=""http://www.w3.org/1998/Math/MathML"" altimg=""si2.svg"" display=""inline"" id=""d1e6765""><mml:msub><mml:mrow/><mml:mrow><mml:mn>2</mml:mn></mml:mrow></mml:msub></mml:math> emissions efficiency on countries’ productivity",2023,"2023-06-29","article","lv",14,93,2,3,4,7.1324,FALSE,FALSE,FALSE,TRUE,"green","125",NA,"106795","106795","Energy, Environment, Economic Growth","Economics and Econometrics","Economics, Econometrics and Finance","Social Sciences","Energy Economics","journal","0140-9883","2025-10-10T00:00:00","2025-11-06T03:46:38.306776"
"S94499970","ep","W4409214986","10.1016/j.eneco.2025.108460",NA,NA,"RETRACTED: Navigating energy supply chain challenges amid economic shifts: The impact of digital transformation on energy accessibility and sustainability",2025,"2025-04-07","article","en",6,37,1,1,2,11.9224,TRUE,FALSE,FALSE,FALSE,"closed","145",NA,"108460","108460","Global Energy Security and Policy","General Energy","Energy","Physical Sciences","Energy Economics","journal","0140-9883","2025-04-07T00:00:00","2026-02-22T13:39:03.778224"
"S94499970","ep","W3121570274","10.1016/j.eneco.2010.06.012",NA,"3121570274","Natural gas prices, LNG transport costs, and the dynamics of LNG imports",2010,"2010-07-04","article","zh",99,8,1,1,2,6.9765,FALSE,FALSE,FALSE,FALSE,"closed","33","2","217","226","Market Dynamics and Volatility","Economics and Econometrics","Economics, Econometrics and Finance","Social Sciences","Energy Economics","journal","0140-9883","2025-10-10T00:00:00","2025-11-06T03:46:38.306776"
"S94499970","ep","W2916989671","10.1016/j.eneco.2019.02.002",NA,"2916989671","RETRACTED: On the conditional dependence structure between oil, gold and USD exchange rates: Nested copula based GJR-GARCH model",2019,"2019-02-21","article","en",38,52,2,3,4,12.3076,TRUE,FALSE,FALSE,FALSE,"closed","80",NA,"876","889","Market Dynamics and Volatility","Economics and Econometrics","Economics, Econometrics and Finance","Social Sciences","Energy Economics","journal","0140-9883","2019-03-02T00:00:00","2025-11-06T03:46:38.306776"
"S94499970","ep","W2587762325","10.1016/j.eneco.2017.01.023",NA,"2587762325","Energy consumption, financial development and economic growth in India: New evidence from a nonlinear and asymmetric analysis",2017,"2017-02-16","preprint","en",37,129,6,0,4,6.65497589,FALSE,FALSE,FALSE,TRUE,"green","63",NA,"199","212","Energy, Environment, Economic Growth","Economics and Econometrics","Economics, Econometrics and Finance","Social Sciences","Energy Economics","journal","0140-9883","2025-10-10T00:00:00","2026-02-09T09:26:11.010843"
"S94499970","ep","W4384297258","10.1016/j.eneco.2023.106821",NA,NA,"Climate, wind energy, and CO<mml:math xmlns:mml=""http://www.w3.org/1998/Math/MathML"" altimg=""si134.svg"" display=""inline"" id=""d1e13490""><mml:msub><mml:mrow/><mml:mrow><mml:mn>2</mml:mn></mml:mrow></mml:msub></mml:math> emissions from energy production in Denmark",2023,"2023-07-15","article","lv",16,40,4,2,4,8.1409,FALSE,FALSE,FALSE,TRUE,"hybrid","125",NA,"106821","106821","Climate Change Policy and Economics","Economics and Econometrics","Economics, Econometrics and Finance","Social Sciences","Energy Economics","journal","0140-9883","2023-07-15T00:00:00","2025-11-06T03:46:38.306776"
"S94499970","ep","W4401487225","10.1016/j.eneco.2024.107818",NA,NA,"The effect of temperature on energy related CO<mml:math xmlns:mml=""http://www.w3.org/1998/Math/MathML"" altimg=""si77.svg"" display=""inline"" id=""d1e803""><mml:msub><mml:mrow/><mml:mrow><mml:mn>2</mml:mn></mml:mrow></mml:msub></mml:math> emissions and economic performance in German industry",2024,"2024-08-10","article","lv",11,36,2,1,2,11.3827,FALSE,FALSE,FALSE,TRUE,"hybrid","138",NA,"107818","107818","Climate Change Policy and Economics","Economics and Econometrics","Economics, Econometrics and Finance","Social Sciences","Energy Economics","journal","0140-9883","2024-08-11T00:00:00","2026-02-25T08:12:03.925757"
"S94499970","ep","W2949973840","10.1016/j.eneco.2015.05.018",NA,"2949973840","Are benefits from oil–stocks diversification gone? New evidence from a dynamic copula and high frequency data",2015,"2015-06-14","preprint","en",8,69,7,0,2,4.81998297,FALSE,FALSE,FALSE,TRUE,"green","51",NA,"31","44","Market Dynamics and Volatility","Economics and Econometrics","Economics, Econometrics and Finance","Social Sciences","Energy Economics","journal","0140-9883","2025-10-10T00:00:00","2026-02-09T09:26:11.010843"
"S94499970","ep","W7118125391","10.1016/j.eneco.2025.109118",NA,NA,"Assessing the effect of climate policy uncertainty on corporate carbon cost leadership strategy: Evidence from China",2026,"2026-01-04","article","en",1,74,1,2,4,65.8793,FALSE,FALSE,FALSE,FALSE,"closed","154",NA,"109118","109118","Sustainability and Climate Change Governance","Global and Planetary Change","Environmental Science","Physical Sciences","Energy Economics","journal","0140-9883","2026-01-04T00:00:00","2026-01-08T20:05:33.558190"
"S94499970","ep","W7125524379","10.1016/j.eneco.2026.109164",NA,NA,"Diffusion of electric vehicles – The spillover effect of charging facilities and government demonstrations for neighbouring and peer regions",2026,"2026-01-23","article","en",1,58,2,2,3,61.8148,FALSE,FALSE,FALSE,FALSE,"closed","155",NA,"109164","109164","Electric Vehicles and Infrastructure","Electrical and Electronic Engineering","Engineering","Physical Sciences","Energy Economics","journal","0140-9883","2026-01-24T00:00:00","2026-01-30T23:17:42.513302"
"S94499970","ep","W3123354280","10.1016/j.eneco.2021.105354",NA,"3123354280","Decreasing market value of variable renewables can be avoided by policy action",2021,"2021-06-10","preprint","en",16,56,9,3,2,3.4497,FALSE,FALSE,FALSE,TRUE,"hybrid","100",NA,"105354","105354","Climate Change Policy and Economics","Economics and Econometrics","Economics, Econometrics and Finance","Social Sciences","Energy Economics","journal","0140-9883","2025-10-10T00:00:00","2026-02-24T08:05:00.420983"
"S94499970","ep","W3124726827","10.1016/j.eneco.2021.105340",NA,"3124726827","Willingness to pay and attitudinal preferences of Indian consumers for electric vehicles",2021,"2021-05-31","preprint","en",14,89,7,3,5,1.1918585,FALSE,FALSE,TRUE,TRUE,"green","100",NA,"105340","105340","Electric Vehicles and Infrastructure","Electrical and Electronic Engineering","Engineering","Physical Sciences","Energy Economics","journal","0140-9883","2025-10-10T00:00:00","2026-02-09T09:26:11.010843"
"S94499970","ep","W2145142664","10.1016/j.eneco.2012.11.017",NA,"2145142664","Energy consumption and economic growth: Parametric and non-parametric causality testing for the case of Greece",2012,"2012-11-26","preprint","en",11,73,4,1,3,0.67299167,FALSE,FALSE,FALSE,FALSE,"closed","36",NA,"686","697","Energy, Environment, Economic Growth","Economics and Econometrics","Economics, Econometrics and Finance","Social Sciences","Energy Economics","journal","0140-9883","2025-10-10T00:00:00","2026-02-09T09:26:11.010843"
"S94499970","ep","W3081495649","10.1016/j.eneco.2021.105164",NA,"3081495649","To abate, or not to abate? A strategic approach on green production in Cournot and Bertrand duopolies",2021,"2021-02-15","preprint","en",11,48,6,2,3,1.7643313,FALSE,FALSE,FALSE,TRUE,"green","96",NA,"105164","105164","Climate Change Policy and Economics","Economics and Econometrics","Economics, Econometrics and Finance","Social Sciences","Energy Economics","journal","0140-9883","2025-10-10T00:00:00","2026-02-09T09:26:11.010843"
"S94499970","ep","W2227476762","10.1007/978-0-85729-268-1_20",NA,"2227476762","Energy Security Issues",2011,"2011-01-01","book-chapter","en",18,17,1,1,1,14.713,FALSE,FALSE,FALSE,FALSE,"closed",NA,NA,"463","484","Global Energy Security and Policy","General Energy","Energy","Physical Sciences","Energy Economics","journal","0140-9883","2025-10-10T00:00:00","2025-11-06T03:46:38.306776"
"S94499970","ep","W2612098537","10.1016/j.eneco.2017.05.007",NA,"2612098537","The CO 2 –growth nexus revisited: A nonparametric analysis for the G7 economies over nearly two centuries",2017,"2017-05-11","preprint","en",11,63,4,4,4,1.20999562,FALSE,FALSE,FALSE,FALSE,"closed","65",NA,"183","193","Energy, Environment, Economic Growth","Economics and Econometrics","Economics, Econometrics and Finance","Social Sciences","Energy Economics","journal","0140-9883","2025-10-10T00:00:00","2026-02-09T09:26:11.010843"
"S94499970","ep","W3159324168","10.1016/j.eneco.2021.105494",NA,"3159324168","Machine learning and oil price point and density forecasting",2021,"2021-08-16","preprint","en",10,76,5,1,6,1.54378989,FALSE,FALSE,FALSE,TRUE,"green","102",NA,"105494","105494","Market Dynamics and Volatility","Economics and Econometrics","Economics, Econometrics and Finance","Social Sciences","Energy Economics","journal","0140-9883","2025-10-10T00:00:00","2026-02-09T09:26:11.010843"
"S94499970","ep","W3088965769","10.1016/j.eneco.2021.105168",NA,"3088965769","On Income and Price Elasticities for Energy Demand: A Panel Data Study",2020,"2020-01-01","preprint","en",8,33,9,1,3,1.72647181,FALSE,FALSE,FALSE,TRUE,"green","96",NA,"105168","105168","Energy, Environment, Economic Growth","Economics and Econometrics","Economics, Econometrics and Finance","Social Sciences","Energy Economics","journal","0140-9883","2025-10-10T00:00:00","2026-02-12T08:01:53.621143"
"S94499970","ep","W2235014784","10.1007/978-0-85729-268-1_3",NA,"2235014784","Understanding and Analysing Energy Demand",2011,"2011-01-01","book-chapter","en",7,31,1,1,1,0,FALSE,FALSE,FALSE,FALSE,"closed",NA,NA,"41","76","Energy, Environment, and Transportation Policies","Renewable Energy, Sustainability and the Environment","Energy","Physical Sciences","Energy Economics","journal","0140-9883","2025-10-10T00:00:00","2025-11-06T03:46:38.306776"
"S94499970","ep","W3080642154","10.1016/j.eneco.2021.105750",NA,"3080642154","Estimating the Impact of Energy Efficiency on Housing Prices in Germany: Does Regional Disparity Matter?",2020,"2020-01-01","preprint","en",7,42,7,1,2,0.7147,FALSE,FALSE,TRUE,TRUE,"hybrid","105",NA,"105750","105750","Housing Market and Economics","Economics and Econometrics","Economics, Econometrics and Finance","Social Sciences","Energy Economics","journal","0140-9883","2025-10-10T00:00:00","2026-02-26T08:16:20.718346"
"S94499970","ep","W3015660082","10.1016/j.eneco.2021.105117",NA,"3015660082","Forecasting regional long-run energy demand: A functional coefficient panel approach",2021,"2021-01-31","preprint","en",5,21,4,2,5,1.10270706,FALSE,FALSE,FALSE,FALSE,"closed","96",NA,"105117","105117","Energy, Environment, Economic Growth","Economics and Econometrics","Economics, Econometrics and Finance","Social Sciences","Energy Economics","journal","0140-9883","2025-10-10T00:00:00","2026-02-09T09:26:11.010843"
"S94499970","ep","W3123541391","10.1016/j.eneco.2012.11.007",NA,"3123541391","Efficient storage capacity in power systems with thermal and renewable generation",2012,"2012-11-12","preprint","en",8,22,3,1,2,0.87486696,FALSE,FALSE,FALSE,FALSE,"closed","36",NA,"556","567","Smart Grid Energy Management","Electrical and Electronic Engineering","Engineering","Physical Sciences","Energy Economics","journal","0140-9883","2025-10-10T00:00:00","2026-02-09T09:26:11.010843"
"S94499970","ep","W1974537451","10.1016/j.eneco.2011.05.002",NA,"1974537451","Decarbonization of the U.S. electricity sector: Are state energy policy portfolios the solution?",2011,"2011-05-20","preprint","en",7,21,4,1,1,0.47296481,FALSE,FALSE,FALSE,TRUE,"green","33","5","1004","1023","Integrated Energy Systems Optimization","Electrical and Electronic Engineering","Engineering","Physical Sciences","Energy Economics","journal","0140-9883","2025-10-10T00:00:00","2026-02-09T09:26:11.010843"
"S94499970","ep","W2218486973","10.1016/j.eneco.2018.05.033",NA,"2218486973","Capacity payment mechanisms and investment incentives in restructured electricity markets",2018,"2018-06-01","preprint","en",6,23,4,1,1,0.24550474,FALSE,FALSE,FALSE,TRUE,"green","74",NA,"131","142","Electric Power System Optimization","Electrical and Electronic Engineering","Engineering","Physical Sciences","Energy Economics","journal","0140-9883","2025-10-10T00:00:00","2026-02-09T09:26:11.010843"
"S94499970","ep","W2564520604","10.1016/j.eneco.2019.03.021",NA,"2564520604","Measuring Plant Level Energy Efficiency and Technical Change in the U.S. Metal-Based Durable Manufacturing Sector Using Stochastic Frontier Analysis",2016,"2016-01-01","preprint","en",6,50,5,1,2,1.29303239,FALSE,FALSE,TRUE,TRUE,"green","81",NA,"159","174","Energy, Environment, Economic Growth","Economics and Econometrics","Economics, Econometrics and Finance","Social Sciences","Energy Economics","journal","0140-9883","2025-10-10T00:00:00","2026-02-09T09:26:11.010843"
"S94499970","ep","W2759285303","10.1016/j.eneco.2013.03.013",NA,"2759285303","Identifying spikes and seasonal components in electricity spot price data: A guide to robust modeling",2013,"2013-04-01","preprint","en",5,46,4,2,4,0.6196907,FALSE,FALSE,FALSE,FALSE,"closed","38",NA,"96","110","Electric Power System Optimization","Electrical and Electronic Engineering","Engineering","Physical Sciences","Energy Economics","journal","0140-9883","2025-10-10T00:00:00","2026-02-09T09:26:11.010843"
"S94499970","ep","W3015173553","10.1016/j.eneco.2020.104940",NA,"3015173553","The impacts of structural oil shocks on macroeconomic uncertainty: Evidence from a large panel of 45 countries",2020,"2020-09-01","preprint","en",5,47,7,3,3,0.49327766,FALSE,FALSE,FALSE,TRUE,"green","91",NA,"104940","104940","Market Dynamics and Volatility","Economics and Econometrics","Economics, Econometrics and Finance","Social Sciences","Energy Economics","journal","0140-9883","2025-10-10T00:00:00","2026-02-12T00:53:03.260389"
"S94499970","ep","W3168209442","10.1016/j.eneco.2021.105630",NA,"3168209442","Gains associated with linking the EU and Chinese ETS under different assumptions on restrictions, allowance endowments, and international trade",2021,"2021-10-21","preprint","en",4,14,5,1,3,0.88216565,FALSE,FALSE,FALSE,TRUE,"hybrid","104",NA,"105630","105630","Climate Change Policy and Economics","Economics and Econometrics","Economics, Econometrics and Finance","Social Sciences","Energy Economics","journal","0140-9883","2025-10-10T00:00:00","2026-02-09T09:26:11.010843"
"S94499970","ep","W3093408173","10.1016/j.eneco.2021.105569",NA,"3093408173","A stakeholder analysis of investments in wind power electricity generation in Ontario",2021,"2021-09-15","preprint","en",2,20,5,1,3,0.78219138,FALSE,FALSE,FALSE,TRUE,"green","103",NA,"105569","105569","Social Acceptance of Renewable Energy","Sociology and Political Science","Social Sciences","Social Sciences","Energy Economics","journal","0140-9883","2025-10-10T00:00:00","2026-02-09T09:26:11.010843"
"S94499970","ep","W4392886548","10.1016/j.eneco.2025.108849",NA,NA,"Bidding behaviour in interdependent markets for electricity and green certificates",2025,"2025-08-29","preprint","en",2,28,2,1,1,4.4044,FALSE,FALSE,FALSE,FALSE,"closed","150",NA,"108849","108849","Auction Theory and Applications","Management Science and Operations Research","Decision Sciences","Social Sciences","Energy Economics","journal","0140-9883","2025-10-10T00:00:00","2026-02-25T08:12:03.925757"
"S94499970","ep","W157526505","10.1007/978-0-85729-268-1_11",NA,"157526505","The Economics of Renewable Energy Supply",2011,"2011-01-01","book-chapter","en",8,19,1,1,1,2.7008,FALSE,FALSE,FALSE,FALSE,"closed",NA,NA,"249","273","Energy Efficiency and Management","Renewable Energy, Sustainability and the Environment","Energy","Physical Sciences","Energy Economics","journal","0140-9883","2025-10-10T00:00:00","2025-11-06T03:46:38.306776"
"S94499970","ep","W3140815880","10.1016/j.eneco.2021.105504",NA,"3140815880","A survey of electricity spot and futures price models for risk management applications",2021,"2021-08-14","preprint","en",4,209,7,0,3,0.72232936,FALSE,FALSE,FALSE,TRUE,"green","102",NA,"105504","105504","Stochastic processes and financial applications","Finance","Economics, Econometrics and Finance","Social Sciences","Energy Economics","journal","0140-9883","2025-10-10T00:00:00","2026-02-09T09:26:11.010843"
"S94499970","ep","W4237350779","10.1007/978-1-4471-7468-4_17",NA,NA,"Energy Access",2019,"2019-01-01","book-chapter","en",4,25,1,1,1,0.2851,FALSE,FALSE,FALSE,FALSE,"closed",NA,NA,"493","523","Energy and Environment Impacts","Pollution","Environmental Science","Physical Sciences","Energy Economics","journal","0140-9883","2022-05-12T00:00:00","2025-11-06T03:46:38.306776"
"S94499970","ep","W2899203917","10.1108/978-1-78756-779-520181007",NA,"2899203917","The Interaction of Energy Poverty and Economic Development",2018,"2018-10-30","book-chapter","en",3,11,1,1,2,0.6911,FALSE,FALSE,FALSE,FALSE,"closed",NA,NA,"175","193","Energy and Environment Impacts","Pollution","Environmental Science","Physical Sciences","Energy Economics","journal","0140-9883","2025-10-10T00:00:00","2025-11-06T03:46:38.306776"
"S94499970","ep","W2973131898","10.1016/j.eneco.2021.105459",NA,"2973131898","Renewable energy policies in federal government systems",2021,"2021-07-19","preprint","en",3,39,5,1,2,0.22054141,FALSE,FALSE,FALSE,TRUE,"hybrid","101",NA,"105459","105459","Climate Change Policy and Economics","Economics and Econometrics","Economics, Econometrics and Finance","Social Sciences","Energy Economics","journal","0140-9883","2025-10-10T00:00:00","2026-02-09T09:26:11.010843"
"S94499970","ep","W3083976933","10.1016/j.eneco.2021.105692",NA,"3083976933","Optimal Configuration and Diversification of Wind Turbines: A Hybrid Approach to Improve the Penetration of Wind Power",2020,"2020-01-01","preprint","en",2,20,5,2,2,0.09820437,FALSE,FALSE,FALSE,TRUE,"green","105",NA,"105692","105692","Electric Power System Optimization","Electrical and Electronic Engineering","Engineering","Physical Sciences","Energy Economics","journal","0140-9883","2025-10-10T00:00:00","2026-02-09T09:26:11.010843"
"S94499970","ep","W4408579602","10.1016/j.eneco.2025.108424",NA,NA,"WITHDRAWN: Supporting the rapid deployment of renewable energy sources: The role of innovative financing mechanisms in achieving COP28 energy goals",2025,"2025-03-01","article","en",1,37,1,1,5,2.9105,TRUE,FALSE,FALSE,TRUE,"hybrid",NA,NA,"108424","108424","Energy, Environment, Economic Growth","Economics and Econometrics","Economics, Econometrics and Finance","Social Sciences","Energy Economics","journal","0140-9883","2025-03-19T00:00:00","2026-01-19T04:01:09.351973"
"S94499970","ep","W2176621309","10.1007/978-0-85729-268-1_5",NA,"2176621309","Energy Demand Forecasting",2011,"2011-01-01","book-chapter","en",5,36,1,1,1,1.2693,FALSE,FALSE,FALSE,FALSE,"closed",NA,NA,"107","133","Energy Load and Power Forecasting","Electrical and Electronic Engineering","Engineering","Physical Sciences","Energy Economics","journal","0140-9883","2025-10-10T00:00:00","2025-11-06T03:46:38.306776"
"S94499970","ep","W2284803355","10.1016/j.eneco.2016.05.006",NA,"2284803355","Understanding the Spectrum of Residential Energy-Saving Behaviours: French Evidence Using Disaggregated Data",2015,"2015-01-01","preprint","en",5,62,8,1,2,0.37087347,FALSE,FALSE,FALSE,TRUE,"green","57",NA,"204","214","Sustainable Building Design and Assessment","Building and Construction","Engineering","Physical Sciences","Energy Economics","journal","0140-9883","2025-10-10T00:00:00","2026-02-09T09:26:11.010843"
"S94499970","ep","W2984430867","10.1016/j.eneco.2021.105238",NA,"2984430867","Optimality of emission pricing policies based on emission intensity targets under imperfect competition",2021,"2021-03-19","preprint","en",4,26,4,1,2,0.66162424,FALSE,FALSE,FALSE,FALSE,"closed","98",NA,"105238","105238","Climate Change Policy and Economics","Economics and Econometrics","Economics, Econometrics and Finance","Social Sciences","Energy Economics","journal","0140-9883","2025-10-10T00:00:00","2026-02-09T09:26:11.010843"
"S94499970","ep","W2989152876","10.1007/978-1-4471-7468-4_20",NA,"2989152876","Energy Demand Management and Demand Response",2019,"2019-01-01","book-chapter","en",3,26,1,1,1,0.879,FALSE,FALSE,FALSE,FALSE,"closed",NA,NA,"571","603","Energy Efficiency and Management","Renewable Energy, Sustainability and the Environment","Energy","Physical Sciences","Energy Economics","journal","0140-9883","2025-10-10T00:00:00","2025-11-06T03:46:38.306776"
"S94499970","ep","W2989491123","10.1007/978-1-4471-7468-4_26",NA,"2989491123","Institutions and the Energy Sector Governance",2019,"2019-01-01","book-chapter","en",3,28,1,1,1,1.3947,FALSE,FALSE,FALSE,FALSE,"closed",NA,NA,"753","776","State Capitalism and Financial Governance","Strategy and Management","Business, Management and Accounting","Social Sciences","Energy Economics","journal","0140-9883","2025-10-10T00:00:00","2025-11-06T03:46:38.306776"
"S94499970","ep","W4229485466","10.1007/978-1-4471-7468-4_14",NA,NA,"Energy Security Issues",2019,"2019-01-01","book-chapter","en",3,24,1,1,1,2.0687,FALSE,FALSE,FALSE,FALSE,"closed",NA,NA,"415","442","Global Energy Security and Policy","General Energy","Energy","Physical Sciences","Energy Economics","journal","0140-9883","2025-10-10T00:00:00","2025-11-06T03:46:38.306776"
"S94499970","ep","W4251409591","10.1007/978-1-4471-7468-4_9",NA,NA,"Energy Pricing and Taxation",2019,"2019-01-01","book-chapter","en",3,35,1,1,1,0.879,FALSE,FALSE,FALSE,FALSE,"closed",NA,NA,"249","292","Energy, Environment, and Transportation Policies","Renewable Energy, Sustainability and the Environment","Energy","Physical Sciences","Energy Economics","journal","0140-9883","2025-10-10T00:00:00","2025-11-06T03:46:38.306776"
"S94499970","ep","W189692559","10.1007/978-0-85729-268-1_13",NA,"189692559","Energy Pricing and Taxation",2011,"2011-01-01","book-chapter","en",2,35,1,1,1,1.8006,FALSE,FALSE,FALSE,FALSE,"closed",NA,NA,"299","324","Energy, Environment, and Transportation Policies","Renewable Energy, Sustainability and the Environment","Energy","Physical Sciences","Energy Economics","journal","0140-9883","2025-10-10T00:00:00","2025-11-06T03:46:38.306776"
"S94499970","ep","W2626134573","10.1016/j.eneco.2018.04.002",NA,"2626134573","Equilibrium supply security in a multinational electricity market with renewable production",2018,"2018-04-12","preprint","en",2,14,7,1,1,0.24550474,FALSE,FALSE,FALSE,TRUE,"green","72",NA,"416","435","Electric Power System Optimization","Electrical and Electronic Engineering","Engineering","Physical Sciences","Energy Economics","journal","0140-9883","2025-10-10T00:00:00","2026-02-09T09:26:11.010843"
"S94499970","ep","W2798386831","10.1016/j.eneco.2018.07.013",NA,"2798386831","Econometric Modeling of Regional Electricity Spot Prices in the Australian Market",2018,"2018-01-01","preprint","en",2,75,8,2,2,0.24550474,FALSE,FALSE,FALSE,TRUE,"green","74",NA,"886","903","Energy Load and Power Forecasting","Electrical and Electronic Engineering","Engineering","Physical Sciences","Energy Economics","journal","0140-9883","2025-10-10T00:00:00","2026-02-09T09:26:11.010843"
"S94499970","ep","W2899449284","10.1108/978-1-78756-779-520181004",NA,"2899449284","Impacts of Energy Poverty on the Health of Urban Residents",2018,"2018-10-30","book-chapter","en",2,24,1,1,2,0.3455,FALSE,FALSE,FALSE,FALSE,"closed",NA,NA,"123","144","Energy and Environment Impacts","Pollution","Environmental Science","Physical Sciences","Energy Economics","journal","0140-9883","2025-10-10T00:00:00","2025-11-06T03:46:38.306776"
"S94499970","ep","W2983709784","10.1007/978-1-4471-7468-4_3",NA,"2983709784","Energy Demand Analysis",2019,"2019-01-01","book-chapter","en",2,28,1,1,1,0.4395,FALSE,FALSE,FALSE,FALSE,"closed",NA,NA,"41","82","Energy, Environment, and Transportation Policies","Renewable Energy, Sustainability and the Environment","Energy","Physical Sciences","Energy Economics","journal","0140-9883","2025-10-10T00:00:00","2025-11-06T03:46:38.306776"
"S94499970","ep","W2986861742","10.1007/978-1-4471-7468-4_4",NA,"2986861742","Sectoral Energy Demand Analysis",2019,"2019-01-01","book-chapter","en",2,22,1,1,1,0.4916,FALSE,FALSE,FALSE,FALSE,"closed",NA,NA,"83","120","Environmental Impact and Sustainability","Environmental Engineering","Environmental Science","Physical Sciences","Energy Economics","journal","0140-9883","2025-10-10T00:00:00","2025-11-06T03:46:38.306776"
"S94499970","ep","W3123443124","10.1016/j.eneco.2011.07.029",NA,"3123443124","Cost pass-through of the EU emissions allowances: Examining the European petroleum markets",2011,"2011-08-06","preprint","en",2,40,6,1,1,0.66504267,FALSE,FALSE,FALSE,FALSE,"closed","33",NA,"S75","S83","Climate Change Policy and Economics","Economics and Econometrics","Economics, Econometrics and Finance","Social Sciences","Energy Economics","journal","0140-9883","2025-10-10T00:00:00","2026-02-18T08:19:44.376480"
"S94499970","ep","W3123869043","10.1016/j.eneco.2018.01.007",NA,"3123869043","Free riding and rebates for residential energy efficiency upgrades: A multi-country contingent valuation experiment",2017,"2017-10-01","preprint","en",2,35,9,3,4,0,FALSE,FALSE,FALSE,TRUE,"green","68",NA,"33","44","Economic and Environmental Valuation","Economics and Econometrics","Economics, Econometrics and Finance","Social Sciences","Energy Economics","journal","0140-9883","2025-10-10T00:00:00","2026-02-09T09:26:11.010843"
"S94499970","ep","W3125243438","10.1016/j.eneco.2012.11.006",NA,"3125243438","Price and welfare effects of emission quota allocation",2012,"2012-11-14","preprint","en",2,28,6,1,3,0.67299167,FALSE,FALSE,TRUE,TRUE,"green","36",NA,"568","580","Climate Change Policy and Economics","Economics and Econometrics","Economics, Econometrics and Finance","Social Sciences","Energy Economics","journal","0140-9883","2025-10-10T00:00:00","2026-02-09T09:26:11.010843"
"S94499970","ep","W4237433221","10.1007/978-1-4471-7468-4_21",NA,NA,"International Oil Market",2019,"2019-01-01","book-chapter","en",2,24,1,1,1,0.578,FALSE,FALSE,FALSE,FALSE,"closed",NA,NA,"607","646","Natural Resources and Economic Development","General Economics, Econometrics and Finance","Economics, Econometrics and Finance","Social Sciences","Energy Economics","journal","0140-9883","2025-10-10T00:00:00","2025-11-06T03:46:38.306776"
"S94499970","ep","W642519425","10.1016/j.eneco.2016.10.023",NA,"642519425","Consumer preferences for second-generation bioethanol",2016,"2016-11-05","preprint","en",2,20,6,1,2,0,FALSE,FALSE,TRUE,TRUE,"gold","61",NA,"1","7","Economic and Environmental Valuation","Economics and Econometrics","Economics, Econometrics and Finance","Social Sciences","Energy Economics","journal","0140-9883","2025-10-10T00:00:00","2026-02-09T09:26:11.010843"
"S94499970","ep","W986001954","10.1007/978-0-85729-268-1_17",NA,"986001954","Integrated Analysis of Energy Systems",2011,"2011-01-01","book-chapter","en",2,34,1,1,1,0.9003,FALSE,FALSE,FALSE,FALSE,"closed",NA,NA,"393","416","Global Energy and Sustainability Research","Renewable Energy, Sustainability and the Environment","Energy","Physical Sciences","Energy Economics","journal","0140-9883","2025-10-10T00:00:00","2025-11-06T03:46:38.306776"
"S94499970","ep","W1503760774","10.1016/j.eneco.2011.12.004",NA,"1503760774","Regulation and electricity market integration: When trade introduces inefficiencies",2011,"2011-12-16","preprint","en",1,19,3,0,2,0,FALSE,FALSE,FALSE,TRUE,"green","34","2","529","535","Electric Power System Optimization","Electrical and Electronic Engineering","Engineering","Physical Sciences","Energy Economics","journal","0140-9883","2025-10-10T00:00:00","2025-11-06T03:46:38.306776"
"S94499970","ep","W188032862","10.1007/978-0-85729-268-1_14",NA,"188032862","International Oil Market",2011,"2011-01-01","book-chapter","en",1,19,1,1,1,0,FALSE,FALSE,FALSE,FALSE,"closed",NA,NA,"325","352","Global Energy and Sustainability Research","Renewable Energy, Sustainability and the Environment","Energy","Physical Sciences","Energy Economics","journal","0140-9883","2025-10-10T00:00:00","2025-11-06T03:46:38.306776"
"S94499970","ep","W2006405994","10.1016/j.eneco.2015.01.012",NA,"2006405994","Predictability of price movements in deregulated electricity markets",2015,"2015-02-02","preprint","en",1,49,7,1,2,0.688569,FALSE,FALSE,TRUE,TRUE,"green","49",NA,"72","81","Complex Systems and Time Series Analysis","Economics and Econometrics","Economics, Econometrics and Finance","Social Sciences","Energy Economics","journal","0140-9883","2025-10-10T00:00:00","2026-02-09T09:26:11.010843"
"S94499970","ep","W2977821600","10.1016/j.eneco.2020.105006",NA,"2977821600","Capturing the power options smile by an additive two-factor model for overlapping futures prices",2020,"2020-11-05","preprint","en",1,44,11,3,3,0.24263042,FALSE,FALSE,FALSE,TRUE,"green","95",NA,"105006","105006","Stochastic processes and financial applications","Finance","Economics, Econometrics and Finance","Social Sciences","Energy Economics","journal","0140-9883","2025-10-10T00:00:00","2026-02-09T09:26:11.010843"
"S94499970","ep","W3097626777","10.1016/j.eneco.2021.105689",NA,"3097626777","Do oil-price shocks predict the realized variance of U.S. REITs?",2021,"2021-11-15","preprint","en",1,76,7,0,4,0.22054141,FALSE,FALSE,FALSE,TRUE,"gold","104",NA,"105689","105689","Market Dynamics and Volatility","Economics and Econometrics","Economics, Econometrics and Finance","Social Sciences","Energy Economics","journal","0140-9883","2025-10-10T00:00:00","2026-02-09T09:26:11.010843"
"S94499970","ep","W3116005722","10.1016/j.eneco.2021.105583",NA,"3116005722","Mothballing in a Duopoly: Evidence from a (Shale) Oil Market",2020,"2020-01-01","preprint","en",1,39,12,5,6,0,FALSE,FALSE,FALSE,TRUE,"green","104",NA,"105583","105583","Capital Investment and Risk Analysis","Finance","Economics, Econometrics and Finance","Social Sciences","Energy Economics","journal","0140-9883","2025-10-10T00:00:00","2026-02-16T07:36:33.822630"
"S94499970","ep","W3121468618","10.1016/j.eneco.2013.08.007",NA,"3121468618","Is there a homogeneous causality pattern between oil prices and currencies of oil importers and exporters?",2013,"2013-09-13","preprint","en",1,70,5,0,2,0.69386317,FALSE,FALSE,FALSE,TRUE,"green","40",NA,"665","678","Market Dynamics and Volatility","Economics and Econometrics","Economics, Econometrics and Finance","Social Sciences","Energy Economics","journal","0140-9883","2025-10-10T00:00:00","2026-02-09T09:26:11.010843"
"S94499970","ep","W3124518739","10.1016/j.eneco.2021.105637",NA,"3124518739","Efficient pricing of electricity revisited",2021,"2021-10-25","preprint","en",1,53,5,1,1,0,FALSE,FALSE,TRUE,TRUE,"green","104",NA,"105637","105637","Climate Change Policy and Economics","Economics and Econometrics","Economics, Econometrics and Finance","Social Sciences","Energy Economics","journal","0140-9883","2025-10-10T00:00:00","2026-02-09T09:26:11.010843"
"S94499970","ep","W3163312647","10.1016/j.eneco.2021.105573",NA,"3163312647","Application of bagging in day-ahead electricity price forecasting and factor augmentation",2021,"2021-09-20","preprint","en",1,81,5,2,2,0.09168142,FALSE,FALSE,TRUE,TRUE,"green","103",NA,"105573","105573","Energy Load and Power Forecasting","Electrical and Electronic Engineering","Engineering","Physical Sciences","Energy Economics","journal","0140-9883","2025-10-10T00:00:00","2026-02-09T09:26:11.010843"
"S94499970","ep","W3196506514","10.1016/j.eneco.2021.105588",NA,"3196506514","Oil and the U.S. stock market: Implications for low carbon policies",2021,"2021-10-01","preprint","en",1,90,4,3,4,0.22054141,FALSE,FALSE,FALSE,FALSE,"closed","103",NA,"105588","105588","Market Dynamics and Volatility","Economics and Econometrics","Economics, Econometrics and Finance","Social Sciences","Energy Economics","journal","0140-9883","2025-10-10T00:00:00","2025-11-06T03:46:38.306776"
"S94499970","ep","W4294968966","10.1016/j.eneco.2022.106303",NA,NA,"WITHDRAWN: Identifying the endogenous optimization pathways for improving environmental performance",2022,"2022-09-05","article","en",1,69,1,1,3,0.2059,TRUE,FALSE,FALSE,FALSE,"closed","114",NA,"106303","106303","Energy, Environment, Economic Growth","Economics and Econometrics","Economics, Econometrics and Finance","Social Sciences","Energy Economics","journal","0140-9883","2025-10-10T00:00:00","2025-11-06T03:46:38.306776"
"S94499970","ep","W2181453316","10.1016/j.eneco.2015.11.017",NA,"2181453316","Exogenous shocks and the spillover effects between uncertainty and oil price",2015,"2015-12-01","article","en",85,52,1,1,3,NA,FALSE,FALSE,FALSE,FALSE,"closed","54",NA,"224","234",NA,NA,NA,NA,"Energy Economics","journal","0140-9883","2025-10-10T00:00:00","2026-02-20T08:17:22.645390"
"S94499970","ep","W3087669851","10.1016/j.eneco.2008.08.004",NA,"3087669851","Cournot versus Supply Functions: What does the data tell us?",2008,"2008-08-23","preprint","en",4,28,13,2,3,1.14082865,FALSE,FALSE,FALSE,TRUE,"green","31","1","38","47","Electric Power System Optimization","Electrical and Electronic Engineering","Engineering","Physical Sciences","Energy Economics","journal","0140-9883","2025-10-10T00:00:00","2026-02-09T09:26:11.010843"
"S94499970","ep","W4392381536","10.1016/j.eneco.2024.107448",NA,NA,"Heterogeneous public preferences for undergrounding high-voltage power transmission lines: The case of Seoul metropolitan area in South Korea",2024,"2024-03-04","article","en",3,45,2,1,3,NA,FALSE,FALSE,FALSE,FALSE,"closed","132",NA,"107448","107448",NA,NA,NA,NA,"Energy Economics","journal","0140-9883","2025-10-10T00:00:00","2026-02-05T00:54:17.221276"
"S94499970","ep","W4415687879","10.1016/j.eneco.2025.109002",NA,NA,"Investigating empirical bidding curves in the electricity spot market: Expected patterns vs anomalies?",2025,"2025-10-30","article","en",3,23,1,0,3,NA,FALSE,FALSE,FALSE,TRUE,"hybrid","152",NA,"109002","109002",NA,NA,NA,NA,"Energy Economics","journal","0140-9883","2025-10-30T00:00:00","2026-02-14T14:00:54.825952"
"S94499970","ep","W4415830448","10.1016/j.eneco.2025.109030",NA,NA,"When good intentions meet bad outcomes: Evidence from China's cleaner production mandate",2025,"2025-11-04","article","en",3,36,1,3,2,NA,FALSE,FALSE,FALSE,FALSE,"closed","152",NA,"109030","109030",NA,NA,NA,NA,"Energy Economics","journal","0140-9883","2025-11-04T00:00:00","2026-02-20T08:17:22.645390"
"S94499970","ep","W4416506126","10.1016/j.eneco.2025.109048",NA,NA,"Critical peak pricing and firm's asset efficiency: A double machine learning study with China's new energy manufacturing industry",2025,"2025-11-17","article","en",2,40,1,1,3,NA,FALSE,FALSE,FALSE,FALSE,"closed","153",NA,"109048","109048",NA,NA,NA,NA,"Energy Economics","journal","0140-9883","2025-11-17T00:00:00","2026-02-25T23:00:34.991745"
"S94499970","ep","W3122240774","10.1016/j.eneco.2010.05.001",NA,"3122240774","Market efficiency of oil spot and futures: A mean-variance and stochastic dominance approach",2010,"2010-05-22","preprint","en",1,69,8,0,3,0,FALSE,FALSE,FALSE,TRUE,"green","32","5","979","986","Market Dynamics and Volatility","Economics and Econometrics","Economics, Econometrics and Finance","Social Sciences","Energy Economics","journal","0140-9883","2025-10-10T00:00:00","2026-02-15T07:36:51.736424"
"S94499970","ep","W4248156401","10.1016/j.eneco.2008.08.008",NA,NA,"Editorial",2008,"2008-08-27","editorial","en",1,31,2,4,3,NA,FALSE,FALSE,FALSE,TRUE,"green","31","1","1","3",NA,NA,NA,NA,"Energy Economics","journal","0140-9883","2022-05-12T00:00:00","2025-11-06T03:46:38.306776"
"S94499970","ep","W4415766384","10.1016/j.eneco.2025.108991",NA,NA,"Assessing the potential for biofuel production within a conventional fuel system",2025,"2025-11-01","article","en",1,65,2,0,3,NA,FALSE,FALSE,FALSE,TRUE,"hybrid","152",NA,"108991","108991",NA,NA,NA,NA,"Energy Economics","journal","0140-9883","2025-11-01T00:00:00","2026-02-19T08:20:09.288608"
"S94499970","ep","W4416258906","10.1016/j.eneco.2025.108994",NA,NA,"Temperature shocks and multidimensional energy poverty: Evidence from Malawi",2025,"2025-10-13","article","en",1,106,1,1,2,NA,FALSE,FALSE,FALSE,TRUE,"hybrid","152",NA,"108994","108994",NA,NA,NA,NA,"Energy Economics","journal","0140-9883","2025-10-16T00:00:00","2026-02-22T13:39:03.778224"
"S94499970","ep","W4416340979","10.1016/j.eneco.2025.108959",NA,NA,"Data-driven coordination and optimization of the digital economy and urban–rural integration",2025,"2025-10-09","article","en",1,54,1,1,4,NA,FALSE,FALSE,FALSE,FALSE,"closed","152",NA,"108959","108959",NA,NA,NA,NA,"Energy Economics","journal","0140-9883","2025-10-12T00:00:00","2026-02-20T08:17:22.645390"
"S94499970","ep","W4416812839","10.1016/j.eneco.2025.109072",NA,NA,"Trading characteristics of emissions trading scheme and carbon emission reduction efficiency: Evidence from China",2025,"2025-11-29","article","en",1,66,1,1,4,NA,FALSE,FALSE,FALSE,FALSE,"closed","153",NA,"109072","109072",NA,NA,NA,NA,"Energy Economics","journal","0140-9883","2025-11-29T00:00:00","2026-02-25T08:12:03.925757"
"S94499970","ep","W4417224164","10.1016/j.eneco.2025.109089",NA,NA,"Navigating green innovation: The role of carbon regulation and green finance in corporate strategy",2025,"2025-12-11","article","en",1,58,1,1,4,NA,FALSE,FALSE,FALSE,FALSE,"closed","153",NA,"109089","109089",NA,NA,NA,NA,"Energy Economics","journal","0140-9883","2025-12-11T00:00:00","2026-02-22T13:39:03.778224"
"S94499970","ep","W4417467085","10.1016/j.eneco.2025.109103",NA,NA,"From synergy to spread: How environmental regulation is helping Chinese firms achieve low-carbon expansion — and take their supply chains with them",2025,"2025-12-18","article","en",1,160,1,3,3,NA,FALSE,FALSE,FALSE,TRUE,"hybrid","153",NA,"109103","109103",NA,NA,NA,NA,"Energy Economics","journal","0140-9883","2025-12-18T00:00:00","2026-02-20T08:17:22.645390"
"S94499970","ep","W2336330425","10.1016/j.eneco.2011.10.016",NA,"2336330425","Heterogeneity in the rebound effect: Further evidence for Germany",2011,"2011-11-08","preprint","en",0,21,8,1,3,0,FALSE,FALSE,TRUE,TRUE,"bronze","34","2","461","467","Energy, Environment, and Transportation Policies","Renewable Energy, Sustainability and the Environment","Energy","Physical Sciences","Energy Economics","journal","0140-9883","2025-10-10T00:00:00","2026-02-09T09:26:11.010843"
"S94499970","ep","W2605407006","10.1016/j.eneco.2018.12.012",NA,"2605407006","How do oil producers respond to giant oil field discoveries?",2018,"2018-12-23","preprint","en",0,42,5,1,1,0,FALSE,FALSE,TRUE,TRUE,"green","80",NA,"59","74","Natural Resources and Economic Development","General Economics, Econometrics and Finance","Economics, Econometrics and Finance","Social Sciences","Energy Economics","journal","0140-9883","2025-10-10T00:00:00","2026-02-09T09:26:11.010843"
"S94499970","ep","W2899412037","10.1108/978-1-78756-779-520181002",NA,"2899412037","Measurements and General Characteristics of Energy Poverty in China",2018,"2018-10-30","book-chapter","en",0,40,1,1,2,0,FALSE,FALSE,FALSE,FALSE,"closed",NA,NA,"43","72","Energy and Environment Impacts","Pollution","Environmental Science","Physical Sciences","Energy Economics","journal","0140-9883","2025-10-10T00:00:00","2025-11-06T03:46:38.306776"
"S94499970","ep","W2951942647","10.1016/j.eneco.2017.05.003",NA,"2951942647","Cyclical properties of supply-side and demand-side shocks in oil-based commodity markets",2017,"2017-05-11","preprint","en",0,31,7,1,2,0,FALSE,FALSE,FALSE,TRUE,"green","65",NA,"208","218","Market Dynamics and Volatility","Economics and Econometrics","Economics, Econometrics and Finance","Social Sciences","Energy Economics","journal","0140-9883","2025-10-10T00:00:00","2026-02-09T09:26:11.010843"
"S94499970","ep","W3016733871","10.1016/j.eneco.2021.105733",NA,"3016733871","Coal-to-gas fuel switching and its effects on housing prices",2021,"2021-12-23","preprint","en",0,44,4,0,2,0,FALSE,FALSE,FALSE,FALSE,"closed","106",NA,"105733","105733","Housing Market and Economics","Economics and Econometrics","Economics, Econometrics and Finance","Social Sciences","Energy Economics","journal","0140-9883","2025-10-10T00:00:00","2026-02-09T09:26:11.010843"
"S94499970","ep","W3023370783","10.1016/j.eneco.2021.105525",NA,"3023370783","Short- and long-run dynamics of energy demand",2021,"2021-08-26","preprint","en",0,25,4,1,2,0,FALSE,FALSE,FALSE,TRUE,"green","103",NA,"105525","105525","Energy, Environment, and Transportation Policies","Renewable Energy, Sustainability and the Environment","Energy","Physical Sciences","Energy Economics","journal","0140-9883","2025-10-10T00:00:00","2026-02-09T09:26:11.010843"
"S94499970","ep","W3095946684","10.1016/j.eneco.2021.105322",NA,"3095946684","Convergence in road transport CO2 emissions in Europe",2021,"2021-05-12","preprint","en",0,74,4,1,4,0,FALSE,FALSE,FALSE,TRUE,"green","99",NA,"105322","105322","Energy, Environment, Economic Growth","Economics and Econometrics","Economics, Econometrics and Finance","Social Sciences","Energy Economics","journal","0140-9883","2025-10-10T00:00:00","2026-02-09T09:26:11.010843"
"S94499970","ep","W3121185839","10.1016/j.eneco.2010.07.002",NA,"3121185839","Gone with the wind? — Electricity market prices and incentives to invest in thermal power plants under increasing wind energy supply",2010,"2010-07-21","preprint","en",0,17,5,1,2,0,FALSE,FALSE,FALSE,TRUE,"green","33","2","249","256","Electric Power System Optimization","Electrical and Electronic Engineering","Engineering","Physical Sciences","Energy Economics","journal","0140-9883","2025-10-10T00:00:00","2026-02-09T09:26:11.010843"
"S94499970","ep","W3121222007","10.1016/j.eneco.2009.01.002",NA,"3121222007","Physical market determinants of the price of crude oil and the market premium",2009,"2009-01-15","preprint","en",0,50,4,1,2,0,FALSE,FALSE,FALSE,FALSE,"closed","31","4","537","549","Market Dynamics and Volatility","Economics and Econometrics","Economics, Econometrics and Finance","Social Sciences","Energy Economics","journal","0140-9883","2025-10-10T00:00:00","2026-02-09T09:26:11.010843"
"S94499970","ep","W3121435173","10.1016/j.eneco.2018.01.012",NA,"3121435173","Explaining the interplay of three markets: Green certificates, carbon emissions and electricity",2018,"2018-02-05","preprint","en",0,21,4,1,2,0,FALSE,FALSE,FALSE,FALSE,"closed","71",NA,"1","13","Climate Change Policy and Economics","Economics and Econometrics","Economics, Econometrics and Finance","Social Sciences","Energy Economics","journal","0140-9883","2025-10-10T00:00:00","2026-02-09T09:26:11.010843"
"S94499970","ep","W3121769034","10.1016/j.eneco.2013.07.020",NA,"3121769034","The value of domestic building energy efficiency — evidence from Ireland",2013,"2013-08-20","preprint","en",0,22,5,2,3,0,FALSE,FALSE,FALSE,FALSE,"closed","40",NA,"943","952","Sustainable Building Design and Assessment","Building and Construction","Engineering","Physical Sciences","Energy Economics","journal","0140-9883","2025-10-10T00:00:00","2026-02-09T09:26:11.010843"
"S94499970","ep","W3121857892","10.1016/j.eneco.2016.07.004",NA,"3121857892","Understanding the energy-GDP elasticity: A sectoral approach",2016,"2016-07-22","preprint","en",0,45,6,1,2,0,FALSE,FALSE,FALSE,TRUE,"green","58",NA,"199","210","Energy, Environment, Economic Growth","Economics and Econometrics","Economics, Econometrics and Finance","Social Sciences","Energy Economics","journal","0140-9883","2025-10-10T00:00:00","2026-02-12T00:53:03.260389"
"S94499970","ep","W3122284216","10.1016/j.eneco.2016.08.002",NA,"3122284216","Two price zones for the German electricity market — Market implications and distributional effects",2016,"2016-09-01","preprint","en",0,23,5,1,3,0,FALSE,FALSE,FALSE,TRUE,"green","59",NA,"365","381","Electric Power System Optimization","Electrical and Electronic Engineering","Engineering","Physical Sciences","Energy Economics","journal","0140-9883","2025-10-10T00:00:00","2026-02-09T09:26:11.010843"
"S94499970","ep","W3122325217","10.1016/j.eneco.2015.08.022",NA,"3122325217","The role of information for energy efficiency in the residential sector",2015,"2015-09-04","preprint","en",0,115,5,2,4,0,FALSE,FALSE,FALSE,TRUE,"green","52",NA,"S17","S29","Sustainable Building Design and Assessment","Building and Construction","Engineering","Physical Sciences","Energy Economics","journal","0140-9883","2025-10-10T00:00:00","2026-02-09T09:26:11.010843"
"S94499970","ep","W3122543112","10.1016/j.eneco.2014.04.009",NA,"3122543112","The impact of oil price shocks on U.S. bond market returns",2014,"2014-04-29","preprint","en",0,26,4,0,3,0,FALSE,FALSE,FALSE,FALSE,"closed","44",NA,"248","258","Market Dynamics and Volatility","Economics and Econometrics","Economics, Econometrics and Finance","Social Sciences","Energy Economics","journal","0140-9883","2025-10-10T00:00:00","2026-02-09T09:26:11.010843"
"S94499970","ep","W3122627751","10.1016/j.eneco.2016.09.012",NA,"3122627751","Explosive Oil Prices",2013,"2013-01-01","preprint","en",0,29,9,1,1,0,FALSE,FALSE,FALSE,TRUE,"green","60",NA,"1","5","Capital Investment and Risk Analysis","Finance","Economics, Econometrics and Finance","Social Sciences","Energy Economics","journal","0140-9883","2025-10-10T00:00:00","2026-02-09T09:26:11.010843"
"S94499970","ep","W3122850722","10.1016/j.eneco.2017.03.002",NA,"3122850722","Econometric analysis of 15-minute intraday electricity prices",2017,"2017-03-10","preprint","en",0,18,5,2,2,0,FALSE,FALSE,FALSE,TRUE,"green","64",NA,"77","90","Electric Power System Optimization","Electrical and Electronic Engineering","Engineering","Physical Sciences","Energy Economics","journal","0140-9883","2025-10-10T00:00:00","2026-02-09T09:26:11.010843"
"S94499970","ep","W3123158831","10.1016/j.eneco.2014.12.019",NA,"3123158831","Short- and long-run electricity demand elasticities at the subsectoral level: A cointegration analysis for German manufacturing industries",2015,"2015-01-07","preprint","en",0,28,7,1,2,0,FALSE,FALSE,FALSE,FALSE,"closed","48",NA,"178","187","Energy Efficiency and Management","Renewable Energy, Sustainability and the Environment","Energy","Physical Sciences","Energy Economics","journal","0140-9883","2025-10-10T00:00:00","2026-02-25T08:12:03.925757"
"S94499970","ep","W3123663413","10.1016/j.eneco.2022.105923",NA,"3123663413","Efficiency in wholesale electricity markets: On the role of externalities and subsidies",2022,"2022-03-19","preprint","en",0,30,5,1,2,0,FALSE,FALSE,FALSE,FALSE,"closed","109",NA,"105923","105923","Electric Power System Optimization","Electrical and Electronic Engineering","Engineering","Physical Sciences","Energy Economics","journal","0140-9883","2025-10-10T00:00:00","2026-02-09T09:26:11.010843"
"S94499970","ep","W3124372532","10.1016/j.eneco.2009.12.003",NA,"3124372532","Volatility transmission and volatility impulse response functions in European electricity forward markets",2009,"2009-12-24","preprint","en",0,56,4,1,2,0,FALSE,FALSE,FALSE,FALSE,"closed","32","4","758","770","Electric Power System Optimization","Electrical and Electronic Engineering","Engineering","Physical Sciences","Energy Economics","journal","0140-9883","2025-10-10T00:00:00","2026-02-09T09:26:11.010843"
"S94499970","ep","W3126058712","10.1016/j.eneco.2013.07.024",NA,"3126058712","Renewables in the energy transition: Evidence on solar home systems and lighting fuel choice in Kenya",2013,"2013-08-13","preprint","en",0,21,7,1,3,0,FALSE,FALSE,FALSE,TRUE,"green","40",NA,"350","359","Energy and Environment Impacts","Pollution","Environmental Science","Physical Sciences","Energy Economics","journal","0140-9883","2025-10-10T00:00:00","2026-02-26T08:16:20.718346"
"S94499970","ep","W3165095148","10.1016/j.eneco.2021.105473",NA,"3165095148","Electrification and welfare for the marginalized: Evidence from India",2021,"2021-07-29","preprint","en",0,32,8,0,4,0,FALSE,FALSE,FALSE,TRUE,"green","102",NA,"105473","105473","Energy and Environment Impacts","Pollution","Environmental Science","Physical Sciences","Energy Economics","journal","0140-9883","2025-10-10T00:00:00","2026-02-26T08:16:20.718346"
"S94499970","ep","W3185368895","10.1016/j.eneco.2022.105896",NA,"3185368895","The Climate PoLicy ANalysis (C-PLAN) Model, Version 1.0",2022,"2022-02-16","preprint","en",0,38,5,1,2,0,FALSE,FALSE,FALSE,TRUE,"hybrid","108",NA,"105896","105896","Climate Change Policy and Economics","Economics and Econometrics","Economics, Econometrics and Finance","Social Sciences","Energy Economics","journal","0140-9883","2025-10-10T00:00:00","2026-02-09T09:26:11.010843"
"S94499970","ep","W3196438691","10.1016/j.eneco.2022.105970",NA,"3196438691","Does energy diversification cause an economic slowdown? Evidence from a newly constructed energy diversification index",2022,"2022-03-23","preprint","en",0,79,8,2,2,0,FALSE,FALSE,FALSE,TRUE,"hybrid","109",NA,"105970","105970","Energy, Environment, Economic Growth","Economics and Econometrics","Economics, Econometrics and Finance","Social Sciences","Energy Economics","journal","0140-9883","2025-10-10T00:00:00","2026-02-09T09:26:11.010843"
"S94499970","ep","W4211073010","10.1108/978-1-83867-293-520191001",NA,NA,"References",2019,"2019-09-02","book-chapter","en",0,89,1,0,0,0,FALSE,FALSE,FALSE,FALSE,"closed",NA,NA,"433","445","Market Dynamics and Volatility","Economics and Econometrics","Economics, Econometrics and Finance","Social Sciences","Energy Economics","journal","0140-9883","2025-10-10T00:00:00","2025-12-30T23:08:21.542490"
"S94499970","ep","W4245121023","10.1016/j.eneco.2009.11.002",NA,NA,"Editorial",2009,"2009-11-20","editorial","en",0,40,3,4,3,NA,FALSE,FALSE,FALSE,TRUE,"green","32","1","1","2",NA,NA,NA,NA,"Energy Economics","journal","0140-9883","2022-05-12T00:00:00","2026-02-09T09:26:11.010843"
"S94499970","ep","W4406123438","10.1016/j.eneco.2025.109114",NA,NA,"A data-driven merit order: Learning a fundamental electricity price model",2025,"2025-12-30","preprint","en",0,62,3,1,2,0,FALSE,FALSE,FALSE,TRUE,"hybrid","154",NA,"109114","109114","Energy Load and Power Forecasting","Electrical and Electronic Engineering","Engineering","Physical Sciences","Energy Economics","journal","0140-9883","2025-01-08T00:00:00","2026-02-26T08:16:20.718346"
"S94499970","ep","W4415606493","10.1016/j.eneco.2025.108984",NA,NA,"A wind tunnel test of wind farm auctions",2025,"2025-10-28","article","en",0,28,2,1,4,NA,FALSE,FALSE,FALSE,TRUE,"hybrid","152",NA,"108984","108984",NA,NA,NA,NA,"Energy Economics","journal","0140-9883","2025-10-10T00:00:00","2026-02-26T08:16:20.718346"
"S94499970","ep","W4415641104","10.1016/j.eneco.2025.108968",NA,NA,"How are patent decisions affected by environmental regulation?",2025,"2025-10-29","article","en",0,32,2,0,4,NA,FALSE,FALSE,FALSE,TRUE,"hybrid","152",NA,"108968","108968",NA,NA,NA,NA,"Energy Economics","journal","0140-9883","2025-10-29T00:00:00","2026-02-25T23:00:34.991745"
"S94499970","ep","W4415681350","10.1016/j.eneco.2025.109008",NA,NA,"Evaluating environmental policy effectiveness on power structure: Insights from China's power sector regulations",2025,"2025-10-30","article","en",0,85,1,3,5,NA,FALSE,FALSE,FALSE,FALSE,"closed","152",NA,"109008","109008",NA,NA,NA,NA,"Energy Economics","journal","0140-9883","2025-10-30T00:00:00","2026-02-22T13:39:03.778224"
"S94499970","ep","W4415746723","10.1016/j.eneco.2025.109025",NA,NA,"The effects of electricity and fuel prices on Swedish industry: A panel VAR approach",2025,"2025-10-31","article","en",0,32,2,2,3,NA,FALSE,FALSE,FALSE,TRUE,"hybrid","152",NA,"109025","109025",NA,NA,NA,NA,"Energy Economics","journal","0140-9883","2025-10-31T00:00:00","2026-02-26T08:16:20.718346"
"S94499970","ep","W4415755639","10.1016/j.eneco.2025.109027",NA,NA,"Advancing climate technology in developing nations through energy transition investments",2025,"2025-10-31","article","en",0,168,1,1,2,NA,FALSE,FALSE,FALSE,FALSE,"closed","152",NA,"109027","109027",NA,NA,NA,NA,"Energy Economics","journal","0140-9883","2025-11-01T00:00:00","2026-02-20T08:17:22.645390"
"S94499970","ep","W4415973293","10.1016/j.eneco.2025.109033",NA,NA,"An integrated regulatory–financial proposal for universal electrification in Uganda beyond the Umeme concession",2025,"2025-11-06","article","en",0,23,1,2,2,NA,FALSE,FALSE,FALSE,FALSE,"closed","152",NA,"109033","109033",NA,NA,NA,NA,"Energy Economics","journal","0140-9883","2025-11-06T00:00:00","2026-02-20T08:17:22.645390"
"S94499970","ep","W4415985184","10.1016/j.eneco.2025.109028",NA,NA,"Economics of electricity grid interconnections: A heterogeneous markets’ design context",2025,"2025-11-07","article","en",0,16,1,2,2,NA,FALSE,FALSE,FALSE,TRUE,"hybrid","152",NA,"109028","109028",NA,NA,NA,NA,"Energy Economics","journal","0140-9883","2025-11-07T00:00:00","2026-02-22T13:39:03.778224"
"S94499970","ep","W4416016691","10.1016/j.eneco.2025.109034",NA,NA,"Benchmarking in the energy sector: Implications for practice and policy",2025,"2025-11-08","article","en",0,10,1,2,3,NA,FALSE,FALSE,FALSE,FALSE,"closed","152",NA,"109034","109034",NA,NA,NA,NA,"Energy Economics","journal","0140-9883","2025-11-08T00:00:00","2026-01-20T17:24:06.736184"
"S94499970","ep","W4416040690","10.1016/j.eneco.2025.109035",NA,NA,"Exploring internal trading in the EU emissions trading system: An empirical analysis",2025,"2025-11-08","article","en",0,20,2,2,2,NA,FALSE,FALSE,FALSE,TRUE,"hybrid","152",NA,"109035","109035",NA,NA,NA,NA,"Energy Economics","journal","0140-9883","2025-11-08T00:00:00","2026-02-25T08:12:03.925757"
"S94499970","ep","W4416089338","10.1016/j.eneco.2025.109038",NA,NA,"The economically viable decarbonization path for China's electricity sector in the context of environmental decentralisation: The role of green finance",2025,"2025-11-10","article","en",0,79,1,1,3,NA,FALSE,FALSE,FALSE,FALSE,"closed","152",NA,"109038","109038",NA,NA,NA,NA,"Energy Economics","journal","0140-9883","2025-11-10T00:00:00","2026-02-20T08:17:22.645390"
"S94499970","ep","W4416118668","10.1016/j.eneco.2025.109032",NA,NA,"Marginal price impact under firm energy obligations in capacity remuneration mechanisms: The case of reliability options",2025,"2025-11-11","article","en",0,53,1,1,1,NA,FALSE,FALSE,FALSE,FALSE,"closed","152",NA,"109032","109032",NA,NA,NA,NA,"Energy Economics","journal","0140-9883","2025-11-12T00:00:00","2026-02-20T08:17:22.645390"
"S94499970","ep","W4416265422","10.1016/j.eneco.2025.109045",NA,NA,"The role of household and community infrastructures in mitigating energy poverty in Africa: Between and within urban and rural areas",2025,"2025-11-17","article","en",0,56,1,1,2,NA,FALSE,FALSE,FALSE,FALSE,"closed","154",NA,"109045","109045",NA,NA,NA,NA,"Energy Economics","journal","0140-9883","2025-11-17T00:00:00","2026-02-22T13:39:03.778224"
"S94499970","ep","W4416265424","10.1016/j.eneco.2025.109046",NA,NA,"Trade liberalization, factor network association, and energy poverty",2025,"2025-11-17","article","en",0,71,1,4,7,NA,FALSE,FALSE,FALSE,FALSE,"closed","153",NA,"109046","109046",NA,NA,NA,NA,"Energy Economics","journal","0140-9883","2025-11-17T00:00:00","2026-02-22T13:39:03.778224"
"S94499970","ep","W4416299004","10.1016/j.eneco.2025.109037",NA,NA,"Assessing economic and CO2 emission impacts of China's freight structure adjustment",2025,"2025-11-09","article","en",0,31,1,1,3,NA,FALSE,FALSE,FALSE,FALSE,"closed","152",NA,"109037","109037",NA,NA,NA,NA,"Energy Economics","journal","0140-9883","2025-11-09T00:00:00","2026-02-20T08:17:22.645390"
"S94499970","ep","W4416397587","10.1016/j.eneco.2025.109031",NA,NA,"What drives disparities in the diffusion of residential PV and battery systems? A spatial econometric analysis in the context of dynamic regulatory arrangements",2025,"2025-11-20","article","en",0,53,1,0,1,NA,FALSE,FALSE,FALSE,TRUE,"hybrid","153",NA,"109031","109031",NA,NA,NA,NA,"Energy Economics","journal","0140-9883","2025-11-20T00:00:00","2025-11-28T13:02:56.973875"
"S94499970","ep","W4416409364","10.1016/j.eneco.2025.109024",NA,NA,"Mitigating carbon leakage under the EU ETS: How does State Aid for Indirect Emission Costs affect firm profits?",2025,"2025-11-20","article","en",0,44,2,0,3,NA,FALSE,FALSE,FALSE,TRUE,"hybrid","153",NA,"109024","109024",NA,NA,NA,NA,"Energy Economics","journal","0140-9883","2025-11-20T00:00:00","2026-02-26T08:16:20.718346"
"S94499970","ep","W4416409405","10.1016/j.eneco.2025.109050",NA,NA,"Weathering the storm: How does firm oil price uncertainty exposure impact green innovation in times of geopolitical tensions",2025,"2025-11-20","article","en",0,60,1,0,4,NA,FALSE,FALSE,FALSE,TRUE,"hybrid","153",NA,"109050","109050",NA,NA,NA,NA,"Energy Economics","journal","0140-9883","2025-11-20T00:00:00","2025-11-28T13:21:05.198056"
"S94499970","ep","W4416410732","10.1016/j.eneco.2025.109040",NA,NA,"The impact of artificial intelligence on energy resilience: Empirical evidence from China",2025,"2025-11-20","article","en",0,52,1,1,4,NA,FALSE,FALSE,FALSE,FALSE,"closed","153",NA,"109040","109040",NA,NA,NA,NA,"Energy Economics","journal","0140-9883","2025-11-20T00:00:00","2026-02-20T08:17:22.645390"
"S94499970","ep","W4416589296","10.1016/j.eneco.2025.109053",NA,NA,"Market integration across green, energy and carbon markets in emerging economies",2025,"2025-11-24","article","en",0,78,2,2,6,NA,FALSE,FALSE,FALSE,TRUE,"hybrid","153",NA,"109053","109053",NA,NA,NA,NA,"Energy Economics","journal","0140-9883","2025-11-25T00:00:00","2026-02-26T08:16:20.718346"
"S94499970","ep","W4416612607","10.1016/j.eneco.2025.109063",NA,NA,"The economic impact of power outages in developing countries: A quasi-experimental analysis",2025,"2025-11-25","article","en",0,39,1,1,1,NA,FALSE,FALSE,FALSE,FALSE,"closed","153",NA,"109063","109063",NA,NA,NA,NA,"Energy Economics","journal","0140-9883","2025-11-25T00:00:00","2026-02-20T08:17:22.645390"
"S94499970","ep","W4416732253","10.1016/j.eneco.2025.109069",NA,NA,"How do two-way contracts-for-difference affect futures markets? A novel modelling approach of futures market liquidity",2025,"2025-11-27","article","en",0,18,1,2,3,NA,FALSE,FALSE,FALSE,TRUE,"hybrid","153",NA,"109069","109069",NA,NA,NA,NA,"Energy Economics","journal","0140-9883","2025-11-28T00:00:00","2026-02-20T08:17:22.645390"
"S94499970","ep","W4416756089","10.1016/j.eneco.2025.109070",NA,NA,"Subsidies and rebound effect with incomplete carbon pricing: An application to biogas and livestock",2025,"2025-11-27","article","en",0,29,2,0,2,NA,FALSE,FALSE,FALSE,TRUE,"hybrid","153",NA,"109070","109070",NA,NA,NA,NA,"Energy Economics","journal","0140-9883","2025-11-28T00:00:00","2026-02-07T08:09:18.108334"
"S94499970","ep","W4416757547","10.1016/j.eneco.2025.109054",NA,NA,"The global geopolitical-energy uncertainty index and total factor productivity: New evidence from firm-level analysis",2025,"2025-11-24","article","en",0,74,2,1,5,NA,FALSE,FALSE,FALSE,TRUE,"hybrid","153",NA,"109054","109054",NA,NA,NA,NA,"Energy Economics","journal","0140-9883","2025-11-25T00:00:00","2026-02-24T08:05:00.420983"
"S94499970","ep","W4416777076","10.1016/j.eneco.2025.109065",NA,NA,"Informed trading and the fossil fuel industry's influence over UN climate meetings",2025,"2025-11-28","article","en",0,64,1,2,5,NA,FALSE,FALSE,FALSE,TRUE,"hybrid","153",NA,"109065","109065",NA,NA,NA,NA,"Energy Economics","journal","0140-9883","2025-11-28T00:00:00","2026-02-20T08:17:22.645390"
"S94499970","ep","W4416817600","10.1016/j.eneco.2025.109076",NA,NA,"Nonlinear temperature sensitivity of residential electricity demand: Evidence from a distributional regression approach",2025,"2025-11-29","article","en",0,34,1,2,2,NA,FALSE,FALSE,FALSE,FALSE,"closed","153",NA,"109076","109076",NA,NA,NA,NA,"Energy Economics","journal","0140-9883","2025-11-29T00:00:00","2026-02-20T08:17:22.645390"
"S94499970","ep","W4416828822","10.1016/j.eneco.2025.109073",NA,NA,"Income distribution effect of energy marketization reform: Evidence from Chinese enterprises and regions",2025,"2025-11-30","article","en",0,52,1,2,5,NA,FALSE,FALSE,FALSE,FALSE,"closed","153",NA,"109073","109073",NA,NA,NA,NA,"Energy Economics","journal","0140-9883","2025-11-30T00:00:00","2026-02-20T08:17:22.645390"
"S94499970","ep","W4416842749","10.1016/j.eneco.2025.109077",NA,NA,"Carbon costs and industrial firm performance: Evidence from international microdata",2025,"2025-12-01","article","en",0,59,1,0,2,NA,FALSE,FALSE,FALSE,TRUE,"hybrid","153",NA,"109077","109077",NA,NA,NA,NA,"Energy Economics","journal","0140-9883","2025-10-10T00:00:00","2025-12-10T02:45:41.426853"
"S94499970","ep","W4416867164","10.1016/j.eneco.2025.109079",NA,NA,"Solar electricity without solar panels: Changes in consumption behavior due to community solar programs",2025,"2025-12-01","article","en",0,43,1,2,2,NA,FALSE,FALSE,FALSE,FALSE,"closed","153",NA,"109079","109079",NA,NA,NA,NA,"Energy Economics","journal","0140-9883","2025-12-01T00:00:00","2026-02-20T08:17:22.645390"
"S94499970","ep","W4416921402","10.1016/j.eneco.2025.109080",NA,NA,"Electricity access and economic development: Leveraging climate finance in sub-Saharan Africa",2025,"2025-12-02","article","en",0,23,1,1,5,NA,FALSE,FALSE,FALSE,FALSE,"closed","153",NA,"109080","109080",NA,NA,NA,NA,"Energy Economics","journal","0140-9883","2025-12-02T00:00:00","2026-02-22T13:39:03.778224"
"S94499970","ep","W4416999296","10.1016/j.eneco.2025.109083",NA,NA,"How do decarbonization policies affect a firm's financial performance? Evidence from emergent economies",2025,"2025-12-04","article","en",0,82,1,1,2,NA,FALSE,FALSE,FALSE,FALSE,"closed","153",NA,"109083","109083",NA,NA,NA,NA,"Energy Economics","journal","0140-9883","2025-12-04T00:00:00","2026-02-22T13:39:03.778224"
"S94499970","ep","W4417014749","10.1016/j.eneco.2025.109075",NA,NA,"A mean reverting affine GARCH model for commodities",2025,"2025-12-05","article","en",0,17,1,1,3,NA,FALSE,FALSE,FALSE,FALSE,"closed","153",NA,"109075","109075",NA,NA,NA,NA,"Energy Economics","journal","0140-9883","2025-12-05T00:00:00","2026-02-22T13:39:03.778224"
"S94499970","ep","W4417014757","10.1016/j.eneco.2025.109078",NA,NA,"The theory of storage in a power system with stochastic demand",2025,"2025-12-05","article","en",0,22,1,0,2,NA,FALSE,FALSE,FALSE,TRUE,"hybrid","153",NA,"109078","109078",NA,NA,NA,NA,"Energy Economics","journal","0140-9883","2025-12-05T00:00:00","2025-12-10T02:45:41.426853"
"S94499970","ep","W4417224238","10.1016/j.eneco.2025.109085",NA,NA,"Deployment of China's hydrogen production with loose or tight carbon-reduction paths",2025,"2025-12-11","article","en",0,50,2,2,4,NA,FALSE,FALSE,FALSE,FALSE,"closed","153",NA,"109085","109085",NA,NA,NA,NA,"Energy Economics","journal","0140-9883","2025-12-11T00:00:00","2026-02-22T13:39:03.778224"
"S94499970","ep","W4417290240","10.1016/j.eneco.2025.109090",NA,NA,"The predictive effects of Fintech-ESG dynamic interdependence: A global perspective on Cleantech energy transition risk",2025,"2025-12-13","article","en",0,122,2,2,3,NA,FALSE,FALSE,FALSE,TRUE,"hybrid","153",NA,"109090","109090",NA,NA,NA,NA,"Energy Economics","journal","0140-9883","2025-12-13T00:00:00","2026-02-22T13:39:03.778224"
"S94499970","ep","W4417351462","10.1016/j.eneco.2025.109093",NA,NA,"Green transformation in the era of intelligence: How artificial intelligence affects disruptive green innovation in firms",2025,"2025-12-14","article","en",0,41,1,1,3,NA,FALSE,FALSE,FALSE,FALSE,"closed","153",NA,"109093","109093",NA,NA,NA,NA,"Energy Economics","journal","0140-9883","2025-12-15T00:00:00","2026-02-22T13:39:03.778224"
"S94499970","ep","W4417351465","10.1016/j.eneco.2025.109092",NA,NA,"Does green finance ensure energy security while achieving low-carbon transformation of listed electricity firms? Evidence from China",2025,"2025-12-14","article","en",0,70,1,2,6,NA,FALSE,FALSE,FALSE,FALSE,"closed","153",NA,"109092","109092",NA,NA,NA,NA,"Energy Economics","journal","0140-9883","2025-12-15T00:00:00","2026-02-22T13:39:03.778224"
"S94499970","ep","W4417443076","10.1016/j.eneco.2025.109088",NA,NA,"Price vs policy: The impact of cost uncertainty on decarbonization pathways",2025,"2025-12-18","article","en",0,26,1,1,2,NA,FALSE,FALSE,FALSE,TRUE,"hybrid","154",NA,"109088","109088",NA,NA,NA,NA,"Energy Economics","journal","0140-9883","2025-12-18T00:00:00","2026-02-22T13:39:03.778224"
"S94499970","ep","W4417443079","10.1016/j.eneco.2025.109096",NA,NA,"Intertemporal hedging and the carbon beta premium: Insights from Chinese corporate bonds",2025,"2025-12-18","article","en",0,72,1,2,3,NA,FALSE,FALSE,FALSE,FALSE,"closed","153",NA,"109096","109096",NA,NA,NA,NA,"Energy Economics","journal","0140-9883","2025-12-18T00:00:00","2026-02-22T13:39:03.778224"
"S94499970","ep","W4417466526","10.1016/j.eneco.2025.109102",NA,NA,"Distributional impacts of heterogenous carbon prices in the EU",2025,"2025-12-18","article","en",0,33,1,1,2,NA,FALSE,FALSE,FALSE,FALSE,"closed","154",NA,"109102","109102",NA,NA,NA,NA,"Energy Economics","journal","0140-9883","2025-12-10T00:00:00","2026-02-20T08:17:22.645390"
"S94499970","ep","W7118067877","10.1016/j.eneco.2025.109122",NA,NA,"The power of storytelling: How green narratives shape urban green innovation",2026,"2026-01-03","article","en",0,99,1,2,6,0,FALSE,FALSE,FALSE,FALSE,"closed","154",NA,"109122","109122","Sustainability and Climate Change Governance","Global and Planetary Change","Environmental Science","Physical Sciences","Energy Economics","journal","0140-9883","2026-01-03T00:00:00","2026-01-19T04:01:09.351973"
"S94499970","ep","W7118093904","10.1016/j.eneco.2026.109123",NA,NA,"Energy transforming like China: the emission reduction effects of renewable energy development and its cost-benefit analysis",2026,"2026-01-02","article","en",0,57,1,2,5,0,FALSE,FALSE,FALSE,FALSE,"closed","154",NA,"109123","109123","Energy and Environment Impacts","Pollution","Environmental Science","Physical Sciences","Energy Economics","journal","0140-9883","2026-01-03T00:00:00","2026-01-22T23:29:09.771500"
"S94499970","ep","W7118096403","10.1016/j.eneco.2026.109131",NA,NA,"Automated monitoring and air pollution in border regions",2026,"2026-01-03","article","en",0,48,1,1,2,0,FALSE,FALSE,FALSE,FALSE,"closed","154",NA,"109131","109131","Energy, Environment, Economic Growth","Economics and Econometrics","Economics, Econometrics and Finance","Social Sciences","Energy Economics","journal","0140-9883","2026-01-03T00:00:00","2026-01-19T04:01:09.351973"
"S94499970","ep","W7118122307","10.1016/j.eneco.2026.109133",NA,NA,"User-centric design for energy service apps: Integrating expectations disconfirmation and innovation theories",2026,"2026-01-04","article","en",0,79,1,2,3,0,FALSE,FALSE,FALSE,FALSE,"closed","154",NA,"109133","109133","Spreadsheets and End-User Computing","Software","Computer Science","Physical Sciences","Energy Economics","journal","0140-9883","2026-01-04T00:00:00","2026-02-06T02:01:19.302388"
"S94499970","ep","W7118129385","10.1016/j.eneco.2025.109116",NA,NA,"NIMBY-ism and green energy infrastructure: A strategic risk disclosure approach",2026,"2026-01-03","article","en",0,43,1,2,3,0,FALSE,FALSE,FALSE,FALSE,"closed","154",NA,"109116","109116","Social Acceptance of Renewable Energy","Sociology and Political Science","Social Sciences","Social Sciences","Energy Economics","journal","0140-9883","2026-01-04T00:00:00","2026-01-08T20:05:33.558190"
"S94499970","ep","W7119085741","10.1016/j.eneco.2026.109136",NA,NA,"How does urban agglomeration contribute to achieving carbon reduction targets? Evidence from an HSR-weighting spatial DID approach",2026,"2026-01-06","article","en",0,89,1,2,3,0,FALSE,FALSE,FALSE,FALSE,"closed","154",NA,"109136","109136","Aviation Industry Analysis and Trends","General Economics, Econometrics and Finance","Economics, Econometrics and Finance","Social Sciences","Energy Economics","journal","0140-9883","2026-01-08T00:00:00","2026-01-10T23:39:48.068659"
"S94499970","ep","W7119513754","10.1016/j.eneco.2026.109137",NA,NA,"The income threshold of household carbon emissions: Nonlinear growth and decoupling challenges",2026,"2026-01-09","article","en",0,45,1,2,6,0,FALSE,FALSE,FALSE,FALSE,"closed","154",NA,"109137","109137","Environmental Impact and Sustainability","Environmental Engineering","Environmental Science","Physical Sciences","Energy Economics","journal","0140-9883","2026-01-09T00:00:00","2026-01-19T04:01:09.351973"
"S94499970","ep","W7119837338","10.1016/j.eneco.2026.109139",NA,NA,"When carbon policy meets sulfur policy: How environmental policy portfolios enhance green productivity in Chinese cities",2026,"2026-01-10","article","en",0,43,1,3,2,0,FALSE,FALSE,FALSE,FALSE,"closed","154",NA,"109139","109139","Energy, Environment, Economic Growth","Economics and Econometrics","Economics, Econometrics and Finance","Social Sciences","Energy Economics","journal","0140-9883","2026-01-10T00:00:00","2026-02-23T20:09:44.859080"
"S94499970","ep","W7119891828","10.1016/j.eneco.2026.109138",NA,NA,"Unlocking financial inclusion through solar technology adoption in Malawi",2026,"2026-01-10","article","en",0,51,1,2,7,0,FALSE,FALSE,FALSE,TRUE,"hybrid","154",NA,"109138","109138","Energy and Environment Impacts","Pollution","Environmental Science","Physical Sciences","Energy Economics","journal","0140-9883","2026-01-10T00:00:00","2026-01-20T17:24:06.736184"
"S94499970","ep","W7119997432","10.1016/j.eneco.2026.109135",NA,NA,"Can photovoltaic poverty alleviation reduce multidimensional energy poverty? Evidence from 1928 counties in China",2026,"2026-01-10","article","en",0,76,1,1,4,0,FALSE,FALSE,FALSE,FALSE,"closed","154",NA,"109135","109135","Energy and Environment Impacts","Pollution","Environmental Science","Physical Sciences","Energy Economics","journal","0140-9883","2026-01-10T00:00:00","2026-01-21T23:30:37.877113"
"S94499970","ep","W7121664596","10.1016/j.eneco.2026.109134",NA,NA,"Is flexible plug-in electric vehicle charging an attractive investment? Evidence from implicit discount rate estimation",2026,"2026-01-11","article","en",0,39,2,2,4,0,FALSE,FALSE,FALSE,FALSE,"closed","154",NA,"109134","109134","Electric Vehicles and Infrastructure","Electrical and Electronic Engineering","Engineering","Physical Sciences","Energy Economics","journal","0140-9883","2026-01-11T00:00:00","2026-02-23T20:09:44.859080"
"S94499970","ep","W7123337025","10.1016/j.eneco.2026.109140",NA,NA,"The unintended consequences of the area-based evaluation mechanism reform on green innovation: Evidence from highly polluting firms in China",2026,"2026-01-13","article","en",0,66,1,1,2,0,FALSE,FALSE,FALSE,FALSE,"closed","154",NA,"109140","109140","Energy, Environment, Economic Growth","Economics and Econometrics","Economics, Econometrics and Finance","Social Sciences","Energy Economics","journal","0140-9883","2026-01-14T00:00:00","2026-01-19T04:01:09.351973"
"S94499970","ep","W7123339356","10.1016/j.eneco.2026.109145",NA,NA,"Do decarbonization policies work? Evidence from a global meta-analysis",2026,"2026-01-13","article","en",0,69,2,3,3,0,FALSE,FALSE,FALSE,FALSE,"closed","154",NA,"109145","109145","Climate Change Policy and Economics","Economics and Econometrics","Economics, Econometrics and Finance","Social Sciences","Energy Economics","journal","0140-9883","2026-01-14T00:00:00","2026-01-23T23:20:30.427331"
"S94499970","ep","W7124433640","10.1016/j.eneco.2026.109148",NA,NA,"Electric vehicle adoption and energy prices: Empirical evidence from four Nordic countries",2026,"2026-01-16","article","en",0,39,1,2,5,0,FALSE,FALSE,FALSE,FALSE,"closed","154",NA,"109148","109148","Electric Vehicles and Infrastructure","Electrical and Electronic Engineering","Engineering","Physical Sciences","Energy Economics","journal","0140-9883","2026-01-17T00:00:00","2026-01-24T23:23:39.755997"
"S94499970","ep","W7124433882","10.1016/j.eneco.2026.109146",NA,NA,"Hierarchy in green: Subordinate executives and eco-innovation dynamics",2026,"2026-01-17","article","en",0,124,2,0,3,0,FALSE,FALSE,FALSE,FALSE,"closed","154",NA,"109146","109146","Environmental Sustainability in Business","Marketing","Business, Management and Accounting","Social Sciences","Energy Economics","journal","0140-9883","2026-01-17T00:00:00","2026-01-24T23:23:39.755997"
"S94499970","ep","W7124678329","10.1016/j.eneco.2026.109154",NA,NA,"Why regulations fail? Environmental regulations, bargaining power, and strategic-political CSR in China",2026,"2026-01-19","article","en",0,60,1,1,4,0,FALSE,FALSE,FALSE,FALSE,"closed","154",NA,"109154","109154","Energy, Environment, Economic Growth","Economics and Econometrics","Economics, Econometrics and Finance","Social Sciences","Energy Economics","journal","0140-9883","2026-01-20T00:00:00","2026-01-24T23:23:39.755997"
"S94499970","ep","W7124736351","10.1016/j.eneco.2026.109151",NA,NA,"Climate policy and firm cross-regional investment: Evidence from China",2026,"2026-01-19","article","en",0,44,1,1,2,0,FALSE,FALSE,FALSE,FALSE,"closed","154",NA,"109151","109151","Energy, Environment, Economic Growth","Economics and Econometrics","Economics, Econometrics and Finance","Social Sciences","Energy Economics","journal","0140-9883","2026-01-20T00:00:00","2026-01-26T23:06:41.788003"
"S94499970","ep","W7124917284","10.1016/j.eneco.2026.109153",NA,NA,"A pathway towards energy transition: Urbanization and clean fuel adoption in Chinese homes",2026,"2026-01-20","article","en",0,40,1,1,1,0,FALSE,FALSE,FALSE,FALSE,"closed","154",NA,"109153","109153","Energy and Environment Impacts","Pollution","Environmental Science","Physical Sciences","Energy Economics","journal","0140-9883","2026-01-21T00:00:00","2026-01-24T23:23:39.755997"
"S94499970","ep","W7125146429","10.1016/j.eneco.2026.109160",NA,NA,"Carbon–agriculture market connectedness under the EU ETS: Evidence on sectoral heterogeneity and market states",2026,"2026-01-21","article","en",0,57,1,2,2,0,FALSE,FALSE,FALSE,FALSE,"closed","154",NA,"109160","109160","Market Dynamics and Volatility","Economics and Econometrics","Economics, Econometrics and Finance","Social Sciences","Energy Economics","journal","0140-9883","2026-01-22T00:00:00","2026-01-25T23:04:38.658462"
"S94499970","ep","W7125490365","10.1016/j.eneco.2026.109161",NA,NA,"Impacts of market shocks and policy interventions on electric vehicle diffusion: An agent-based model",2026,"2026-01-22","article","en",0,47,1,1,3,0,FALSE,FALSE,FALSE,FALSE,"closed","155",NA,"109161","109161","Electric Vehicles and Infrastructure","Electrical and Electronic Engineering","Engineering","Physical Sciences","Energy Economics","journal","0140-9883","2026-01-24T00:00:00","2026-02-06T02:01:19.302388"
"S94499970","ep","W7125529325","10.1016/j.eneco.2026.109158",NA,NA,"Coal-fired peak regulation for integrating photovoltaic and wind power: Impact analysis and optimization of capacity tariff",2026,"2026-01-23","article","en",0,15,1,1,2,0,FALSE,FALSE,FALSE,FALSE,"closed","155",NA,"109158","109158","Integrated Energy Systems Optimization","Electrical and Electronic Engineering","Engineering","Physical Sciences","Energy Economics","journal","0140-9883","2026-01-24T00:00:00","2026-02-03T00:53:05.648605"
"S94499970","ep","W7125935262","10.1016/j.eneco.2026.109165",NA,NA,"The effect of demand uncertainty on the optimal capacity mix of a wholesale electricity market",2026,"2026-01-28","article","en",0,30,1,2,3,0,FALSE,FALSE,FALSE,TRUE,"hybrid","155",NA,"109165","109165","Electric Power System Optimization","Electrical and Electronic Engineering","Engineering","Physical Sciences","Energy Economics","journal","0140-9883","2026-01-29T00:00:00","2026-02-06T02:01:19.302388"
"S94499970","ep","W7126071072","10.1016/j.eneco.2026.109172",NA,NA,"Clean vehicle ownership: Implications for effective policy interventions",2026,"2026-01-29","article","en",0,55,3,1,4,0,FALSE,FALSE,FALSE,TRUE,"hybrid","155",NA,"109172","109172","Electric Vehicles and Infrastructure","Electrical and Electronic Engineering","Engineering","Physical Sciences","Energy Economics","journal","0140-9883","2026-01-30T00:00:00","2026-02-26T08:16:20.718346"
"S94499970","ep","W7126100751","10.1016/j.eneco.2026.109175",NA,NA,"The impacts of community solar projects on housing prices: Evidence from Maryland, the U.S",2026,"2026-01-30","article","en",0,47,1,2,5,0,FALSE,FALSE,FALSE,TRUE,"hybrid","155",NA,"109175","109175","Sustainability and Climate Change Governance","Global and Planetary Change","Environmental Science","Physical Sciences","Energy Economics","journal","0140-9883","2026-01-30T00:00:00","2026-02-06T02:01:19.302388"
"S94499970","ep","W7126173738","10.1016/j.eneco.2026.109155",NA,NA,"Clean energy-based rural domestic energy use transformation: A tripartite evolutionary game model analysis",2026,"2026-01-31","article","en",0,57,1,1,2,0,FALSE,FALSE,FALSE,FALSE,"closed","155",NA,"109155","109155","Energy and Environment Impacts","Pollution","Environmental Science","Physical Sciences","Energy Economics","journal","0140-9883","2026-02-01T00:00:00","2026-02-07T06:11:34.122080"
"S94499970","ep","W7126370545","10.1016/j.eneco.2026.109162",NA,NA,"Unraveling the determinants of air pollutant emissions: A production-theoretical decomposition analysis with endogenous direction vectors",2026,"2026-01-31","article","en",0,48,1,1,4,0,FALSE,FALSE,FALSE,FALSE,"closed","155",NA,"109162","109162","Environmental Impact and Sustainability","Environmental Engineering","Environmental Science","Physical Sciences","Energy Economics","journal","0140-9883","2026-02-02T00:00:00","2026-02-07T06:11:34.122080"
"S94499970","ep","W7127048614","10.1016/j.eneco.2026.109168",NA,NA,"Large scale renewable energy deployment reduces regional economic inequality:Evidence from China",2026,"2026-02-01","article","en",0,68,1,1,6,0,FALSE,FALSE,FALSE,FALSE,"closed","155",NA,"109168","109168","Social Acceptance of Renewable Energy","Sociology and Political Science","Social Sciences","Social Sciences","Energy Economics","journal","0140-9883","2026-02-03T00:00:00","2026-02-08T09:19:03.324500"
"S94499970","ep","W7127151536","10.1016/j.eneco.2026.109174",NA,NA,"Carbon pricing effects on renewables: Evidence from California's electricity market",2026,"2026-02-02","article","en",0,36,1,1,3,0,FALSE,FALSE,FALSE,TRUE,"hybrid","155",NA,"109174","109174","Integrated Energy Systems Optimization","Electrical and Electronic Engineering","Engineering","Physical Sciences","Energy Economics","journal","0140-9883","2026-02-03T00:00:00","2026-02-23T20:09:44.859080"
"S94499970","ep","W7127287910","10.1016/j.eneco.2026.109178",NA,NA,"Identifying and understanding disruptive energy technologies: A data-driven integrated approach",2026,"2026-02-03","article","en",0,43,1,1,4,0,FALSE,FALSE,FALSE,FALSE,"closed","155",NA,"109178","109178","Water-Energy-Food Nexus Studies","Water Science and Technology","Environmental Science","Physical Sciences","Energy Economics","journal","0140-9883","2026-02-04T00:00:00","2026-02-23T20:09:44.859080"
"S94499970","ep","W7127325135","10.1016/j.eneco.2026.109159",NA,NA,"Monetary policy and energy installation: Implications for the European green transition",2026,"2026-02-03","article","en",0,51,1,0,3,0,FALSE,FALSE,FALSE,TRUE,"hybrid","155",NA,"109159","109159","Sustainable Finance and Green Bonds","Finance","Economics, Econometrics and Finance","Social Sciences","Energy Economics","journal","0140-9883","2026-02-04T00:00:00","2026-02-12T06:13:03.167441"
"S94499970","ep","W7127969371","10.1016/j.eneco.2026.109190",NA,NA,"Improvement of carbon price prediction with social factors and mixed-frequency unstructured data",2026,"2026-02-05","article","en",0,47,1,2,6,0,FALSE,FALSE,FALSE,FALSE,"closed","155",NA,"109190","109190","Market Dynamics and Volatility","Economics and Econometrics","Economics, Econometrics and Finance","Social Sciences","Energy Economics","journal","0140-9883","2026-02-07T00:00:00","2026-02-11T14:41:00.668223"
"S94499970","ep","W7128030725","10.1016/j.eneco.2026.109149",NA,NA,"Climate change and corporate financialization: International evidence",2026,"2026-02-05","article","en",0,60,1,2,3,0,FALSE,FALSE,FALSE,FALSE,"closed","155",NA,"109149","109149","Housing, Finance, and Neoliberalism","Finance","Economics, Econometrics and Finance","Social Sciences","Energy Economics","journal","0140-9883","2026-02-07T00:00:00","2026-02-12T06:13:03.167441"
"S94499970","ep","W7128164827","10.1016/j.eneco.2026.109142",NA,NA,"How do households react to a real cost shock? Evidence from the energy price crisis in Germany",2026,"2026-02-06","article","en",0,31,1,1,4,0,FALSE,FALSE,FALSE,TRUE,"hybrid","155",NA,"109142","109142","Energy Efficiency and Management","Renewable Energy, Sustainability and the Environment","Energy","Physical Sciences","Energy Economics","journal","0140-9883","2026-01-16T00:00:00","2026-02-12T06:13:03.167441"
"S94499970","ep","W7128292626","10.1016/j.eneco.2026.109166",NA,NA,"Government backed credit guarantee schemes for offtaker counterparty risk under corporate power purchase agreements",2026,"2026-02-07","article","en",0,31,1,0,2,0,FALSE,FALSE,FALSE,TRUE,"hybrid","155",NA,"109166","109166","Credit Risk and Financial Regulations","Finance","Economics, Econometrics and Finance","Social Sciences","Energy Economics","journal","0140-9883","2026-02-08T00:00:00","2026-02-13T13:36:01.753593"
"S94499970","ep","W7128296515","10.1016/j.eneco.2026.109193",NA,NA,"Five stylized facts on ownership, specialization, and investment in global power assets",2026,"2026-02-07","article","en",0,30,1,2,1,0,FALSE,FALSE,FALSE,TRUE,"hybrid","155",NA,"109193","109193","Sustainability and Climate Change Governance","Global and Planetary Change","Environmental Science","Physical Sciences","Energy Economics","journal","0140-9883","2026-02-08T00:00:00","2026-02-13T13:36:01.753593"
"S94499970","ep","W7128405604","10.1016/j.eneco.2026.109189",NA,NA,"Bridging labor rights and energy efficiency: The role of social security contributions",2026,"2026-02-08","article","en",0,77,1,0,2,0,FALSE,FALSE,FALSE,FALSE,"closed","155",NA,"109189","109189","Labor market dynamics and wage inequality","Economics and Econometrics","Economics, Econometrics and Finance","Social Sciences","Energy Economics","journal","0140-9883","2026-02-10T00:00:00","2026-02-17T06:05:46.635709"
"S94499970","ep","W7128511152","10.1016/j.eneco.2026.109200",NA,NA,"Electric vehicles to the grid: Costs, benefits, and pricing mechanisms",2026,"2026-02-10","article","en",0,40,1,1,2,0,FALSE,FALSE,FALSE,FALSE,"closed","155",NA,"109200","109200","Electric Vehicles and Infrastructure","Electrical and Electronic Engineering","Engineering","Physical Sciences","Energy Economics","journal","0140-9883","2026-02-11T00:00:00","2026-02-13T13:36:01.753593"
"S94499970","ep","W7128607163","10.1016/j.eneco.2026.109199",NA,NA,"Ambiguity about volatility in the commodity futures market",2026,"2026-02-12","article","en",0,55,1,0,3,0,FALSE,FALSE,FALSE,FALSE,"closed","155",NA,"109199","109199","Market Dynamics and Volatility","Economics and Econometrics","Economics, Econometrics and Finance","Social Sciences","Energy Economics","journal","0140-9883","2026-02-12T00:00:00","2026-02-25T06:17:34.324206"
"S94499970","ep","W7128637402","10.1016/j.eneco.2026.109179",NA,NA,"Growth dynamics and sustainability of BRICS economies under climate uncertainty",2026,"2026-02-12","article","en",0,62,1,0,3,0,FALSE,FALSE,FALSE,FALSE,"closed","155",NA,"109179","109179","Energy, Environment, Economic Growth","Economics and Econometrics","Economics, Econometrics and Finance","Social Sciences","Energy Economics","journal","0140-9883","2026-02-12T00:00:00","2026-02-25T06:17:34.324206"
"S94499970","ep","W7128703031","10.1016/j.eneco.2026.109194",NA,NA,"Who invests in energy efficiency in owner-occupied homes in Germany? A configurational analysis of personal and contextual conditions",2026,"2026-02-01","article","en",0,59,1,1,2,0,FALSE,FALSE,FALSE,FALSE,"closed",NA,NA,"109194","109194","Qualitative Comparative Analysis Research","Sociology and Political Science","Social Sciences","Social Sciences","Energy Economics","journal","0140-9883","2026-02-13T00:00:00","2026-02-15T05:58:04.055770"
"S94499970","ep","W7128737259","10.1016/j.eneco.2026.109201",NA,NA,"Artificial intelligence and green development: Evidence from China on efficiency and equity",2026,"2026-02-13","article","en",0,69,1,1,1,0,FALSE,FALSE,FALSE,FALSE,"closed","155",NA,"109201","109201","Energy, Environment, Economic Growth","Economics and Econometrics","Economics, Econometrics and Finance","Social Sciences","Energy Economics","journal","0140-9883","2026-02-13T00:00:00","2026-02-19T06:27:42.648592"
"S94499970","ep","W7128963301","10.1016/j.eneco.2026.109205",NA,NA,"Time-varying human capital and energy consumption for a panel of OECD countries in the long-run",2026,"2026-02-15","article","en",0,77,1,0,3,0,FALSE,FALSE,FALSE,FALSE,"closed","155",NA,"109205","109205","Economic Growth and Productivity","Economics and Econometrics","Economics, Econometrics and Finance","Social Sciences","Energy Economics","journal","0140-9883","2026-02-16T00:00:00","2026-02-19T06:27:42.648592"
"S94499970","ep","W7129024537","10.1016/j.eneco.2026.109207",NA,NA,"Do value-added tax incentives encourage corporate risk-taking and growth in the new energy sector? Evidence from Chinese listed firms",2026,"2026-02-17","article","en",0,41,1,1,3,0,FALSE,FALSE,FALSE,FALSE,"closed","155",NA,"109207","109207","Innovation Policy and R&D","Economics and Econometrics","Economics, Econometrics and Finance","Social Sciences","Energy Economics","journal","0140-9883","2026-02-17T00:00:00","2026-02-24T06:16:03.338239"
"S94499970","ep","W7129102452","10.1016/j.eneco.2026.109204",NA,NA,"Special issue of energy economics: Sustainable governance and energy transition",2026,"2026-02-17","article","en",0,10,1,2,3,0,FALSE,FALSE,FALSE,FALSE,"closed","155",NA,"109204","109204","Sustainability and Climate Change Governance","Global and Planetary Change","Environmental Science","Physical Sciences","Energy Economics","journal","0140-9883","2026-02-17T00:00:00","2026-02-22T13:39:03.778224"
"S94499970","ep","W7129782053","10.1016/j.eneco.2026.109206",NA,NA,"Decision-making on the timing of CCS technology adoption in coal power enterprises under multiple uncertainties",2026,"2026-02-17","article","en",0,38,1,2,4,0,FALSE,FALSE,FALSE,FALSE,"closed","155",NA,"109206","109206","Capital Investment and Risk Analysis","Finance","Economics, Econometrics and Finance","Social Sciences","Energy Economics","journal","0140-9883","2026-02-18T00:00:00","2026-02-20T06:14:18.993340"
"S94499970","ep","W7129966658","10.1016/j.eneco.2026.109209",NA,NA,"Energy Poverty has a justice dimension: Comparing Bolivia, Côte d’Ivoire and France",2026,"2026-02-17","article","en",0,28,1,2,3,0,FALSE,FALSE,FALSE,FALSE,"closed","155",NA,"109209","109209","Energy and Environment Impacts","Pollution","Environmental Science","Physical Sciences","Energy Economics","journal","0140-9883","2026-02-18T00:00:00","2026-02-24T06:16:03.338239"
"S94499970","ep","W7130328600","10.1016/j.eneco.2026.109210",NA,NA,"The role of artificial intelligence in global green energy products trade pattern evolution: Based on the international trade network perspective",2026,"2026-02-19","article","en",0,64,1,1,3,0,FALSE,FALSE,FALSE,FALSE,"closed","155",NA,"109210","109210","Energy, Environment, Economic Growth","Economics and Econometrics","Economics, Econometrics and Finance","Social Sciences","Energy Economics","journal","0140-9883","2026-02-19T00:00:00","2026-02-26T08:16:20.718346"
"S94499970","ep","W7130328674","10.1016/j.eneco.2026.109212",NA,NA,"When lenders go green, do borrowers follow? Evidence from the response of corporate green innovation to bank's sustainability commitments",2026,"2026-02-19","article","en",0,53,1,1,3,0,FALSE,FALSE,FALSE,FALSE,"closed","155",NA,"109212","109212","Corporate Social Responsibility Reporting","Strategy and Management","Business, Management and Accounting","Social Sciences","Energy Economics","journal","0140-9883","2026-02-19T00:00:00","2026-02-25T06:17:34.324206"
"S94499970","ep","W7130338873","10.1016/j.eneco.2026.109202",NA,NA,"The impact of solar panel installation on electricity consumption and production: A firm’s perspective",2026,"2026-02-01","article","en",0,29,1,2,2,0,FALSE,FALSE,FALSE,FALSE,"closed",NA,NA,"109202","109202","Energy, Environment, and Transportation Policies","Renewable Energy, Sustainability and the Environment","Energy","Physical Sciences","Energy Economics","journal","0140-9883","2026-02-19T00:00:00","2026-02-20T06:14:18.993340"
"S94499970","ep","W7130359145","10.1016/j.eneco.2026.109196",NA,NA,"Assessing Rwanda’s National electrification strategy: Impact and trade-offs",2026,"2026-02-01","article","en",0,66,1,2,4,0,FALSE,FALSE,FALSE,FALSE,"closed",NA,NA,"109196","109196","Energy and Environment Impacts","Pollution","Environmental Science","Physical Sciences","Energy Economics","journal","0140-9883","2026-02-19T00:00:00","2026-02-20T06:14:18.993340"
"S94499970","ep","W7130725287","10.1016/j.eneco.2026.109219",NA,NA,"Does global value chain participation reduce energy resilience? Evidence from China",2026,"2026-02-21","article","en",0,56,1,1,4,0,FALSE,FALSE,FALSE,FALSE,"closed","155",NA,"109219","109219","Sustainable Supply Chain Management","Strategy and Management","Business, Management and Accounting","Social Sciences","Energy Economics","journal","0140-9883","2026-02-21T00:00:00","2026-02-25T06:17:34.324206"
"S94499970","ep","W7130846235","10.1016/j.eneco.2026.109221",NA,NA,"Will hydrogen prolong the price coupling between gas and electricity?",2026,"2026-02-21","article","en",0,30,1,1,6,0,FALSE,FALSE,FALSE,TRUE,"hybrid","155",NA,"109221","109221","Integrated Energy Systems Optimization","Electrical and Electronic Engineering","Engineering","Physical Sciences","Energy Economics","journal","0140-9883","2026-02-22T00:00:00","2026-02-25T06:17:34.324206"
"S94499970","ep","W7130861666","10.1016/j.eneco.2026.109215",NA,NA,"The power of digital empowerment in the process of energy low-carbon transition: Dimension decomposition and path exploration",2026,"2026-02-21","article","en",0,62,1,4,4,0,FALSE,FALSE,FALSE,FALSE,"closed","155",NA,"109215","109215","Energy, Environment, Economic Growth","Economics and Econometrics","Economics, Econometrics and Finance","Social Sciences","Energy Economics","journal","0140-9883","2026-02-22T00:00:00","2026-02-25T06:17:34.324206"
"S94499970","ep","W7130940107","10.1016/j.eneco.2026.109217",NA,NA,"Environmental regulation and energy poverty: Straw-burning bans in China",2026,"2026-02-01","article","en",0,63,1,1,3,0,FALSE,FALSE,FALSE,TRUE,"hybrid",NA,NA,"109217","109217","Energy and Environment Impacts","Pollution","Environmental Science","Physical Sciences","Energy Economics","journal","0140-9883","2026-02-23T00:00:00","2026-02-23T06:24:36.507609"
"S94499970","ep","W7131105901","10.1016/j.eneco.2026.109220",NA,NA,"Sticky growth, sticky carbon: Bayesian joint modelling evidence on a growth-carbon lock-in in emerging economies",2026,"2026-02-01","article","en",0,39,1,3,3,0,FALSE,FALSE,FALSE,FALSE,"closed",NA,NA,"109220","109220","Energy, Environment, Economic Growth","Economics and Econometrics","Economics, Econometrics and Finance","Social Sciences","Energy Economics","journal","0140-9883","2026-02-24T00:00:00","2026-02-24T06:20:37.074948"
"S94499970","ep","W7131238964","10.1016/j.eneco.2026.109222",NA,NA,"Do financial technology and clean bonds reshape risk spillovers in sectoral equity markets? A quantile-based assessment using the US case",2026,"2026-02-01","article","en",0,54,1,6,4,0,FALSE,FALSE,FALSE,FALSE,"closed",NA,NA,"109222","109222","Financial Risk and Volatility Modeling","Finance","Economics, Econometrics and Finance","Social Sciences","Energy Economics","journal","0140-9883","2026-02-25T00:00:00","2026-02-25T21:11:00.739837"
"S94499970","ep","W7131277048","10.1016/j.eneco.2026.109208",NA,NA,"Fuel subsidy removal and monetary policy adjustments in an oil-producing emerging economy",2026,"2026-02-24","article","en",0,61,1,2,3,0,FALSE,FALSE,FALSE,FALSE,"closed","156",NA,"109208","109208","Energy, Environment, and Transportation Policies","Renewable Energy, Sustainability and the Environment","Energy","Physical Sciences","Energy Economics","journal","0140-9883","2026-02-25T00:00:00","2026-02-25T21:11:00.739837"
"S94499970","ep","W7131290508","10.1016/j.eneco.2026.109226",NA,NA,"How to sustainably spur R&amp;D of energy storage? Policy options and combinations",2026,"2026-02-01","article","en",0,79,1,1,4,0,FALSE,FALSE,FALSE,FALSE,"closed",NA,NA,"109226","109226","Capital Investment and Risk Analysis","Finance","Economics, Econometrics and Finance","Social Sciences","Energy Economics","journal","0140-9883","2026-02-25T00:00:00","2026-02-25T06:22:25.187761"
"S175056054","ep","W1982366396","10.1016/j.enpol.2007.10.029",NA,"1982366396","Price drivers and structural breaks in European carbon prices 2005–2007",2008,"2008-01-14","preprint","en",483,11,4,1,3,81.35975674,FALSE,FALSE,FALSE,FALSE,"closed","36","2","787","797","Climate Change Policy and Economics","Economics and Econometrics","Economics, Econometrics and Finance","Social Sciences","Energy Policy","journal","0301-4215","2025-10-10T00:00:00","2026-02-09T09:26:11.010843"
"S175056054","ep","W1593355387","10.1016/j.enpol.2008.11.012",NA,"1593355387","An econometric study of CO2 emissions, energy consumption, income and foreign trade in Turkey",2009,"2009-01-02","preprint","en",115,50,4,1,1,4.33634506,FALSE,FALSE,FALSE,FALSE,"closed","37","3","1156","1164","Energy, Environment, Economic Growth","Economics and Econometrics","Economics, Econometrics and Finance","Social Sciences","Energy Policy","journal","0301-4215","2025-10-10T00:00:00","2026-02-09T09:26:11.010843"
"S175056054","ep","W1987312824","10.1016/j.enpol.2012.08.024",NA,"1987312824","RETRACTED: Delivering power system transition in China",2012,"2012-08-30","article","en",46,53,1,1,3,1.7185,TRUE,FALSE,FALSE,FALSE,"closed","50",NA,"751","772","Integrated Energy Systems Optimization","Electrical and Electronic Engineering","Engineering","Physical Sciences","Energy Policy","journal","0301-4215","2025-10-10T00:00:00","2025-11-06T03:46:38.306776"
"S175056054","ep","W2513444102","10.1016/j.enpol.2016.09.002",NA,"2513444102","Financial development and environmental quality: The way forward",2016,"2016-09-11","preprint","en",31,58,4,1,4,0.6465162,FALSE,FALSE,FALSE,FALSE,"closed","98",NA,"353","364","Energy, Environment, Economic Growth","Economics and Econometrics","Economics, Econometrics and Finance","Social Sciences","Energy Policy","journal","0301-4215","2025-10-10T00:00:00","2026-02-09T09:26:11.010843"
"S175056054","ep","W3025558753","10.5772/intechopen.90872",NA,"3025558753","Towards Energy Security for the Twenty-First Century",2020,"2020-05-28","book-chapter","en",22,50,2,0,1,14.2378,FALSE,FALSE,FALSE,TRUE,"hybrid",NA,NA,NA,NA,"Global Energy Security and Policy","General Energy","Energy","Physical Sciences","Energy Policy","journal","0301-4215","2025-10-10T00:00:00","2025-11-06T03:46:38.306776"
"S175056054","ep","W3030299711","10.1016/j.enpol.2020.111630",NA,"3030299711","Power systems expansion planning with time-varying CO<mml:math xmlns:mml=""http://www.w3.org/1998/Math/MathML"" display=""inline"" id=""d1e1511"" altimg=""si36.svg""><mml:msub><mml:mrow/><mml:mrow><mml:mn>2</mml:mn></mml:mrow></mml:msub></mml:math> tax",2020,"2020-05-26","article","lv",21,57,1,1,2,2.8588,FALSE,FALSE,FALSE,FALSE,"closed","144",NA,"111630","111630","Climate Change Policy and Economics","Economics and Econometrics","Economics, Econometrics and Finance","Social Sciences","Energy Policy","journal","0301-4215","2025-10-10T00:00:00","2025-11-06T03:46:38.306776"
"S175056054","ep","W7118582071","10.1016/j.enpol.2025.115065",NA,NA,"Energy policy and citizens’ perceptions: The role of PV+BES systems in driving a sustainable energy transition",2026,"2026-01-06","article","en",1,86,2,0,5,134.5651,FALSE,FALSE,FALSE,TRUE,"hybrid","210",NA,"115065","115065","Social Acceptance of Renewable Energy","Sociology and Political Science","Social Sciences","Social Sciences","Energy Policy","journal","0301-4215","2026-01-08T00:00:00","2026-02-25T23:00:34.991745"
"S175056054","ep","W7118719975","10.1016/j.enpol.2025.115051",NA,NA,"How representative is SDG7 of energy poverty in politically unstable landscapes? Guiding measurement and monitoring from perceptions to realities",2026,"2026-01-07","article","en",1,95,1,0,2,60.9157,FALSE,FALSE,FALSE,FALSE,"closed","210",NA,"115051","115051","Energy and Environment Impacts","Pollution","Environmental Science","Physical Sciences","Energy Policy","journal","0301-4215","2026-01-08T00:00:00","2026-01-08T20:10:11.968330"
"S175056054","ep","W3123479721","10.1016/j.enpol.2010.09.034",NA,"3123479721","The economics of renewable energy expansion in rural Sub-Saharan Africa",2010,"2010-10-14","preprint","en",26,17,6,0,4,0.98882497,FALSE,FALSE,FALSE,TRUE,"green","39","1","215","227","Energy and Environment Impacts","Pollution","Environmental Science","Physical Sciences","Energy Policy","journal","0301-4215","2025-10-10T00:00:00","2026-02-09T09:26:11.010843"
"S175056054","ep","W2510420607","10.1016/j.enpol.2016.08.011",NA,"2510420607","Time-varying analysis of CO2 emissions, energy consumption, and economic growth nexus: Statistical experience in next 11 countries",2016,"2016-08-20","preprint","en",20,92,4,5,4,4.52561337,FALSE,FALSE,FALSE,FALSE,"closed","98",NA,"33","48","Energy, Environment, Economic Growth","Economics and Econometrics","Economics, Econometrics and Finance","Social Sciences","Energy Policy","journal","0301-4215","2025-10-10T00:00:00","2026-02-09T09:26:11.010843"
"S175056054","ep","W2023801980","10.1016/j.enpol.2012.06.045",NA,"2023801980","Corrigendum to “Missing carbon reductions? Exploring rebound and backfire effects in UK households” [Energy Policy 39 (2011) 3572–3581]",2012,"2012-07-18","erratum","en",14,32,6,1,4,0,FALSE,FALSE,FALSE,FALSE,"closed","49",NA,"778","778","Energy, Environment, and Transportation Policies","Renewable Energy, Sustainability and the Environment","Energy","Physical Sciences","Energy Policy","journal","0301-4215","2016-06-24T00:00:00","2026-02-09T09:26:11.010843"
"S175056054","ep","W3015483746","10.1016/j.enpol.2020.111459","32292229","3015483746","The continuing evolution of Energy Policy",2020,"2020-04-01","editorial","en",14,1,5,8,9,2.55824143,FALSE,FALSE,TRUE,TRUE,"bronze","139",NA,"111459","111459","Global Energy Security and Policy","General Energy","Energy","Physical Sciences","Energy Policy","journal","0301-4215","2020-04-17T00:00:00","2026-02-09T09:26:11.010843"
"S175056054","ep","W2538095539","10.1016/j.enpol.2016.09.007",NA,"2538095539","Editorial: Special issue on energy policy for the future of Small Island Developing States (SIDS)",2016,"2016-10-21","editorial","en",9,12,1,5,6,4.65342414,FALSE,FALSE,FALSE,FALSE,"closed","98",NA,"650","652","Island Studies and Pacific Affairs","Demography","Social Sciences","Social Sciences","Energy Policy","journal","0301-4215","2025-10-10T00:00:00","2025-11-06T03:46:38.306776"
"S175056054","ep","W4400204865","10.1016/j.enpol.2024.114237",NA,NA,"Guest Editorial: Special Issue on “Sustainable urban energy systems – Governance and citizen involvement”",2024,"2024-07-01","editorial","en",5,46,1,1,3,10.47990877,FALSE,FALSE,FALSE,TRUE,"hybrid","192",NA,"114237","114237","Social Acceptance of Renewable Energy","Sociology and Political Science","Social Sciences","Social Sciences","Energy Policy","journal","0301-4215","2025-10-10T00:00:00","2025-11-06T03:46:38.306776"
"S175056054","ep","W1570435908","10.1016/j.enpol.2013.05.058",NA,"1570435908","Trivariate causality between economic growth, urbanisation and electricity consumption in Angola: Cointegration and causality analysis",2013,"2013-06-13","preprint","en",12,80,4,2,2,2.77545268,FALSE,FALSE,FALSE,FALSE,"closed","60",NA,"876","884","Energy, Environment, Economic Growth","Economics and Econometrics","Economics, Econometrics and Finance","Social Sciences","Energy Policy","journal","0301-4215","2025-10-10T00:00:00","2026-02-09T09:26:11.010843"
"S175056054","ep","W3122430823","10.1016/j.enpol.2013.03.006",NA,"3122430823","Evaluation of different hedging strategies for commodity price risks of industrial cogeneration plants",2013,"2013-05-08","preprint","en",10,29,10,1,3,4.85704219,FALSE,FALSE,FALSE,TRUE,"green","59",NA,"143","160","Market Dynamics and Volatility","Economics and Econometrics","Economics, Econometrics and Finance","Social Sciences","Energy Policy","journal","0301-4215","2025-10-10T00:00:00","2026-02-09T09:26:11.010843"
"S175056054","ep","W3197166520","10.1016/j.enpol.2021.112615",NA,"3197166520","Keep it green, simple and socially fair: A choice experiment on prosumers’ preferences for peer-to-peer electricity trading in the Netherlands",2021,"2021-10-11","preprint","en",8,53,7,1,4,0.55008854,FALSE,FALSE,FALSE,TRUE,"hybrid","159",NA,"112615","112615","Smart Grid Energy Management","Electrical and Electronic Engineering","Engineering","Physical Sciences","Energy Policy","journal","0301-4215","2025-10-10T00:00:00","2026-02-20T08:17:22.645390"
"S175056054","ep","W1551153679","10.1016/j.enpol.2006.02.013",NA,"1551153679","Electricity demand analysis using cointegration and ARIMA modelling: A case study of Turkey",2006,"2006-04-18","preprint","en",13,30,4,1,1,0,FALSE,FALSE,FALSE,FALSE,"closed","35","2","1129","1146","Electric Power System Optimization","Electrical and Electronic Engineering","Engineering","Physical Sciences","Energy Policy","journal","0301-4215","2025-10-10T00:00:00","2026-02-09T09:26:11.010843"
"S175056054","ep","W1981009176","10.1016/j.enpol.2012.03.074",NA,"1981009176","CO2 emissions and economic activity: Heterogeneity across countries and non-stationary series",2012,"2012-05-01","preprint","en",7,45,8,1,2,1.34598333,FALSE,FALSE,FALSE,TRUE,"green","46",NA,"370","381","Energy, Environment, Economic Growth","Economics and Econometrics","Economics, Econometrics and Finance","Social Sciences","Energy Policy","journal","0301-4215","2025-10-10T00:00:00","2026-02-09T09:26:11.010843"
"S175056054","ep","W3034669396","10.1016/j.enpol.2021.112324",NA,"3034669396","Mapping fuel poverty risk at the municipal level. A small-scale analysis of Italian Energy Performance Certificate, census and survey data",2021,"2021-05-12","preprint","en",5,24,7,3,4,0.66162424,FALSE,FALSE,FALSE,TRUE,"green","155",NA,"112324","112324","Housing Market and Economics","Economics and Econometrics","Economics, Econometrics and Finance","Social Sciences","Energy Policy","journal","0301-4215","2025-10-10T00:00:00","2026-02-16T07:36:33.822630"
"S175056054","ep","W3134827504","10.1016/j.enpol.2021.112423",NA,"3134827504","The multi-level economic impacts of deep decarbonization strategies for the energy system",2021,"2021-06-30","preprint","en",5,33,11,2,4,0.92,FALSE,FALSE,TRUE,TRUE,"hybrid","156",NA,"112423","112423","Climate Change Policy and Economics","Economics and Econometrics","Economics, Econometrics and Finance","Social Sciences","Energy Policy","journal","0301-4215","2025-10-10T00:00:00","2026-02-26T08:16:20.718346"
"S175056054","ep","W2907292084","10.5772/intechopen.81482",NA,"2907292084","Determinants of Energy Demand Efficiency: Evidence from Japan’s Industrial Sector",2019,"2019-02-07","book-chapter","en",4,39,1,0,1,6.4551,FALSE,FALSE,TRUE,TRUE,"hybrid",NA,NA,NA,NA,"Energy, Environment, Economic Growth","Economics and Econometrics","Economics, Econometrics and Finance","Social Sciences","Energy Policy","journal","0301-4215","2025-10-10T00:00:00","2025-11-06T03:46:38.306776"
"S175056054","ep","W1511257893","10.1016/j.enpol.2008.12.026",NA,"1511257893","Economic potential of renewable energy in Vietnam's power sector",2009,"2009-02-18","preprint","en",2,15,5,1,2,0,FALSE,FALSE,FALSE,TRUE,"gold","37","5","1601","1613","Global Energy and Sustainability Research","Renewable Energy, Sustainability and the Environment","Energy","Physical Sciences","Energy Policy","journal","0301-4215","2025-10-10T00:00:00","2026-02-09T09:26:11.010843"
"S175056054","ep","W2790883238","10.1016/j.enpol.2014.06.031",NA,"2790883238","Is Germany׳s energy transition a case of successful green industrial policy? Contrasting wind and solar PV",2014,"2014-07-29","preprint","en",2,25,4,0,2,0.11494721,FALSE,FALSE,FALSE,FALSE,"closed","74",NA,"522","534","Renewable Energy and Sustainability","Renewable Energy, Sustainability and the Environment","Energy","Physical Sciences","Energy Policy","journal","0301-4215","2025-10-10T00:00:00","2026-02-09T09:26:11.010843"
"S175056054","ep","W3121345581","10.1016/j.enpol.2016.08.022",NA,"3121345581","Energy efficiency consultants as change agents? Examining the reasons for EECs’ limited success",2016,"2016-09-11","preprint","en",2,50,4,1,2,0.28753824,FALSE,FALSE,TRUE,TRUE,"green","98",NA,"309","317","Sustainable Building Design and Assessment","Building and Construction","Engineering","Physical Sciences","Energy Policy","journal","0301-4215","2025-10-10T00:00:00","2026-02-09T09:26:11.010843"
"S175056054","ep","W2128139818","10.1016/j.enpol.2009.04.046",NA,"2128139818","Cointegration and the demand for gasoline",2009,"2009-06-10","preprint","en",4,29,5,2,2,0.34330405,FALSE,FALSE,FALSE,FALSE,"closed","37","10","3978","3983","Energy, Environment, and Transportation Policies","Renewable Energy, Sustainability and the Environment","Energy","Physical Sciences","Energy Policy","journal","0301-4215","2025-10-10T00:00:00","2026-02-09T09:26:11.010843"
"S175056054","ep","W2912662912","10.1016/j.enpol.2021.112698",NA,"2912662912","How effective is carbon taxation on residential heating demand? A household-level analysis",2021,"2021-11-10","preprint","en",3,45,5,1,2,0.10574437,FALSE,FALSE,FALSE,TRUE,"hybrid","160",NA,"112698","112698","Energy, Environment, and Transportation Policies","Renewable Energy, Sustainability and the Environment","Energy","Physical Sciences","Energy Policy","journal","0301-4215","2025-10-10T00:00:00","2026-02-09T09:26:11.010843"
"S175056054","ep","W3083245454","10.1016/j.enpol.2021.112211",NA,"3083245454","The displacement impacts of wind power electricity generation: Costly lessons from Ontario",2021,"2021-03-18","preprint","en",3,24,5,2,3,2.58998723,FALSE,FALSE,TRUE,TRUE,"green","152",NA,"112211","112211","Canadian Policy and Governance","Political Science and International Relations","Social Sciences","Social Sciences","Energy Policy","journal","0301-4215","2025-10-10T00:00:00","2026-02-09T09:26:11.010843"
"S175056054","ep","W3109241169","10.1016/j.enpol.2021.112439",NA,"3109241169","Effects of rescaling the EU energy label on household preferences for top-rated appliances",2021,"2021-07-08","preprint","en",3,23,11,3,3,0.10574437,FALSE,FALSE,FALSE,TRUE,"green","156",NA,"112439","112439","Energy, Environment, and Transportation Policies","Renewable Energy, Sustainability and the Environment","Energy","Physical Sciences","Energy Policy","journal","0301-4215","2025-10-10T00:00:00","2026-02-09T09:26:11.010843"
"S175056054","ep","W3122613936","10.1016/j.enpol.2013.01.004",NA,"3122613936","Promoting renewable electricity generation in emerging economies",2013,"2013-02-04","preprint","en",2,16,7,1,2,0.2365,FALSE,FALSE,FALSE,FALSE,"closed","56",NA,"446","455","Electric Power System Optimization","Electrical and Electronic Engineering","Engineering","Physical Sciences","Energy Policy","journal","0301-4215","2025-10-10T00:00:00","2026-02-26T08:16:20.718346"
"S175056054","ep","W3192063563","10.1016/j.enpol.2021.112578",NA,"3192063563","Impact of LPG promotion program in Ghana: The role of distance to refill",2021,"2021-09-15","preprint","en",2,28,6,2,3,0.12073425,FALSE,FALSE,TRUE,TRUE,"bronze","158",NA,"112578","112578","Energy and Environment Impacts","Pollution","Environmental Science","Physical Sciences","Energy Policy","journal","0301-4215","2025-10-10T00:00:00","2026-02-09T09:26:11.010843"
"S175056054","ep","W1483420429","10.1016/j.enpol.2013.08.098",NA,"1483420429","Electricity prices and generator behaviour in gross pool electricity markets",2013,"2013-10-02","preprint","en",1,32,4,1,2,0.20656357,FALSE,FALSE,FALSE,FALSE,"closed","63",NA,"628","637","Electric Power System Optimization","Electrical and Electronic Engineering","Engineering","Physical Sciences","Energy Policy","journal","0301-4215","2025-10-10T00:00:00","2026-02-09T09:26:11.010843"
"S175056054","ep","W1509480774","10.1016/j.enpol.2011.01.052",NA,"1509480774","The role of coal consumption in the economic growth of the Polish economy in transition",2011,"2011-02-24","preprint","en",1,52,5,1,2,0,FALSE,FALSE,FALSE,FALSE,"closed","39","4","2088","2099","Renewable energy and sustainable power systems","Renewable Energy, Sustainability and the Environment","Energy","Physical Sciences","Energy Policy","journal","0301-4215","2025-10-10T00:00:00","2026-02-09T09:26:11.010843"
"S175056054","ep","W2020804206","10.1016/j.enpol.2013.07.102",NA,"2020804206","On the structure and form of the GDP–nuclear nexus: New perspectives and new findings",2013,"2013-08-20","preprint","en",1,32,9,2,3,0.69386317,FALSE,FALSE,TRUE,TRUE,"green","62",NA,"1553","1561","Energy, Environment, Economic Growth","Economics and Econometrics","Economics, Econometrics and Finance","Social Sciences","Energy Policy","journal","0301-4215","2025-10-10T00:00:00","2026-02-09T09:26:11.010843"
"S175056054","ep","W2966967125","10.1016/j.enpol.2019.110890",NA,"2966967125","Editorial: Perspectives on energy futures, environment and wellbeing",2019,"2019-08-09","editorial","en",1,30,5,6,6,0,FALSE,FALSE,FALSE,TRUE,"green","133",NA,"110890","110890","Energy and Environment Impacts","Pollution","Environmental Science","Physical Sciences","Energy Policy","journal","0301-4215","2019-08-22T00:00:00","2026-02-09T09:26:11.010843"
"S175056054","ep","W3108825291","10.1016/j.enpol.2021.112213",NA,"3108825291","Molehills into mountains: Transitional pressures from household PV-battery adoption under flat retail and feed-in tariffs",2021,"2021-03-10","preprint","en",1,41,6,1,2,0.09168142,FALSE,FALSE,FALSE,TRUE,"green","152",NA,"112213","112213","Smart Grid Energy Management","Electrical and Electronic Engineering","Engineering","Physical Sciences","Energy Policy","journal","0301-4215","2025-10-10T00:00:00","2026-02-09T09:26:11.010843"
"S175056054","ep","W3121677880","10.1016/j.enpol.2016.12.014",NA,"3121677880","Specification of merger gains in the Norwegian electricity distribution industry",2016,"2016-12-13","preprint","en",1,60,6,2,3,0,FALSE,FALSE,TRUE,TRUE,"green","102",NA,"96","107","Efficiency Analysis Using DEA","Management Science and Operations Research","Decision Sciences","Social Sciences","Energy Policy","journal","0301-4215","2025-10-10T00:00:00","2026-02-09T09:26:11.010843"
"S175056054","ep","W3124493128","10.1016/j.enpol.2012.06.024",NA,"3124493128","The future prospect of PV and CSP solar technologies: An expert elicitation survey",2012,"2012-07-11","preprint","en",1,24,7,3,4,0.67299167,FALSE,FALSE,FALSE,TRUE,"gold","49",NA,"308","317","Climate Change Policy and Economics","Economics and Econometrics","Economics, Econometrics and Finance","Social Sciences","Energy Policy","journal","0301-4215","2025-10-10T00:00:00","2026-02-09T09:26:11.010843"
"S175056054","ep","W3121933478","10.1016/j.enpol.2012.02.042",NA,"3121933478","Energy Consumption, Economic Growth and CO2 Emissions in Middle East and North African Countries",2012,"2012-01-01","preprint","en",1,40,12,4,4,0,FALSE,FALSE,TRUE,TRUE,"green","45",NA,"342","349","Energy, Environment, Economic Growth","Economics and Econometrics","Economics, Econometrics and Finance","Social Sciences","Energy Policy","journal","0301-4215","2025-10-10T00:00:00","2026-02-09T09:26:11.010843"
"S175056054","ep","W2186835502","10.1016/j.enpol.2015.07.004",NA,"2186835502","The impact of China's carbon allowance allocation rules on the product prices and emission reduction behaviors of ETS-covered enterprises",2015,"2015-07-12","article","en",183,37,1,2,3,NA,FALSE,FALSE,FALSE,FALSE,"closed","86",NA,"176","185",NA,NA,NA,NA,"Energy Policy","journal","0301-4215","2025-10-10T00:00:00","2026-02-20T08:17:22.645390"
"S175056054","ep","W1978618964","10.1016/0301-4215(74)90017-2",NA,"1978618964","3. Good and services: an input-output analysis",1974,"1974-12-01","article","en",94,8,1,0,1,NA,FALSE,FALSE,FALSE,FALSE,"closed","2","4","307","315",NA,NA,NA,NA,"Energy Policy","journal","0301-4215","2025-10-10T00:00:00","2025-11-06T03:46:38.306776"
"S175056054","ep","W3081958071","10.1016/j.enpol.2020.111753",NA,"3081958071","Russian Arctic offshore petroleum governance: The effects of western sanctions and outlook for northern development",2020,"2020-09-01","article","en",39,44,2,2,3,NA,FALSE,FALSE,TRUE,TRUE,"green","146",NA,"111753","111753",NA,NA,NA,NA,"Energy Policy","journal","0301-4215","2025-10-10T00:00:00","2026-02-09T09:26:11.010843"
"S175056054","ep","W1891151255","10.1016/j.enpol.2015.09.031",NA,"1891151255","The real value of FracFocus as a regulatory tool: A national survey of state regulators",2015,"2015-10-26","article","en",23,12,1,1,3,NA,FALSE,FALSE,FALSE,FALSE,"closed","87",NA,"496","504",NA,NA,NA,NA,"Energy Policy","journal","0301-4215","2025-10-10T00:00:00","2025-11-06T03:46:38.306776"
"S175056054","ep","W1983338036","10.1016/j.enpol.2014.07.023",NA,"1983338036","United States natural gas markets, contracts and risks: What lessons for the European Union and Asia-Pacific natural gas markets?",2014,"2014-08-16","article","en",19,17,1,1,1,NA,FALSE,FALSE,FALSE,FALSE,"closed","74",NA,"28","34",NA,NA,NA,NA,"Energy Policy","journal","0301-4215","2025-10-10T00:00:00","2025-11-06T03:46:38.306776"
"S175056054","ep","W1597496258","10.1016/0301-4215(95)00135-2",NA,"1597496258","Editor's introduction",1996,"1996-04-01","article","en",9,9,1,0,1,NA,FALSE,FALSE,FALSE,FALSE,"closed","24","4","283","284",NA,NA,NA,NA,"Energy Policy","journal","0301-4215","2025-10-10T00:00:00","2025-11-06T03:46:38.306776"
"S175056054","ep","W3022234709","10.1016/j.enpol.2011.04.008",NA,"3022234709","Guest editors’ introduction",2011,"2011-04-22","article","en",7,3,1,3,3,NA,FALSE,FALSE,FALSE,FALSE,"closed","39","7","3883","3884",NA,NA,NA,NA,"Energy Policy","journal","0301-4215","2025-10-10T00:00:00","2025-11-06T03:46:38.306776"
"S175056054","ep","W4391074205","10.1016/j.enpol.2024.113986",NA,NA,"The impact of urban form on residential electricity consumption: Panel data analyses of South Korean urban municipalities",2024,"2024-01-21","article","en",5,55,1,1,2,NA,FALSE,FALSE,FALSE,FALSE,"closed","186",NA,"113986","113986",NA,NA,NA,NA,"Energy Policy","journal","0301-4215","2025-10-10T00:00:00","2026-01-22T23:29:09.771500"
"S175056054","ep","W4415763877","10.1016/j.enpol.2025.114924",NA,NA,"A review of probabilistic resource adequacy assessments in power systems: Methods, applications, and future challenges",2025,"2025-11-01","article","en",4,80,1,0,3,NA,FALSE,FALSE,FALSE,TRUE,"hybrid","209",NA,"114924","114924",NA,NA,NA,NA,"Energy Policy","journal","0301-4215","2025-11-01T00:00:00","2026-02-26T08:16:20.718346"
"S175056054","ep","W4417043224","10.1016/j.enpol.2025.115014",NA,NA,"The impacts of Carbon Border Adjustment Mechanism (CBAM) on international trade and policy responses: from an economic and environmental equity perspective",2025,"2025-12-05","article","en",4,50,1,1,7,NA,FALSE,FALSE,FALSE,FALSE,"closed","210",NA,"115014","115014",NA,NA,NA,NA,"Energy Policy","journal","0301-4215","2025-12-05T00:00:00","2026-02-22T13:39:03.778224"
"S175056054","ep","W4415604838","10.1016/j.enpol.2025.114928",NA,NA,"The synergistic impacts of green finance and the digital economy on urban low-carbon transition: Insights from 293 Chinese cities",2025,"2025-10-28","article","en",2,61,1,1,6,NA,FALSE,FALSE,FALSE,FALSE,"closed","208",NA,"114928","114928",NA,NA,NA,NA,"Energy Policy","journal","0301-4215","2025-10-28T00:00:00","2026-02-22T13:39:03.778224"
"S175056054","ep","W4417089486","10.1016/j.enpol.2025.114834",NA,NA,"Optimizing utility-scale solar siting for local economic benefits and regional decarbonization",2025,"2025-08-28","article","en",2,37,2,2,4,NA,FALSE,FALSE,FALSE,TRUE,"hybrid","207",NA,"114834","114834",NA,NA,NA,NA,"Energy Policy","journal","0301-4215","2025-10-10T00:00:00","2026-02-25T08:12:03.925757"
"S175056054","ep","W4415769748","10.1016/j.enpol.2025.114942",NA,NA,"Risk dynamics and strategies of China's solar PV industry chain under trade frictions: A review",2025,"2025-11-02","review","en",1,153,1,0,6,NA,FALSE,FALSE,FALSE,FALSE,"closed","208",NA,"114942","114942",NA,NA,NA,NA,"Energy Policy","journal","0301-4215","2025-11-02T00:00:00","2026-02-18T08:19:44.376480"
"S175056054","ep","W4416321630","10.1016/j.enpol.2025.114961",NA,NA,"Electricity spot market reform and overcapacity in fossil-fired power firms: A quasi-natural experiment based on China power market",2025,"2025-11-18","article","en",1,37,1,1,3,NA,FALSE,FALSE,FALSE,FALSE,"closed","209",NA,"114961","114961",NA,NA,NA,NA,"Energy Policy","journal","0301-4215","2025-11-18T00:00:00","2026-02-20T08:17:22.645390"
"S175056054","ep","W4416434946","10.1016/j.enpol.2025.114971",NA,NA,"Community water resource and energy poverty in Ghana",2025,"2025-11-20","article","en",1,38,1,2,5,NA,FALSE,FALSE,FALSE,FALSE,"closed","209",NA,"114971","114971",NA,NA,NA,NA,"Energy Policy","journal","0301-4215","2025-11-20T00:00:00","2026-02-20T08:17:22.645390"
"S175056054","ep","W4416784517","10.1016/j.enpol.2025.114993",NA,NA,"Energy efficiency as a driver of climate resilience: global evidence",2025,"2025-11-28","article","en",1,63,1,2,2,NA,FALSE,FALSE,FALSE,FALSE,"closed","209",NA,"114993","114993",NA,NA,NA,NA,"Energy Policy","journal","0301-4215","2025-11-28T00:00:00","2026-02-20T08:17:22.645390"
"S175056054","ep","W4416930219","10.1016/j.enpol.2025.115001",NA,NA,"Community-based processes of energy poverty in indigenous communities in Mexico: The case study of Pixyah, Yucatan",2025,"2025-12-02","article","en",1,47,1,2,7,NA,FALSE,FALSE,FALSE,FALSE,"closed","210",NA,"115001","115001",NA,NA,NA,NA,"Energy Policy","journal","0301-4215","2025-12-03T00:00:00","2026-02-22T13:39:03.778224"
"S175056054","ep","W1507928135","10.1016/j.enpol.2011.09.035",NA,"1507928135","Global oil risks in the early 21st century",2011,"2011-10-16","preprint","en",0,44,5,2,3,0,FALSE,FALSE,FALSE,TRUE,"green","39","12","7865","7873","Global Energy and Sustainability Research","Renewable Energy, Sustainability and the Environment","Energy","Physical Sciences","Energy Policy","journal","0301-4215","2025-10-10T00:00:00","2026-02-09T09:26:11.010843"
"S175056054","ep","W2094786553","10.1016/0301-4215(90)90124-m",NA,"2094786553","Farewell to 1992?",1990,"1990-12-01","article","en",0,9,1,1,1,NA,FALSE,FALSE,FALSE,FALSE,"closed","18","10","886","887",NA,NA,NA,NA,"Energy Policy","journal","0301-4215","2016-06-24T00:00:00","2025-11-06T03:46:38.306776"
"S175056054","ep","W2901993098","10.1016/j.enpol.2021.112511",NA,"2901993098","Revisiting Heat Energy Consumption Modeling: Household Production Theory Applied to Field Experimental Data",2018,"2018-01-01","preprint","en",0,66,5,2,2,0,FALSE,FALSE,FALSE,TRUE,"green","158",NA,"112511","112511","Energy Efficiency and Management","Renewable Energy, Sustainability and the Environment","Energy","Physical Sciences","Energy Policy","journal","0301-4215","2025-10-10T00:00:00","2026-02-09T09:26:11.010843"
"S175056054","ep","W3022241690","10.1016/j.enpol.2014.05.032",NA,"3022241690","Residual load, renewable surplus generation and storage requirements in Germany",2014,"2014-06-21","preprint","en",0,24,7,1,1,0,FALSE,FALSE,TRUE,TRUE,"bronze","73",NA,"65","79","Integrated Energy Systems Optimization","Electrical and Electronic Engineering","Engineering","Physical Sciences","Energy Policy","journal","0301-4215","2025-10-10T00:00:00","2026-02-09T09:26:11.010843"
"S175056054","ep","W3121578660","10.1016/j.enpol.2013.02.032",NA,"3121578660","A reexamination of renewable electricity policy in Sweden",2013,"2013-04-02","preprint","en",0,14,6,1,2,0,FALSE,FALSE,FALSE,FALSE,"closed","58",NA,"57","63","Electric Power System Optimization","Electrical and Electronic Engineering","Engineering","Physical Sciences","Energy Policy","journal","0301-4215","2025-10-10T00:00:00","2026-02-09T09:26:11.010843"
"S175056054","ep","W3121735450","10.1016/j.enpol.2013.06.075",NA,"3121735450","Emissions intensity targeting: From China's 12th Five Year Plan to its Copenhagen commitment",2013,"2013-07-23","preprint","en",0,24,5,1,3,0,FALSE,FALSE,FALSE,FALSE,"closed","61",NA,"1164","1177","Climate Change Policy and Economics","Economics and Econometrics","Economics, Econometrics and Finance","Social Sciences","Energy Policy","journal","0301-4215","2025-10-10T00:00:00","2026-02-09T09:26:11.010843"
"S175056054","ep","W3121833843","10.1016/j.enpol.2012.05.032",NA,"3121833843","What about coal? Interactions between climate policies and the global steam coal market until 2030",2012,"2012-06-27","preprint","en",0,25,5,1,3,0,FALSE,FALSE,TRUE,TRUE,"green","48",NA,"274","283","Environmental Impact and Sustainability","Environmental Engineering","Environmental Science","Physical Sciences","Energy Policy","journal","0301-4215","2025-10-10T00:00:00","2026-02-09T09:26:11.010843"
"S175056054","ep","W3122156436","10.1016/j.enpol.2010.09.011",NA,"3122156436","The benefit of regional diversification of cogeneration investments in Europe: A mean-variance portfolio analysis",2010,"2010-10-01","preprint","en",0,15,6,1,2,0,FALSE,FALSE,FALSE,FALSE,"closed","38","12","7911","7920","Capital Investment and Risk Analysis","Finance","Economics, Econometrics and Finance","Social Sciences","Energy Policy","journal","0301-4215","2025-10-10T00:00:00","2026-02-09T09:26:11.010843"
"S175056054","ep","W3122627343","10.1016/j.enpol.2008.07.026",NA,"3122627343","Germany's solar cell promotion: Dark clouds on the horizon",2008,"2008-08-30","preprint","en",0,11,5,0,3,0,FALSE,FALSE,TRUE,TRUE,"green","36","11","4198","4204","Climate Change Policy and Economics","Economics and Econometrics","Economics, Econometrics and Finance","Social Sciences","Energy Policy","journal","0301-4215","2025-10-10T00:00:00","2026-02-09T09:26:11.010843"
"S175056054","ep","W3123634127","10.1016/j.enpol.2017.11.053",NA,"3123634127","Environmental policy performance and its determinants: Application of a three-level random intercept model",2017,"2017-12-22","preprint","en",0,35,7,1,4,0,FALSE,FALSE,FALSE,TRUE,"gold","114",NA,"134","144","Energy, Environment, Economic Growth","Economics and Econometrics","Economics, Econometrics and Finance","Social Sciences","Energy Policy","journal","0301-4215","2025-10-10T00:00:00","2026-02-09T09:26:11.010843"
"S175056054","ep","W3124245393","10.1016/j.enpol.2014.01.040",NA,"3124245393","Combining tariffs, investment subsidies and soft loans in a renewable electricity deployment policy",2014,"2014-02-26","preprint","en",0,13,6,1,2,0,FALSE,FALSE,TRUE,TRUE,"green","69",NA,"430","442","Energy and Environment Impacts","Pollution","Environmental Science","Physical Sciences","Energy Policy","journal","0301-4215","2025-10-10T00:00:00","2026-02-09T09:26:11.010843"
"S175056054","ep","W3124450067","10.1016/j.enpol.2009.07.018",NA,"3124450067","Greenhouse gas mitigation in a carbon constrained world: The role of carbon capture and storage",2009,"2009-08-09","preprint","en",0,16,5,1,2,0,FALSE,FALSE,FALSE,TRUE,"green","37","12","5081","5093","Carbon Dioxide Capture Technologies","Mechanical Engineering","Engineering","Physical Sciences","Energy Policy","journal","0301-4215","2025-10-10T00:00:00","2026-02-09T09:26:11.010843"
"S175056054","ep","W3124550994","10.1016/j.enpol.2009.12.007",NA,"3124550994","Fuel tax incidence in developing countries: The case of Costa Rica",2010,"2010-01-28","preprint","en",0,24,4,2,3,0,FALSE,FALSE,FALSE,FALSE,"closed","38","5","2208","2215","Energy, Environment, and Transportation Policies","Renewable Energy, Sustainability and the Environment","Energy","Physical Sciences","Energy Policy","journal","0301-4215","2025-10-10T00:00:00","2026-02-09T09:26:11.010843"
"S175056054","ep","W3129725755","10.1016/j.enpol.2021.112712",NA,"3129725755","The non-operating solar projects: Examining the impact of the feed-in tariff amendment in Japan",2021,"2021-11-11","preprint","en",0,19,6,1,2,0,FALSE,FALSE,TRUE,TRUE,"bronze","160",NA,"112712","112712","Energy, Environment, Economic Growth","Economics and Econometrics","Economics, Econometrics and Finance","Social Sciences","Energy Policy","journal","0301-4215","2025-10-10T00:00:00","2026-02-09T09:26:11.010843"
"S175056054","ep","W3144957839","10.1016/j.enpol.2021.112569",NA,"3144957839","The cost of uncoupling GB interconnectors",2021,"2021-09-24","preprint","en",0,12,6,2,2,0,FALSE,FALSE,FALSE,TRUE,"green","158",NA,"112569","112569","Renewable energy and sustainable power systems","Renewable Energy, Sustainability and the Environment","Energy","Physical Sciences","Energy Policy","journal","0301-4215","2025-10-10T00:00:00","2026-02-09T09:26:11.010843"
"S175056054","ep","W3176946905","10.1016/j.enpol.2021.112670",NA,"3176946905","The knowledge mobility of Renewable Energy Technology",2021,"2021-11-25","preprint","en",0,48,7,1,3,0,FALSE,FALSE,FALSE,TRUE,"hybrid","161",NA,"112670","112670","Energy, Environment, Economic Growth","Economics and Econometrics","Economics, Econometrics and Finance","Social Sciences","Energy Policy","journal","0301-4215","2025-10-10T00:00:00","2026-02-26T08:16:20.718346"
"S175056054","ep","W4415624072","10.1016/j.enpol.2025.114945",NA,NA,"Income distribution effect of renewable energy investment",2025,"2025-10-28","article","en",0,57,1,1,3,NA,FALSE,FALSE,FALSE,FALSE,"closed","209",NA,"114945","114945",NA,NA,NA,NA,"Energy Policy","journal","0301-4215","2025-10-28T00:00:00","2026-02-22T13:39:03.778224"
"S175056054","ep","W4415646608","10.1016/j.enpol.2025.114931",NA,NA,"Plugging platforms into the wind: the innovation dynamics of Norway's offshore oil and gas electrification",2025,"2025-10-29","article","en",0,49,1,0,2,NA,FALSE,FALSE,FALSE,TRUE,"hybrid","208",NA,"114931","114931",NA,NA,NA,NA,"Energy Policy","journal","0301-4215","2025-10-29T00:00:00","2025-11-06T03:46:38.306776"
"S175056054","ep","W4415675009","10.1016/j.enpol.2025.114948",NA,NA,"Achieving renewable energy capacity targets through multi-technology auctions: An Indian perspective",2025,"2025-10-29","article","en",0,13,1,1,2,NA,FALSE,FALSE,FALSE,FALSE,"closed","209",NA,"114948","114948",NA,NA,NA,NA,"Energy Policy","journal","0301-4215","2025-10-29T00:00:00","2026-02-20T08:17:22.645390"
"S175056054","ep","W4415675412","10.1016/j.enpol.2025.114925",NA,NA,"Early nuclear power plant retirement and policy choices in the New York electricity market",2025,"2025-10-29","article","en",0,16,1,0,2,NA,FALSE,FALSE,FALSE,FALSE,"closed","208",NA,"114925","114925",NA,NA,NA,NA,"Energy Policy","journal","0301-4215","2025-10-10T00:00:00","2025-11-06T03:46:38.306776"
"S175056054","ep","W4415729629","10.1016/j.enpol.2025.114940",NA,NA,"On the electrification of gas loads in Australia's national electricity market",2025,"2025-10-31","article","en",0,27,1,0,2,NA,FALSE,FALSE,FALSE,TRUE,"hybrid","208",NA,"114940","114940",NA,NA,NA,NA,"Energy Policy","journal","0301-4215","2025-10-31T00:00:00","2025-11-06T03:46:38.306776"
"S175056054","ep","W4415729644","10.1016/j.enpol.2025.114932",NA,NA,"Effects of informational nudges in promoting household electricity conservation in Indonesia",2025,"2025-10-31","article","en",0,54,2,2,3,NA,FALSE,FALSE,FALSE,TRUE,"hybrid","208",NA,"114932","114932",NA,NA,NA,NA,"Energy Policy","journal","0301-4215","2025-10-31T00:00:00","2026-02-25T23:00:34.991745"
"S175056054","ep","W4415746657","10.1016/j.enpol.2025.114937",NA,NA,"From trade wars to energy markets: An examination of how US-China tensions reshape the US energy market using a Wavelet quantile-on-quantile approach",2025,"2025-10-31","article","en",0,53,1,2,3,NA,FALSE,FALSE,FALSE,FALSE,"closed","209",NA,"114937","114937",NA,NA,NA,NA,"Energy Policy","journal","0301-4215","2025-10-31T00:00:00","2026-02-20T08:17:22.645390"
"S175056054","ep","W4416080060","10.1016/j.enpol.2025.114951",NA,NA,"Too many eggs in one basket: On the vulnerability of the Ecuadorian power system and the need for a more sustainable and resilient strategy",2025,"2025-11-10","article","en",0,35,2,3,3,NA,FALSE,FALSE,FALSE,TRUE,"hybrid","209",NA,"114951","114951",NA,NA,NA,NA,"Energy Policy","journal","0301-4215","2025-11-10T00:00:00","2026-02-26T08:16:20.718346"
"S175056054","ep","W4416094811","10.1016/j.enpol.2025.114955",NA,NA,"Public perceptions of crowdfunding as a tool for financing renewable energy in Europe",2025,"2025-11-11","article","en",0,82,1,4,4,NA,FALSE,FALSE,FALSE,FALSE,"closed","209",NA,"114955","114955",NA,NA,NA,NA,"Energy Policy","journal","0301-4215","2025-11-11T00:00:00","2026-02-20T08:17:22.645390"
"S175056054","ep","W4416270744","10.1016/j.enpol.2025.114968",NA,NA,"Reform of the new power system: A game analysis of power marketization from the perspective of carbon-green certificate coupling",2025,"2025-11-17","article","en",0,38,1,1,3,NA,FALSE,FALSE,FALSE,FALSE,"closed","209",NA,"114968","114968",NA,NA,NA,NA,"Energy Policy","journal","0301-4215","2025-11-17T00:00:00","2026-02-22T13:39:03.778224"
"S175056054","ep","W4416407057","10.1016/j.enpol.2025.114958",NA,NA,"Mitigating electricity supply risks through flexible quota reallocation under cross-sectoral carbon market expansion",2025,"2025-11-17","article","en",0,19,1,2,9,NA,FALSE,FALSE,FALSE,FALSE,"closed","209",NA,"114958","114958",NA,NA,NA,NA,"Energy Policy","journal","0301-4215","2025-11-17T00:00:00","2026-02-20T08:17:22.645390"
"S175056054","ep","W4416415998","10.1016/j.enpol.2025.114655",NA,NA,"Can climate finance effectively address the welfare losses arising from energy poverty?",2025,"2025-11-20","article","en",0,89,1,0,3,NA,FALSE,FALSE,FALSE,TRUE,"hybrid","208",NA,"114655","114655",NA,NA,NA,NA,"Energy Policy","journal","0301-4215","2025-11-20T00:00:00","2025-12-01T00:03:43.161839"
"S175056054","ep","W4416432285","10.1016/j.enpol.2025.114966",NA,NA,"Elasticity of energy substitution in Saudi Arabia's industrial sector",2025,"2025-11-20","article","en",0,30,1,0,1,NA,FALSE,FALSE,FALSE,FALSE,"closed","209",NA,"114966","114966",NA,NA,NA,NA,"Energy Policy","journal","0301-4215","2025-11-20T00:00:00","2025-11-28T13:58:46.955531"
"S175056054","ep","W4416432295","10.1016/j.enpol.2025.114952",NA,NA,"Do dynamic electricity tariffs change the gains of residential PV-battery systems? A simulation-based evaluation using data from 448 households",2025,"2025-11-20","article","en",0,68,2,2,5,NA,FALSE,FALSE,FALSE,TRUE,"hybrid","209",NA,"114952","114952",NA,NA,NA,NA,"Energy Policy","journal","0301-4215","2025-11-20T00:00:00","2026-02-26T08:16:20.718346"
"S175056054","ep","W4416436990","10.1016/j.enpol.2025.114977",NA,NA,"Behavioral intention towards green electricity consumption: An analysis in the context of behavioral reasoning theory",2025,"2025-11-20","article","en",0,74,1,1,3,NA,FALSE,FALSE,FALSE,FALSE,"closed","209",NA,"114977","114977",NA,NA,NA,NA,"Energy Policy","journal","0301-4215","2025-11-23T00:00:00","2026-02-20T08:17:22.645390"
"S175056054","ep","W4416443018","10.1016/j.enpol.2025.114979",NA,NA,"The synergistic effects of energy enterprises' cross-regional investment network resilience on economic, environmental, and welfare performance",2025,"2025-11-21","article","en",0,58,1,1,2,NA,FALSE,FALSE,FALSE,FALSE,"closed","209",NA,"114979","114979",NA,NA,NA,NA,"Energy Policy","journal","0301-4215","2025-11-23T00:00:00","2026-02-22T13:39:03.778224"
"S175056054","ep","W4416443092","10.1016/j.enpol.2025.114982",NA,NA,"How digitalization affects energy technology innovation: The role of government digital regulation",2025,"2025-11-21","article","en",0,52,1,1,3,NA,FALSE,FALSE,FALSE,FALSE,"closed","209",NA,"114982","114982",NA,NA,NA,NA,"Energy Policy","journal","0301-4215","2025-11-23T00:00:00","2026-02-20T08:17:22.645390"
"S175056054","ep","W4416449364","10.1016/j.enpol.2025.114972",NA,NA,"The “synergy paradox” in digital–industrial synergy and energy efficiency: Evidence from Chinese cities",2025,"2025-11-21","article","en",0,63,1,0,2,NA,FALSE,FALSE,FALSE,TRUE,"hybrid","209",NA,"114972","114972",NA,NA,NA,NA,"Energy Policy","journal","0301-4215","2025-11-23T00:00:00","2025-11-28T14:30:53.609011"
"S175056054","ep","W4416450052","10.1016/j.enpol.2025.114964",NA,NA,"Willingness to pay for green energy: Evidence from Italian households",2025,"2025-11-20","article","en",0,56,1,1,3,NA,FALSE,FALSE,FALSE,TRUE,"hybrid","209",NA,"114964","114964",NA,NA,NA,NA,"Energy Policy","journal","0301-4215","2025-11-23T00:00:00","2026-02-20T08:17:22.645390"
"S175056054","ep","W4416522186","10.1016/j.enpol.2025.114970",NA,NA,"The weakest link? A spatial planning perspective on supply chain and resilience risks for Europe’s offshore wind ambitions",2025,"2025-11-21","article","en",0,75,1,1,1,NA,FALSE,FALSE,FALSE,TRUE,"hybrid","209",NA,"114970","114970",NA,NA,NA,NA,"Energy Policy","journal","0301-4215","2025-11-23T00:00:00","2026-02-22T13:39:03.778224"
"S175056054","ep","W4416577587","10.1016/j.enpol.2025.114976",NA,NA,"Economies of scale matter: how refuelling infrastructure policy affects the viability of alternative fuel trucks",2025,"2025-11-24","article","en",0,33,1,3,4,NA,FALSE,FALSE,FALSE,FALSE,"closed","209",NA,"114976","114976",NA,NA,NA,NA,"Energy Policy","journal","0301-4215","2025-11-25T00:00:00","2026-02-20T08:17:22.645390"
"S175056054","ep","W4416585282","10.1016/j.enpol.2025.114980",NA,NA,"Assessing farmers' willingness to sell straw for energy and material applications in Sweden",2025,"2025-11-24","article","en",0,16,2,1,4,NA,FALSE,FALSE,FALSE,TRUE,"hybrid","209",NA,"114980","114980",NA,NA,NA,NA,"Energy Policy","journal","0301-4215","2025-11-25T00:00:00","2026-01-20T17:24:06.736184"
"S175056054","ep","W4416632168","10.1016/j.enpol.2025.114975",NA,NA,"Wholesale price prediction: The role of information and transparency",2025,"2025-11-25","article","en",0,28,1,2,3,NA,FALSE,FALSE,FALSE,TRUE,"hybrid","209",NA,"114975","114975",NA,NA,NA,NA,"Energy Policy","journal","0301-4215","2025-11-25T00:00:00","2026-02-20T08:17:22.645390"
"S175056054","ep","W4416688643","10.1016/j.enpol.2025.114995",NA,NA,"Incremental techno-economic benefits of interregional generation-grid-load-storage coordination in China's power system decarbonization: A long-term evolutionary and provincial heterogeneity analysis",2025,"2025-11-26","article","en",0,35,1,2,6,NA,FALSE,FALSE,FALSE,FALSE,"closed","209",NA,"114995","114995",NA,NA,NA,NA,"Energy Policy","journal","0301-4215","2025-11-27T00:00:00","2026-02-20T08:17:22.645390"
"S175056054","ep","W4416696135","10.1016/j.enpol.2025.114954",NA,NA,"A twin transition or a flagship policy? Emergent constellations and dominant blocks in green and digital technologies",2025,"2025-11-26","article","en",0,64,2,4,3,NA,FALSE,FALSE,FALSE,TRUE,"hybrid","209",NA,"114954","114954",NA,NA,NA,NA,"Energy Policy","journal","0301-4215","2025-11-27T00:00:00","2026-02-26T08:16:20.718346"
"S175056054","ep","W4416736230","10.1016/j.enpol.2025.115000",NA,NA,"Power, property, and participation: Rethinking the role of municipalities in German wind energy development",2025,"2025-11-27","article","en",0,26,1,1,1,NA,FALSE,FALSE,FALSE,TRUE,"hybrid","209",NA,"115000","115000",NA,NA,NA,NA,"Energy Policy","journal","0301-4215","2025-11-28T00:00:00","2026-02-20T08:17:22.645390"
"S175056054","ep","W4416752698","10.1016/j.enpol.2025.114974",NA,NA,"Improving energy performance and futureproofing social housing: Professional views and policy directions in the UK",2025,"2025-11-27","article","en",0,44,2,1,4,NA,FALSE,FALSE,FALSE,TRUE,"hybrid","209",NA,"114974","114974",NA,NA,NA,NA,"Energy Policy","journal","0301-4215","2025-11-28T00:00:00","2026-02-25T23:00:34.991745"
"S175056054","ep","W4416821554","10.1016/j.enpol.2025.114956",NA,NA,"When economic incentives become repugnant: Moderating roles of construction probability and initial acceptance in high-level radioactive waste siting",2025,"2025-11-29","article","en",0,68,1,0,6,NA,FALSE,FALSE,FALSE,TRUE,"hybrid","209",NA,"114956","114956",NA,NA,NA,NA,"Energy Policy","journal","0301-4215","2025-11-29T00:00:00","2025-12-01T00:07:19.613710"
"S175056054","ep","W4416881359","10.1016/j.enpol.2025.114969",NA,NA,"Dynamic optimization of agricultural resources within a Water–Energy–Food–Ecosystem Nexus: Uncertainty assessment of carbon and water footprints, and clean energy in the Minjiang River Basin, Western China",2025,"2025-12-01","article","en",0,66,1,1,4,NA,FALSE,FALSE,FALSE,FALSE,"closed","209",NA,"114969","114969",NA,NA,NA,NA,"Energy Policy","journal","0301-4215","2025-12-01T00:00:00","2026-02-20T08:17:22.645390"
"S175056054","ep","W4416888090","10.1016/j.enpol.2025.114998",NA,NA,"Who is listening? Comparing 7 cases of citizen participation at different levels of government in the Dutch energy transition",2025,"2025-12-01","article","en",0,65,1,1,4,NA,FALSE,FALSE,FALSE,TRUE,"hybrid","209",NA,"114998","114998",NA,NA,NA,NA,"Energy Policy","journal","0301-4215","2025-12-01T00:00:00","2026-02-20T08:17:22.645390"
"S175056054","ep","W4416893070","10.1016/j.enpol.2025.115002",NA,NA,"Synthesised innovation drivers and barriers in the energy sector",2025,"2025-11-30","article","en",0,68,1,0,3,NA,FALSE,FALSE,FALSE,TRUE,"hybrid","209",NA,"115002","115002",NA,NA,NA,NA,"Energy Policy","journal","0301-4215","2025-12-01T00:00:00","2025-12-02T04:20:32.467957"
"S175056054","ep","W4416928691","10.1016/j.enpol.2025.114949",NA,NA,"System design issues of high renewable energy system, the case of Eritrea",2025,"2025-12-02","article","en",0,59,1,4,6,NA,FALSE,FALSE,FALSE,FALSE,"closed","209",NA,"114949","114949",NA,NA,NA,NA,"Energy Policy","journal","0301-4215","2025-12-02T00:00:00","2026-02-22T13:39:03.778224"
"S175056054","ep","W4417034155","10.1016/j.enpol.2025.115005",NA,NA,"Allocation equality of battery replacement subsidy for electric buses: Evidence from provinces and cities in China",2025,"2025-12-05","article","en",0,94,1,1,5,NA,FALSE,FALSE,FALSE,FALSE,"closed","210",NA,"115005","115005",NA,NA,NA,NA,"Energy Policy","journal","0301-4215","2025-12-05T00:00:00","2026-02-22T13:39:03.778224"
"S175056054","ep","W4417186280","10.1016/j.enpol.2025.115012",NA,NA,"Against the current: Interconnectors, public opposition and the energy trilemma",2025,"2025-12-10","article","en",0,49,1,1,3,NA,FALSE,FALSE,FALSE,TRUE,"hybrid","210",NA,"115012","115012",NA,NA,NA,NA,"Energy Policy","journal","0301-4215","2025-12-10T00:00:00","2026-02-22T13:39:03.778224"
"S175056054","ep","W4417189504","10.1016/j.enpol.2025.115007",NA,NA,"Unpacking public support for nuclear energy: A twin conjoint experiment on innovative nuclear fusion and next-generation fission technologies",2025,"2025-12-10","article","en",0,33,1,2,3,NA,FALSE,FALSE,FALSE,TRUE,"hybrid","210",NA,"115007","115007",NA,NA,NA,NA,"Energy Policy","journal","0301-4215","2025-12-10T00:00:00","2026-02-22T13:39:03.778224"
"S175056054","ep","W4417216004","10.1016/j.enpol.2025.115006",NA,NA,"The political economy of green industrial policy in liberal states",2025,"2025-12-11","article","en",0,30,1,1,1,NA,FALSE,FALSE,FALSE,TRUE,"hybrid","210",NA,"115006","115006",NA,NA,NA,NA,"Energy Policy","journal","0301-4215","2025-12-11T00:00:00","2026-02-22T13:39:03.778224"
"S175056054","ep","W4417287994","10.1016/j.enpol.2025.115013",NA,NA,"Optimism, pessimism, and chaos worldwide: A comparative study of energy management performance with robust benchmarking methods",2025,"2025-12-13","article","en",0,44,1,2,4,NA,FALSE,FALSE,FALSE,TRUE,"hybrid","210",NA,"115013","115013",NA,NA,NA,NA,"Energy Policy","journal","0301-4215","2025-12-13T00:00:00","2026-02-22T13:39:03.778224"
"S175056054","ep","W4417428247","10.1016/j.enpol.2025.115003",NA,NA,"Tariffs and the transition: A study on the effects of global trade on energy mix diversification",2025,"2025-12-17","article","en",0,63,1,4,3,NA,FALSE,FALSE,FALSE,FALSE,"closed","210",NA,"115003","115003",NA,NA,NA,NA,"Energy Policy","journal","0301-4215","2025-12-17T00:00:00","2026-02-22T13:39:03.778224"
"S175056054","ep","W4417499098","10.1016/j.enpol.2025.115036",NA,NA,"Monetary policy shocks and day-ahead electricity markets: Insights from a “bizarre policy experiment”",2025,"2025-12-19","article","en",0,50,1,2,2,NA,FALSE,FALSE,FALSE,FALSE,"closed","210",NA,"115036","115036",NA,NA,NA,NA,"Energy Policy","journal","0301-4215","2025-12-19T00:00:00","2026-02-20T08:17:22.645390"
"S175056054","ep","W7117981756","10.1016/j.enpol.2025.115063",NA,NA,"The digital economy and rural household energy consumption in China",2026,"2026-01-02","article","en",0,70,1,2,4,0,FALSE,FALSE,FALSE,FALSE,"closed","210",NA,"115063","115063","Energy and Environment Impacts","Pollution","Environmental Science","Physical Sciences","Energy Policy","journal","0301-4215","2026-01-02T00:00:00","2026-01-19T04:01:09.351973"
"S175056054","ep","W7118008424","10.1016/j.enpol.2025.115059",NA,NA,"Households’ perceptions of the efficacy of retrofit policies to boost efficient homes in Spain",2026,"2026-01-02","article","en",0,58,2,2,5,0,FALSE,FALSE,FALSE,TRUE,"hybrid","210",NA,"115059","115059","Building Energy and Comfort Optimization","Building and Construction","Engineering","Physical Sciences","Energy Policy","journal","0301-4215","2026-01-02T00:00:00","2026-02-25T23:00:34.991745"
"S175056054","ep","W7118166232","10.1016/j.enpol.2025.115054",NA,NA,"Back to the hearth: Unraveling the triple nexus of population aging, income descent, and regressive energy transition in rural households",2026,"2026-01-05","article","en",0,67,1,1,3,0,FALSE,FALSE,FALSE,FALSE,"closed","210",NA,"115054","115054","Energy and Environment Impacts","Pollution","Environmental Science","Physical Sciences","Energy Policy","journal","0301-4215","2026-01-05T00:00:00","2026-01-08T20:05:33.558190"
"S175056054","ep","W7118447768","10.1016/j.enpol.2025.115044",NA,NA,"Uncertainties in the German energy transition: detecting robust solutions under shock events in long-term transformation pathways",2026,"2026-01-06","article","en",0,31,3,1,3,0,FALSE,FALSE,FALSE,TRUE,"hybrid","210",NA,"115044","115044","Integrated Energy Systems Optimization","Electrical and Electronic Engineering","Engineering","Physical Sciences","Energy Policy","journal","0301-4215","2026-01-08T00:00:00","2026-02-25T23:00:34.991745"
"S175056054","ep","W7119528939","10.1016/j.enpol.2025.115052",NA,NA,"The evolving impact of U.S. monetary policy on real oil prices: A time-varying Granger predictability and local projections approach",2026,"2026-01-09","article","en",0,42,1,4,3,0,FALSE,FALSE,FALSE,FALSE,"closed","210",NA,"115052","115052","Market Dynamics and Volatility","Economics and Econometrics","Economics, Econometrics and Finance","Social Sciences","Energy Policy","journal","0301-4215","2026-01-09T00:00:00","2026-01-10T23:39:48.068659"
"S175056054","ep","W7119718219","10.1016/j.enpol.2026.115078",NA,NA,"Renewable energy communities and energy poverty: Social and policy insights from empirical research in Italy",2026,"2026-01-10","article","en",0,106,2,1,6,0,FALSE,FALSE,FALSE,TRUE,"hybrid","210",NA,"115078","115078","Energy and Environment Impacts","Pollution","Environmental Science","Physical Sciences","Energy Policy","journal","0301-4215","2026-01-10T00:00:00","2026-01-11T23:08:45.486102"
"S175056054","ep","W7120073393","10.1016/j.enpol.2025.114999",NA,NA,"Solar irrigation and just energy transitions in agriculture: Insights from evaluation of Gujarat's SKY program",2026,"2026-01-10","article","en",0,19,1,0,5,0,FALSE,FALSE,FALSE,FALSE,"closed","210",NA,"114999","114999","Photovoltaic Systems and Sustainability","Environmental Engineering","Environmental Science","Physical Sciences","Energy Policy","journal","0301-4215","2026-01-10T00:00:00","2026-01-10T23:44:22.266649"
"S175056054","ep","W7121557730","10.1016/j.enpol.2026.115072",NA,NA,"Regional heterogeneity and policy evolution of China's new energy vehicle development: A multi-dimensional analysis based on dynamic time warping clustering and dual policy frameworks",2026,"2026-01-10","article","en",0,46,1,1,4,0,FALSE,FALSE,FALSE,TRUE,"hybrid","210",NA,"115072","115072","Electric Vehicles and Infrastructure","Electrical and Electronic Engineering","Engineering","Physical Sciences","Energy Policy","journal","0301-4215","2026-01-11T00:00:00","2026-02-23T20:09:44.859080"
"S175056054","ep","W7123343847","10.1016/j.enpol.2025.115058",NA,NA,"Determining the impact of future load compositions on cost-reflective tariffs and monthly electricity bills in a rural solar PV mini-grid",2026,"2026-01-12","article","en",0,22,1,2,4,0,FALSE,FALSE,FALSE,TRUE,"hybrid","210",NA,"115058","115058","Smart Grid Energy Management","Electrical and Electronic Engineering","Engineering","Physical Sciences","Energy Policy","journal","0301-4215","2026-01-14T00:00:00","2026-01-14T00:46:21.520733"
"S175056054","ep","W7123348906","10.1016/j.enpol.2025.115066",NA,NA,"Regional dynamics of agrivoltaics adoption: Stakeholder perceptions and barriers in Maryland, USA",2026,"2026-01-13","article","en",0,36,1,0,2,0,FALSE,FALSE,FALSE,TRUE,"hybrid","210",NA,"115066","115066","Photovoltaic Systems and Sustainability","Environmental Engineering","Environmental Science","Physical Sciences","Energy Policy","journal","0301-4215","2026-01-14T00:00:00","2026-01-14T23:40:02.550235"
"S175056054","ep","W7123358603","10.1016/j.enpol.2026.115073",NA,NA,"A multi-faceted analysis of the influence of state energy policies on spatial clustering of wind and solar farms in the U.S.",2026,"2026-01-12","article","en",0,55,1,1,2,0,FALSE,FALSE,FALSE,FALSE,"closed","210",NA,"115073","115073","Social Acceptance of Renewable Energy","Sociology and Political Science","Social Sciences","Social Sciences","Energy Policy","journal","0301-4215","2026-01-14T00:00:00","2026-01-14T00:46:21.520733"
"S175056054","ep","W7123362602","10.1016/j.enpol.2025.115062",NA,NA,"From exposure to preference: How solar electrification experiences shape long-term sustainability in rural Pakistan",2026,"2026-01-12","article","en",0,41,1,1,3,0,FALSE,FALSE,FALSE,TRUE,"hybrid","210",NA,"115062","115062","Energy and Environment Impacts","Pollution","Environmental Science","Physical Sciences","Energy Policy","journal","0301-4215","2026-01-14T00:00:00","2026-02-23T20:09:44.859080"
"S175056054","ep","W7124167655","10.1016/j.enpol.2026.115076",NA,NA,"The U.S. shale energy sector navigating domestic policies in a fragmenting global economy",2026,"2026-01-14","article","en",0,61,1,1,2,0,FALSE,FALSE,FALSE,TRUE,"hybrid","210",NA,"115076","115076","Market Dynamics and Volatility","Economics and Econometrics","Economics, Econometrics and Finance","Social Sciences","Energy Policy","journal","0301-4215","2026-01-15T00:00:00","2026-01-15T23:21:31.212559"
"S175056054","ep","W7124300021","10.1016/j.enpol.2026.115070",NA,NA,"Solar energy transition under IMF conditionality: Distributive justice and energy policy imperative in Pakistan",2026,"2026-01-15","article","en",0,35,1,3,3,0,FALSE,FALSE,FALSE,TRUE,"hybrid","210",NA,"115070","115070","Energy and Environment Impacts","Pollution","Environmental Science","Physical Sciences","Energy Policy","journal","0301-4215","2026-01-16T00:00:00","2026-01-16T23:21:37.720618"
"S175056054","ep","W7124435816","10.1016/j.enpol.2026.115069",NA,NA,"Don't charge while you heat! The social potential for flexibility and coordination of energy-intensive technologies in single-family houses",2026,"2026-01-16","article","en",0,44,2,0,5,0,FALSE,FALSE,FALSE,TRUE,"hybrid","210",NA,"115069","115069","Smart Grid Energy Management","Electrical and Electronic Engineering","Engineering","Physical Sciences","Energy Policy","journal","0301-4215","2026-01-17T00:00:00","2026-02-24T08:05:00.420983"
"S175056054","ep","W7124447247","10.1016/j.enpol.2026.115080",NA,NA,"When energy transitions drive polarization: Narratives of green energy and mitigation strategies by proponents and opponents of geothermal energy developments in Indonesia",2026,"2026-01-16","article","en",0,52,1,2,4,0,FALSE,FALSE,FALSE,TRUE,"hybrid","210",NA,"115080","115080","Social Acceptance of Renewable Energy","Sociology and Political Science","Social Sciences","Social Sciences","Energy Policy","journal","0301-4215","2026-01-17T00:00:00","2026-01-17T23:15:25.596738"
"S175056054","ep","W7124464286","10.1016/j.enpol.2026.115082",NA,NA,"Internet use propels cleaner cooking adoption and health gains in rural China",2026,"2026-01-16","article","en",0,71,1,1,3,0,FALSE,FALSE,FALSE,TRUE,"hybrid","210",NA,"115082","115082","Energy and Environment Impacts","Pollution","Environmental Science","Physical Sciences","Energy Policy","journal","0301-4215","2026-01-17T00:00:00","2026-02-23T20:09:44.859080"
"S175056054","ep","W7124579124","10.1016/j.enpol.2025.115055",NA,NA,"A new approach to assess individual contributions to energy transition goals",2026,"2026-01-17","article","en",0,37,2,2,5,0,FALSE,FALSE,FALSE,TRUE,"hybrid","210",NA,"115055","115055","Environmental Education and Sustainability","Management, Monitoring, Policy and Law","Environmental Science","Physical Sciences","Energy Policy","journal","0301-4215","2026-01-19T00:00:00","2026-01-19T04:05:37.678316"
"S175056054","ep","W7124835218","10.1016/j.enpol.2026.115079",NA,NA,"Behavioral determinants of solar energy adoption in India: Insights for policy from an extended TPB framework",2026,"2026-01-20","article","en",0,66,1,2,5,0,FALSE,FALSE,FALSE,FALSE,"closed","210",NA,"115079","115079","Social Acceptance of Renewable Energy","Sociology and Political Science","Social Sciences","Social Sciences","Energy Policy","journal","0301-4215","2026-01-21T00:00:00","2026-02-23T20:09:44.859080"
"S175056054","ep","W7124939707","10.1016/j.enpol.2026.115091",NA,NA,"Energy security, climate policy uncertainty, and climate transition risk: A mixed-frequency multi-dimensional spillover analysis",2026,"2026-01-20","article","en",0,88,1,1,4,0,FALSE,FALSE,FALSE,FALSE,"closed","211",NA,"115091","115091","Global Energy Security and Policy","General Energy","Energy","Physical Sciences","Energy Policy","journal","0301-4215","2026-01-21T00:00:00","2026-01-22T23:29:09.771500"
"S175056054","ep","W7124954633","10.1016/j.enpol.2025.115064",NA,NA,"The crucial role of electricity bill comprehension in consumer intention of solar panel systems adoption",2026,"2026-01-20","article","en",0,51,1,1,3,0,FALSE,FALSE,FALSE,TRUE,"hybrid","210",NA,"115064","115064","Social Acceptance of Renewable Energy","Sociology and Political Science","Social Sciences","Social Sciences","Energy Policy","journal","0301-4215","2026-01-21T00:00:00","2026-01-22T23:29:09.771500"
"S175056054","ep","W7125250914","10.1016/j.enpol.2026.115083",NA,NA,"Shifting roles of renewable and fossil energy in the ENTSO-E countries: Evidence from a novel war-induced energy intensity index",2026,"2026-01-19","article","en",0,61,1,0,5,0,FALSE,FALSE,FALSE,TRUE,"hybrid","210",NA,"115083","115083","Global Energy Security and Policy","General Energy","Energy","Physical Sciences","Energy Policy","journal","0301-4215","2026-01-22T00:00:00","2026-01-22T23:33:04.759266"
"S175056054","ep","W7125267715","10.1016/j.enpol.2026.115086",NA,NA,"CCUS technology diffusion and multi-agent investment behavior under policy incentives",2026,"2026-01-21","article","en",0,45,1,1,6,0,FALSE,FALSE,FALSE,FALSE,"closed","211",NA,"115086","115086","Capital Investment and Risk Analysis","Finance","Economics, Econometrics and Finance","Social Sciences","Energy Policy","journal","0301-4215","2026-01-22T00:00:00","2026-01-23T23:20:30.427331"
"S175056054","ep","W7125414827","10.1016/j.enpol.2026.115084",NA,NA,"Does targeted poverty alleviation promote the adoption of clean cooking fuels? Evidence from a quasi-experimental study in China",2026,"2026-01-21","article","en",0,49,1,1,2,0,FALSE,FALSE,FALSE,FALSE,"closed","211",NA,"115084","115084","Energy and Environment Impacts","Pollution","Environmental Science","Physical Sciences","Energy Policy","journal","0301-4215","2026-01-23T00:00:00","2026-01-23T23:24:52.574035"
"S175056054","ep","W7125420783","10.1016/j.enpol.2026.115103",NA,NA,"Mismatch between where solar projects are proposed and approved: the case of PV acceptance in the French Alps",2026,"2026-01-22","article","en",0,58,1,0,2,0,FALSE,FALSE,FALSE,TRUE,"hybrid","211",NA,"115103","115103","Social Acceptance of Renewable Energy","Sociology and Political Science","Social Sciences","Social Sciences","Energy Policy","journal","0301-4215","2026-01-23T00:00:00","2026-01-23T23:24:52.574035"
"S175056054","ep","W7125492656","10.1016/j.enpol.2026.115102",NA,NA,"Two roads to understanding youth acceptance of energy transition policies: A symmetrical and asymmetrical perspective",2026,"2026-01-21","article","en",0,80,1,0,4,0,FALSE,FALSE,FALSE,TRUE,"hybrid","211",NA,"115102","115102","Social Acceptance of Renewable Energy","Sociology and Political Science","Social Sciences","Social Sciences","Energy Policy","journal","0301-4215","2026-01-24T00:00:00","2026-01-24T23:27:35.965710"
"S175056054","ep","W7125493464","10.1016/j.enpol.2026.115100",NA,NA,"Good governance and energy security in OECD countries: The mediating role of environmental policy stringency",2026,"2026-01-22","article","en",0,117,1,2,3,0,FALSE,FALSE,FALSE,FALSE,"closed","211",NA,"115100","115100","Global Energy Security and Policy","General Energy","Energy","Physical Sciences","Energy Policy","journal","0301-4215","2026-01-24T00:00:00","2026-01-26T23:06:41.788003"
"S175056054","ep","W7125515267","10.1016/j.enpol.2026.115089",NA,NA,"Do all roads lead to Rome? Assessing the effectiveness of governance strategies for energy justice",2026,"2026-01-23","article","en",0,31,1,1,2,0,FALSE,FALSE,FALSE,TRUE,"hybrid","211",NA,"115089","115089","Sustainability and Climate Change Governance","Global and Planetary Change","Environmental Science","Physical Sciences","Energy Policy","journal","0301-4215","2026-01-24T00:00:00","2026-01-25T23:04:38.658462"
"S175056054","ep","W7125521546","10.1016/j.enpol.2026.115098",NA,NA,"The role of charging infrastructure and income on electric vehicle adoption",2026,"2026-01-23","article","en",0,42,1,1,2,0,FALSE,FALSE,FALSE,FALSE,"closed","211",NA,"115098","115098","Electric Vehicles and Infrastructure","Electrical and Electronic Engineering","Engineering","Physical Sciences","Energy Policy","journal","0301-4215","2026-01-24T00:00:00","2026-02-23T20:09:44.859080"
"S175056054","ep","W7125578063","10.1016/j.enpol.2026.115094",NA,NA,"How should China exit clean heating subsidies? Policy design for the post-subsidy transition",2026,"2026-01-22","article","en",0,45,1,0,5,0,FALSE,FALSE,FALSE,FALSE,"closed","211",NA,"115094","115094","Energy, Environment, and Transportation Policies","Renewable Energy, Sustainability and the Environment","Energy","Physical Sciences","Energy Policy","journal","0301-4215","2026-01-25T00:00:00","2026-01-25T23:08:32.236327"
"S175056054","ep","W7125588588","10.1016/j.enpol.2026.115105",NA,NA,"The heterogeneous impact of energy subsidy reform: The ill-targeted nature of energy subsidies in Mongolia",2026,"2026-01-24","article","en",0,13,1,2,2,0,FALSE,FALSE,FALSE,FALSE,"closed","211",NA,"115105","115105","Energy, Environment, and Transportation Policies","Renewable Energy, Sustainability and the Environment","Energy","Physical Sciences","Energy Policy","journal","0301-4215","2026-01-25T00:00:00","2026-01-25T23:08:32.236327"
"S175056054","ep","W7125589027","10.1016/j.enpol.2026.115071",NA,NA,"Rising operational costs from power outages: Implications for hydropower",2026,"2026-01-24","article","en",0,31,1,1,1,0,FALSE,FALSE,FALSE,FALSE,"closed","211",NA,"115071","115071","Power System Reliability and Maintenance","Safety, Risk, Reliability and Quality","Engineering","Physical Sciences","Energy Policy","journal","0301-4215","2026-01-25T00:00:00","2026-01-26T23:06:41.788003"
"S175056054","ep","W7125601087","10.1016/j.enpol.2026.115067",NA,NA,"From hardhats to algorithms: How AI is redefining labor in China's energy industry",2026,"2026-01-24","article","en",0,77,1,2,3,0,FALSE,FALSE,FALSE,FALSE,"closed","211",NA,"115067","115067","Digital Economy and Work Transformation","Sociology and Political Science","Social Sciences","Social Sciences","Energy Policy","journal","0301-4215","2026-01-25T00:00:00","2026-02-12T06:13:03.167441"
"S175056054","ep","W7125637322","10.1016/j.enpol.2026.115085",NA,NA,"Fuelling energy poverty? Evidence on the role of deforestation in developing countries",2026,"2026-01-26","article","en",0,80,1,0,2,0,FALSE,FALSE,FALSE,TRUE,"hybrid","211",NA,"115085","115085","Energy and Environment Impacts","Pollution","Environmental Science","Physical Sciences","Energy Policy","journal","0301-4215","2026-01-26T00:00:00","2026-01-26T23:10:34.858540"
"S175056054","ep","W7125984712","10.1016/j.enpol.2026.115104",NA,NA,"Special economic zones and energy poverty in Africa: spillover effects beyond their initial purpose",2026,"2026-01-28","article","en",0,71,1,2,2,0,FALSE,FALSE,FALSE,FALSE,"closed","211",NA,"115104","115104","Energy and Environment Impacts","Pollution","Environmental Science","Physical Sciences","Energy Policy","journal","0301-4215","2026-01-29T00:00:00","2026-01-29T23:17:01.242718"
"S175056054","ep","W7126054511","10.1016/j.enpol.2026.115095",NA,NA,"Innovation or contraction? Unpacking the effects of carbon taxes and subsidies on emissions in Brazil",2026,"2026-01-29","article","en",0,48,1,1,3,0,FALSE,FALSE,FALSE,FALSE,"closed","211",NA,"115095","115095","Climate Change Policy and Economics","Economics and Econometrics","Economics, Econometrics and Finance","Social Sciences","Energy Policy","journal","0301-4215","2026-01-30T00:00:00","2026-01-30T23:21:52.101496"
"S175056054","ep","W7126186278","10.1016/j.enpol.2026.115132",NA,NA,"Unit-level stranded asset of coal power under low-carbon transition pathways toward China's carbon neutrality",2026,"2026-01-31","article","en",0,37,1,1,5,0,FALSE,FALSE,FALSE,FALSE,"closed","211",NA,"115132","115132","Integrated Energy Systems Optimization","Electrical and Electronic Engineering","Engineering","Physical Sciences","Energy Policy","journal","0301-4215","2026-02-01T00:00:00","2026-02-06T02:01:19.302388"
"S175056054","ep","W7126216508","10.1016/j.enpol.2026.115074",NA,NA,"Default energy sharing rule: The case of France",2026,"2026-01-30","article","en",0,32,2,1,3,0,FALSE,FALSE,FALSE,TRUE,"hybrid","211",NA,"115074","115074","Smart Grid Energy Management","Electrical and Electronic Engineering","Engineering","Physical Sciences","Energy Policy","journal","0301-4215","2026-02-01T00:00:00","2026-02-23T20:09:44.859080"
"S175056054","ep","W7126410700","10.1016/j.enpol.2026.115112",NA,NA,"Storage at the edge: Distributed BESS as a technical and regulatory solution for Brazil's energy transition",2026,"2026-01-31","article","en",0,23,1,0,3,0,FALSE,FALSE,FALSE,TRUE,"hybrid","211",NA,"115112","115112","Global Energy Security and Policy","General Energy","Energy","Physical Sciences","Energy Policy","journal","0301-4215","2026-02-02T00:00:00","2026-02-03T00:53:05.648605"
"S175056054","ep","W7127079446","10.1016/j.enpol.2026.115128",NA,NA,"How social embeddedness shapes rural rooftop solar photovoltaic adoption intention: Evidence from a large-scale behavioral study in China",2026,"2026-02-02","article","en",0,56,1,1,4,0,FALSE,FALSE,FALSE,FALSE,"closed","211",NA,"115128","115128","Energy and Environment Impacts","Pollution","Environmental Science","Physical Sciences","Energy Policy","journal","0301-4215","2026-02-03T00:00:00","2026-02-23T20:09:44.859080"
"S175056054","ep","W7127108230","10.1016/j.enpol.2026.115111",NA,NA,"Seizing the green hydrogen opportunity? Comparing strategies for industrial transformation in latecomer countries",2026,"2026-02-02","article","en",0,47,2,0,7,0,FALSE,FALSE,FALSE,TRUE,"hybrid","211",NA,"115111","115111","Hybrid Renewable Energy Systems","Energy Engineering and Power Technology","Energy","Physical Sciences","Energy Policy","journal","0301-4215","2026-02-03T00:00:00","2026-02-26T08:16:20.718346"
"S175056054","ep","W7127387107","10.1016/j.enpol.2026.115131",NA,NA,"Revisiting instrument choices for low-carbon transitions: Carbon tax, emission trading, and resource tax",2026,"2026-02-04","article","en",0,46,1,2,3,0,FALSE,FALSE,FALSE,FALSE,"closed","211",NA,"115131","115131","Climate Change Policy and Economics","Economics and Econometrics","Economics, Econometrics and Finance","Social Sciences","Energy Policy","journal","0301-4215","2026-02-04T00:00:00","2026-02-07T06:11:34.122080"
"S175056054","ep","W7127406866","10.1016/j.enpol.2026.115136",NA,NA,"The interaction between energy transition, pollution, recycling, and ecological footprint: Lessons from European countries",2026,"2026-02-03","article","en",0,59,1,3,5,0,FALSE,FALSE,FALSE,TRUE,"hybrid","211",NA,"115136","115136","Environmental Impact and Sustainability","Environmental Engineering","Environmental Science","Physical Sciences","Energy Policy","journal","0301-4215","2026-02-04T00:00:00","2026-02-23T20:09:44.859080"
"S175056054","ep","W7127642706","10.1016/j.enpol.2026.115139",NA,NA,"Analysis of California's resilience investments in disadvantaged communities: Policy recommendations for energy justice",2026,"2026-02-04","article","en",0,26,1,1,3,0,FALSE,FALSE,FALSE,FALSE,"closed","211",NA,"115139","115139","Energy and Environment Impacts","Pollution","Environmental Science","Physical Sciences","Energy Policy","journal","0301-4215","2026-02-06T00:00:00","2026-02-07T06:11:34.122080"
"S175056054","ep","W7127653273","10.1016/j.enpol.2026.115130",NA,NA,"Characterising the supply- and demand-sides of the net-zero transition to inform sectoral decarbonisation policy",2026,"2026-02-04","article","en",0,26,1,2,7,0,FALSE,FALSE,FALSE,TRUE,"hybrid","211",NA,"115130","115130","Integrated Energy Systems Optimization","Electrical and Electronic Engineering","Engineering","Physical Sciences","Energy Policy","journal","0301-4215","2026-02-06T00:00:00","2026-02-07T06:11:34.122080"
"S175056054","ep","W7127653990","10.1016/j.enpol.2026.115126",NA,NA,"Resolving Iran's electricity shortage crisis through integrated energy policy: A system dynamics approach",2026,"2026-02-04","article","en",0,43,1,1,5,0,FALSE,FALSE,FALSE,FALSE,"closed","211",NA,"115126","115126","Integrated Energy Systems Optimization","Electrical and Electronic Engineering","Engineering","Physical Sciences","Energy Policy","journal","0301-4215","2026-02-06T00:00:00","2026-02-07T06:11:34.122080"
"S175056054","ep","W7127920925","10.1016/j.enpol.2026.115137",NA,NA,"Can Europe’s decarbonisation goals offset the merit-order effect and support renewable energy value factors?",2026,"2026-02-06","article","en",0,34,1,0,3,0,FALSE,FALSE,FALSE,TRUE,"hybrid","211",NA,"115137","115137","Integrated Energy Systems Optimization","Electrical and Electronic Engineering","Engineering","Physical Sciences","Energy Policy","journal","0301-4215","2026-02-07T00:00:00","2026-02-07T23:10:03.332741"
"S175056054","ep","W7128006756","10.1016/j.enpol.2026.115125",NA,NA,"Energy storage adoption: Evidence from self-generation incentive program in California",2026,"2026-02-05","article","en",0,26,1,0,1,0,FALSE,FALSE,FALSE,FALSE,"closed","212",NA,"115125","115125","Social Acceptance of Renewable Energy","Sociology and Political Science","Social Sciences","Social Sciences","Energy Policy","journal","0301-4215","2026-02-07T00:00:00","2026-02-07T06:15:42.627816"
"S175056054","ep","W7128082778","10.1016/j.enpol.2026.115127",NA,NA,"The right kind of energy: Understanding conservative support for clean energy in South Korea",2026,"2026-02-05","article","en",0,39,1,1,4,NA,FALSE,FALSE,FALSE,FALSE,"closed","212",NA,"115127","115127","Asian Industrial and Economic Development","Political Science and International Relations","Social Sciences","Social Sciences","Energy Policy","journal","0301-4215","2026-02-07T00:00:00","2026-02-20T08:17:22.645390"
"S175056054","ep","W7128300750","10.1016/j.enpol.2026.115147",NA,NA,"Beyond leaders and laggards: How incumbents navigate transformative policy missions",2026,"2026-02-07","article","en",0,53,1,2,3,0,FALSE,FALSE,FALSE,TRUE,"hybrid","212",NA,"115147","115147","Sustainability and Climate Change Governance","Global and Planetary Change","Environmental Science","Physical Sciences","Energy Policy","journal","0301-4215","2026-02-08T00:00:00","2026-02-08T23:47:48.789548"
"S175056054","ep","W7128307488","10.1016/j.enpol.2026.115153",NA,NA,"From furnaces to heat pumps: Assessing preference heterogeneity among Canadian homeowners",2026,"2026-02-06","article","en",0,25,1,0,4,0,FALSE,FALSE,FALSE,FALSE,"closed","212",NA,"115153","115153","Economic and Environmental Valuation","Economics and Econometrics","Economics, Econometrics and Finance","Social Sciences","Energy Policy","journal","0301-4215","2026-02-09T00:00:00","2026-02-09T06:03:36.439944"
"S175056054","ep","W7128424016","10.1016/j.enpol.2026.115155",NA,NA,"Aging alone: a twin threat to decarbonisation and energy vulnerability in Japan and UK",2026,"2026-02-09","article","en",0,56,1,0,6,0,FALSE,FALSE,FALSE,TRUE,"hybrid","212",NA,"115155","115155","Employment and Welfare Studies","General Health Professions","Health Professions","Health Sciences","Energy Policy","journal","0301-4215","2026-02-10T00:00:00","2026-02-11T14:41:00.668223"
"S175056054","ep","W7128428564","10.1016/j.enpol.2026.115144",NA,NA,"Understanding Flemish apartment owners’ financial decision-making in collective energy renovations: a qualitative vignette study",2026,"2026-02-09","article","en",0,29,1,1,6,0,FALSE,FALSE,FALSE,FALSE,"closed","212",NA,"115144","115144","Building Energy and Comfort Optimization","Building and Construction","Engineering","Physical Sciences","Energy Policy","journal","0301-4215","2026-02-10T00:00:00","2026-02-23T20:09:44.859080"
"S175056054","ep","W7128431426","10.1016/j.enpol.2026.115138",NA,NA,"Unleashing storage by driving electric: A pathway to affordable, secure and clean energy",2026,"2026-02-09","article","en",0,37,1,1,3,0,FALSE,FALSE,FALSE,TRUE,"hybrid","212",NA,"115138","115138","Global Energy and Sustainability Research","Renewable Energy, Sustainability and the Environment","Energy","Physical Sciences","Energy Policy","journal","0301-4215","2026-02-10T00:00:00","2026-02-23T20:09:44.859080"
"S175056054","ep","W7128499620","10.1016/j.enpol.2026.115158",NA,NA,"How the interplay between grid characteristics and renewable resources determines optimal temporal correlation for grid-connected hydrogen certification",2026,"2026-02-10","article","en",0,27,1,1,3,0,FALSE,FALSE,FALSE,TRUE,"hybrid","212",NA,"115158","115158","Hybrid Renewable Energy Systems","Energy Engineering and Power Technology","Energy","Physical Sciences","Energy Policy","journal","0301-4215","2026-02-11T00:00:00","2026-02-11T22:13:25.172316"
"S175056054","ep","W7128593070","10.1016/j.enpol.2026.115161",NA,NA,"The EU carbon border adjustment mechanism: Does it impact the competitiveness of China's export trade?",2026,"2026-02-11","article","en",0,30,1,0,4,0,FALSE,FALSE,FALSE,FALSE,"closed","212",NA,"115161","115161","Energy, Environment, Economic Growth","Economics and Econometrics","Economics, Econometrics and Finance","Social Sciences","Energy Policy","journal","0301-4215","2026-02-11T00:00:00","2026-02-11T22:16:57.019703"
"S175056054","ep","W7128597773","10.1016/j.enpol.2026.115163",NA,NA,"The impacts of committed oil projects on remaining oil production: implications for a just transition",2026,"2026-02-11","article","en",0,33,1,0,7,0,FALSE,FALSE,FALSE,TRUE,"hybrid","212",NA,"115163","115163","Global Energy and Sustainability Research","Renewable Energy, Sustainability and the Environment","Energy","Physical Sciences","Energy Policy","journal","0301-4215","2026-02-11T00:00:00","2026-02-11T22:16:57.019703"
"S175056054","ep","W7128688268","10.1016/j.enpol.2026.115183",NA,NA,"Exploring governance for sustainable transitions in renewable energy communities: A comparative inquiry of private and public initiatives",2026,"2026-02-12","article","en",0,66,1,3,3,0,FALSE,FALSE,FALSE,TRUE,"hybrid","212",NA,"115183","115183","Sustainability and Climate Change Governance","Global and Planetary Change","Environmental Science","Physical Sciences","Energy Policy","journal","0301-4215","2026-02-13T00:00:00","2026-02-23T20:09:44.859080"
"S175056054","ep","W7128690622","10.1016/j.enpol.2026.115090",NA,NA,"Removing the negative impact of the cannibalization effect on PPAs through accumulation",2026,"2026-02-13","article","en",0,18,1,3,5,0,FALSE,FALSE,FALSE,TRUE,"hybrid","212",NA,"115090","115090","Electric Power System Optimization","Electrical and Electronic Engineering","Engineering","Physical Sciences","Energy Policy","journal","0301-4215","2026-02-13T00:00:00","2026-02-14T06:23:00.392402"
"S175056054","ep","W7128696863","10.1016/j.enpol.2026.115151",NA,NA,"Trade-based environmental costs of small coal-fired boiler upgrading policy and the value-added benefits trade-off in the North China Plain",2026,"2026-02-12","article","en",0,40,1,1,2,0,FALSE,FALSE,FALSE,FALSE,"closed","212",NA,"115151","115151","Environmental Impact and Sustainability","Environmental Engineering","Environmental Science","Physical Sciences","Energy Policy","journal","0301-4215","2026-02-13T00:00:00","2026-02-14T06:23:00.392402"
"S175056054","ep","W7128766374","10.1016/j.enpol.2026.115173",NA,NA,"Optimizing economy-energy-environment (3Es) policy mixes for decarbonization: Synergies, trade-offs, and regional implementation in China",2026,"2026-02-13","article","en",0,97,1,0,5,0,FALSE,FALSE,FALSE,FALSE,"closed","212",NA,"115173","115173","Environmental Impact and Sustainability","Environmental Engineering","Environmental Science","Physical Sciences","Energy Policy","journal","0301-4215","2026-02-14T00:00:00","2026-02-14T06:27:19.455381"
"S175056054","ep","W7128777896","10.1016/j.enpol.2026.115177",NA,NA,"Are the public ready to bear the costs of phasing out coal-fired power plants? An economic feasibility analysis",2026,"2026-02-13","article","en",0,34,1,1,3,0,FALSE,FALSE,FALSE,TRUE,"hybrid","212",NA,"115177","115177","Economic and Environmental Valuation","Economics and Econometrics","Economics, Econometrics and Finance","Social Sciences","Energy Policy","journal","0301-4215","2026-02-14T00:00:00","2026-02-23T20:09:44.859080"
"S175056054","ep","W7128781113","10.1016/j.enpol.2026.115141",NA,NA,"Exploring drivers and policy enablers of citizen engagement in renewable energy projects through explainable AI",2026,"2026-02-13","article","en",0,60,1,3,5,0,FALSE,FALSE,FALSE,TRUE,"hybrid","212",NA,"115141","115141","Sustainability and Climate Change Governance","Global and Planetary Change","Environmental Science","Physical Sciences","Energy Policy","journal","0301-4215","2026-02-14T00:00:00","2026-02-14T06:27:19.455381"
"S175056054","ep","W7128806709","10.1016/j.enpol.2026.115160",NA,NA,"Drivers, barriers and interventions for green hydrogen supply chains: A multi-actor framework",2026,"2026-02-13","article","en",0,43,1,2,4,0,FALSE,FALSE,FALSE,TRUE,"hybrid","212",NA,"115160","115160","Hybrid Renewable Energy Systems","Energy Engineering and Power Technology","Energy","Physical Sciences","Energy Policy","journal","0301-4215","2026-02-14T00:00:00","2026-02-15T05:58:04.055770"
"S175056054","ep","W7128813744","10.1016/j.enpol.2026.115135",NA,NA,"Forecasting Ireland's retrofit trajectory: Overcoming policy gaps to meet climate action goals",2026,"2026-02-13","article","en",0,22,1,2,4,0,FALSE,FALSE,FALSE,TRUE,"hybrid","212",NA,"115135","115135","Building Energy and Comfort Optimization","Building and Construction","Engineering","Physical Sciences","Energy Policy","journal","0301-4215","2026-02-14T00:00:00","2026-02-15T05:58:04.055770"
"S175056054","ep","W7128819469","10.1016/j.enpol.2026.115148",NA,NA,"Policy design amid unexpected socioeconomic drivers of household cleantech investments",2026,"2026-02-14","article","en",0,22,1,0,5,0,FALSE,FALSE,FALSE,TRUE,"hybrid","212",NA,"115148","115148","Recycling and Waste Management Techniques","Industrial and Manufacturing Engineering","Environmental Science","Physical Sciences","Energy Policy","journal","0301-4215","2026-02-14T00:00:00","2026-02-14T06:27:19.455381"
"S175056054","ep","W7129000445","10.1016/j.enpol.2026.115182",NA,NA,"Climate policy optimization for oil-exporting economies: A DSGE approach to Oman’s environmental transformation",2026,"2026-02-16","article","en",0,20,1,2,1,0,FALSE,FALSE,FALSE,FALSE,"closed","212",NA,"115182","115182","Climate Change Policy and Economics","Economics and Econometrics","Economics, Econometrics and Finance","Social Sciences","Energy Policy","journal","0301-4215","2026-02-17T00:00:00","2026-02-18T06:20:13.636215"
"S175056054","ep","W7129033272","10.1016/j.enpol.2026.115184",NA,NA,"Policy's role in electricity access progress in Sub-Saharan Africa",2026,"2026-02-16","article","en",0,23,1,2,2,0,FALSE,FALSE,FALSE,FALSE,"closed","212",NA,"115184","115184","Energy and Environment Impacts","Pollution","Environmental Science","Physical Sciences","Energy Policy","journal","0301-4215","2026-02-17T00:00:00","2026-02-18T06:20:13.636215"
"S175056054","ep","W7129037902","10.1016/j.enpol.2026.115190",NA,NA,"A review of Australia's Safeguard Mechanism: Lessons from the EU ETS and pathways for reform",2026,"2026-02-16","article","en",0,18,1,2,3,0,FALSE,FALSE,FALSE,FALSE,"closed","212",NA,"115190","115190","Climate Change Policy and Economics","Economics and Econometrics","Economics, Econometrics and Finance","Social Sciences","Energy Policy","journal","0301-4215","2026-02-17T00:00:00","2026-02-17T06:10:05.244387"
"S175056054","ep","W7129045252","10.1016/j.enpol.2026.115149",NA,NA,"Fiscal policy and energy price shocks",2026,"2026-02-16","article","en",0,36,1,1,5,0,FALSE,FALSE,FALSE,TRUE,"hybrid","212",NA,"115149","115149","Global Energy Security and Policy","General Energy","Energy","Physical Sciences","Energy Policy","journal","0301-4215","2026-02-17T00:00:00","2026-02-17T06:10:05.244387"
"S175056054","ep","W7129058715","10.1016/j.enpol.2026.115174",NA,NA,"‘Decision-support’ tools for the assessment of co-benefits: Insights from energy and climate policy in the United Kingdom",2026,"2026-02-16","article","en",0,26,1,0,2,0,FALSE,FALSE,FALSE,TRUE,"hybrid","212",NA,"115174","115174","demographic modeling and climate adaptation","Management Science and Operations Research","Decision Sciences","Social Sciences","Energy Policy","journal","0301-4215","2026-02-17T00:00:00","2026-02-17T06:10:05.244387"
"S175056054","ep","W7129101652","10.1016/j.enpol.2026.115088",NA,NA,"Local ordinances and large-scale solar development in the United States",2026,"2026-02-16","article","en",0,23,1,1,3,0,FALSE,FALSE,FALSE,FALSE,"closed","212",NA,"115088","115088","Social Acceptance of Renewable Energy","Sociology and Political Science","Social Sciences","Social Sciences","Energy Policy","journal","0301-4215","2026-02-17T00:00:00","2026-02-18T06:20:13.636215"
"S175056054","ep","W7129277839","10.1016/j.enpol.2026.115096",NA,NA,"Light out on vulnerable communities: ZIP code-level spatial examination of inequitable grid reliability in Portland and Seattle",2026,"2026-02-18","article","en",0,39,1,2,3,0,FALSE,FALSE,FALSE,TRUE,"hybrid","212",NA,"115096","115096","Power System Reliability and Maintenance","Safety, Risk, Reliability and Quality","Engineering","Physical Sciences","Energy Policy","journal","0301-4215","2026-02-18T00:00:00","2026-02-19T06:27:42.648592"
"S175056054","ep","W7129300864","10.1016/j.enpol.2026.115176",NA,NA,"Endogenous structural evolution and impact mechanisms of global renewable energy trade networks under tariff policies",2026,"2026-02-17","article","en",0,61,1,1,3,0,FALSE,FALSE,FALSE,FALSE,"closed","212",NA,"115176","115176","Integrated Energy Systems Optimization","Electrical and Electronic Engineering","Engineering","Physical Sciences","Energy Policy","journal","0301-4215","2026-02-18T00:00:00","2026-02-19T06:27:42.648592"
"S175056054","ep","W7129522123","10.1016/j.enpol.2026.115146",NA,NA,"Seasonal dynamics in the prediction of household-level energy poverty: A machine learning approach",2026,"2026-02-17","article","en",0,44,1,1,2,0,FALSE,FALSE,FALSE,TRUE,"hybrid","212",NA,"115146","115146","Energy and Environment Impacts","Pollution","Environmental Science","Physical Sciences","Energy Policy","journal","0301-4215","2026-02-18T00:00:00","2026-02-18T06:25:47.457606"
"S175056054","ep","W7129659509","10.1016/j.enpol.2026.115175",NA,NA,"The graying and the energy-poor: How population aging deepens multidimensional energy poverty in rural China",2026,"2026-02-17","article","en",0,82,1,1,3,0,FALSE,FALSE,FALSE,FALSE,"closed","212",NA,"115175","115175","Energy and Environment Impacts","Pollution","Environmental Science","Physical Sciences","Energy Policy","journal","0301-4215","2026-02-18T00:00:00","2026-02-19T06:27:42.648592"
"S175056054","ep","W7130315136","10.1016/j.enpol.2026.115097",NA,NA,"Informing India's carbon market: A stochastic frontier analysis of abatement cost heterogeneity in the thermal power sector",2026,"2026-02-18","article","en",0,50,1,1,2,0,FALSE,FALSE,FALSE,FALSE,"closed","212",NA,"115097","115097","Integrated Energy Systems Optimization","Electrical and Electronic Engineering","Engineering","Physical Sciences","Energy Policy","journal","0301-4215","2026-02-19T00:00:00","2026-02-20T06:14:18.993340"
"S175056054","ep","W7130343911","10.1016/j.enpol.2026.115189",NA,NA,"Energy independence and economic resilience",2026,"2026-02-18","article","en",0,48,1,1,4,0,FALSE,FALSE,FALSE,TRUE,"hybrid","212",NA,"115189","115189","Regional resilience and development","Economics and Econometrics","Economics, Econometrics and Finance","Social Sciences","Energy Policy","journal","0301-4215","2026-02-19T00:00:00","2026-02-20T06:14:18.993340"
"S175056054","ep","W7130406940","10.1016/j.enpol.2026.115194",NA,NA,"Household cooking in Nepal: An economic analysis",2026,"2026-02-18","article","en",0,36,1,1,3,0,FALSE,FALSE,FALSE,FALSE,"closed","213",NA,"115194","115194","Energy and Environment Impacts","Pollution","Environmental Science","Physical Sciences","Energy Policy","journal","0301-4215","2026-02-19T00:00:00","2026-02-20T06:14:18.993340"
"S175056054","ep","W7130436369","10.1016/j.enpol.2026.115157",NA,NA,"Bytes into watts: Input–output tracking of energy-sector digitalization and its decarbonization effect",2026,"2026-02-18","article","en",0,65,1,0,4,0,FALSE,FALSE,FALSE,TRUE,"hybrid","212",NA,"115157","115157","Integrated Energy Systems Optimization","Electrical and Electronic Engineering","Engineering","Physical Sciences","Energy Policy","journal","0301-4215","2026-02-19T00:00:00","2026-02-19T06:31:58.851227"
"S175056054","ep","W7130513772","10.1016/j.enpol.2026.115159",NA,NA,"A new European energy policy paradigm revealed by changes in hydrogen strategies",2026,"2026-02-19","article","en",0,36,1,0,4,0,FALSE,FALSE,FALSE,TRUE,"hybrid","212",NA,"115159","115159","Hybrid Renewable Energy Systems","Energy Engineering and Power Technology","Energy","Physical Sciences","Energy Policy","journal","0301-4215","2026-02-19T00:00:00","2026-02-20T06:18:38.638704"
"S175056054","ep","W7130515825","10.1016/j.enpol.2026.115164",NA,NA,"Do clean energy transitions enhance global energy security? A comparative analysis of trends and tradeoffs across eight major economies, 1990-2020",2026,"2026-02-19","article","en",0,70,1,4,3,0,FALSE,FALSE,FALSE,FALSE,"closed","212",NA,"115164","115164","Global Energy Security and Policy","General Energy","Energy","Physical Sciences","Energy Policy","journal","0301-4215","2026-02-19T00:00:00","2026-02-20T17:44:18.066148"
"S175056054","ep","W7130642270","10.1016/j.enpol.2026.115162",NA,NA,"Are Solar Mobile Lanterns Really Mobile? What sensor data reveals about women's lantern use in refugee camps",2026,"2026-02-20","article","en",0,14,1,2,5,0,FALSE,FALSE,FALSE,TRUE,"hybrid","212",NA,"115162","115162","Impact of Light on Environment and Health","Global and Planetary Change","Environmental Science","Physical Sciences","Energy Policy","journal","0301-4215","2026-02-20T00:00:00","2026-02-21T06:11:54.161237"
"S175056054","ep","W7130645255","10.1016/j.enpol.2026.115134",NA,NA,"At what cost? Economic and fiscal trade-offs of Indonesia's biodiesel program",2026,"2026-02-20","article","en",0,34,1,0,3,0,FALSE,FALSE,FALSE,FALSE,"closed","212",NA,"115134","115134","Oil Palm Production and Sustainability","Ecology","Environmental Science","Physical Sciences","Energy Policy","journal","0301-4215","2026-02-20T00:00:00","2026-02-21T06:11:54.161237"
"S175056054","ep","W7130655055","10.1016/j.enpol.2026.115181",NA,NA,"System-induced transition inertia in the transformation of the German heating and housing sector",2026,"2026-02-20","article","en",0,47,1,2,3,0,FALSE,FALSE,FALSE,TRUE,"hybrid","212",NA,"115181","115181","Sustainability and Climate Change Governance","Global and Planetary Change","Environmental Science","Physical Sciences","Energy Policy","journal","0301-4215","2026-02-20T00:00:00","2026-02-21T06:11:54.161237"
"S175056054","ep","W7131238441","10.1016/j.enpol.2026.115186",NA,NA,"Reshaping global energy security: Implications of embodied energy transfers in global supply chains",2026,"2026-02-24","article","en",0,51,1,2,7,0,FALSE,FALSE,FALSE,FALSE,"closed","213",NA,"115186","115186","Global Energy Security and Policy","General Energy","Energy","Physical Sciences","Energy Policy","journal","0301-4215","2026-02-25T00:00:00","2026-02-25T21:11:00.739837"
"S175056054","ep","W7131302834","10.1016/j.enpol.2026.115193",NA,NA,"What determines the uptake of solar PV? – A survey of early, potential and unlikely adopters of residential PV systems and participants of community PV projects",2026,"2026-02-24","article","en",0,66,1,1,3,0,FALSE,FALSE,FALSE,TRUE,"hybrid","213",NA,"115193","115193","Social Acceptance of Renewable Energy","Sociology and Political Science","Social Sciences","Social Sciences","Energy Policy","journal","0301-4215","2026-02-25T00:00:00","2026-02-25T06:22:25.187761"
"S175056054","ep","W7131302952","10.1016/j.enpol.2026.115201",NA,NA,"Financial incentives and intrinsic motives for residents’ participation in demand response programs",2026,"2026-02-24","article","en",0,54,1,1,6,0,FALSE,FALSE,FALSE,FALSE,"closed","213",NA,"115201","115201","Homelessness and Social Issues","General Health Professions","Health Professions","Health Sciences","Energy Policy","journal","0301-4215","2026-02-25T00:00:00","2026-02-25T21:11:00.739837"
"S175056054","ep","W7131311110","10.1016/j.enpol.2026.115197",NA,NA,"Determinants of butane gas use by households in Burkina Faso: the role of road access",2026,"2026-02-24","article","en",0,49,1,2,2,0,FALSE,FALSE,FALSE,FALSE,"closed","213",NA,"115197","115197","Energy and Environment Impacts","Pollution","Environmental Science","Physical Sciences","Energy Policy","journal","0301-4215","2026-02-25T00:00:00","2026-02-25T06:22:25.187761"
"S175056054","ep","W7131353320","10.1016/j.enpol.2026.115166",NA,NA,"The end of gas",2026,"2026-02-25","article","en",0,29,1,1,1,0,FALSE,FALSE,FALSE,FALSE,"closed","213",NA,"115166","115166","Integrated Energy Systems Optimization","Electrical and Electronic Engineering","Engineering","Physical Sciences","Energy Policy","journal","0301-4215","2026-02-25T00:00:00","2026-02-26T08:16:20.718346"
"S2764593084","ep","W7118653603","10.1016/j.erss.2025.104527",NA,NA,"To build or not to build? Sustainability narratives between growth-oriented ‘eco-markets’ and regulative ‘sufficiency’ in Germany's heat transition",2026,"2026-01-01","article","en",1,31,1,2,4,70.8805,FALSE,FALSE,FALSE,TRUE,"hybrid","131",NA,"104527","104527","Sustainability and Climate Change Governance","Global and Planetary Change","Environmental Science","Physical Sciences","Energy Research & Social Science","journal","2214-6296","2026-01-08T00:00:00","2026-01-08T20:10:11.968330"
"S2764593084","ep","W3048345185","10.1016/j.erss.2020.101737","32835009","3048345185","From private to public governance: The case for reconfiguring energy systems as a commons",2020,"2020-08-13","preprint","en",5,49,9,3,4,0.19640875,FALSE,FALSE,FALSE,TRUE,"green","70",NA,"101737","101737","Smart Grid Energy Management","Electrical and Electronic Engineering","Engineering","Physical Sciences","Energy Research & Social Science","journal","2214-6296","2025-10-10T00:00:00","2026-02-09T09:26:11.010843"
"S2764593084","ep","W2145296679","10.1016/j.erss.2014.02.009",NA,"2145296679","Rethinking the governance of energy infrastructure: Scale, decentralization and polycentrism",2014,"2014-03-01","article","en",478,33,1,0,1,NA,FALSE,FALSE,FALSE,FALSE,"closed","1",NA,"134","140",NA,NA,NA,NA,"Energy Research & Social Science","journal","2214-6296","2025-10-10T00:00:00","2026-02-20T08:17:22.645390"
"S2764593084","ep","W3133459503","10.1016/j.erss.2021.101974",NA,"3133459503","Smart grids and institutional change: Emerging contestations between organisations over smart energy transitions",2021,"2021-02-23","article","en",45,68,1,2,2,NA,FALSE,FALSE,FALSE,FALSE,"closed","74",NA,"101974","101974",NA,NA,NA,NA,"Energy Research & Social Science","journal","2214-6296","2025-10-10T00:00:00","2025-11-06T03:46:38.306776"
"S2764593084","ep","W4415667332","10.1016/j.erss.2025.104413",NA,NA,"An anatomy of inscrutability of the unconventional oil and gas development-water-health nexus in Pennsylvania",2025,"2025-10-29","article","en",2,54,1,1,3,NA,FALSE,FALSE,FALSE,FALSE,"closed","130",NA,"104413","104413",NA,NA,NA,NA,"Energy Research & Social Science","journal","2214-6296","2025-10-29T00:00:00","2026-02-20T08:17:22.645390"
"S2764593084","ep","W4415711327","10.1016/j.erss.2025.104426",NA,NA,"Renewable energy and regional Australia: The limits to “best practices” for engagement",2025,"2025-10-30","article","en",1,72,1,1,4,NA,FALSE,FALSE,FALSE,TRUE,"hybrid","130",NA,"104426","104426",NA,NA,NA,NA,"Energy Research & Social Science","journal","2214-6296","2025-10-30T00:00:00","2026-02-20T08:17:22.645390"
"S2764593084","ep","W4415898253","10.1016/j.erss.2025.104403",NA,NA,"Perceived misinformation in offshore wind: Insights from participants in Northeastern U.S. offshore wind planning and permitting processes",2025,"2025-11-05","article","en",1,80,1,1,4,NA,FALSE,FALSE,FALSE,FALSE,"closed","130",NA,"104403","104403",NA,NA,NA,NA,"Energy Research & Social Science","journal","2214-6296","2025-11-05T00:00:00","2026-02-20T08:17:22.645390"
"S2764593084","ep","W4415903802","10.1016/j.erss.2025.104398",NA,NA,"Dirty talk: Media discourse and the struggle over South Africa’s coal transition",2025,"2025-11-05","article","en",1,51,1,2,3,NA,FALSE,FALSE,FALSE,TRUE,"hybrid","130",NA,"104398","104398",NA,NA,NA,NA,"Energy Research & Social Science","journal","2214-6296","2025-11-05T00:00:00","2026-02-22T13:39:03.778224"
"S2764593084","ep","W4415976563","10.1016/j.erss.2025.104431",NA,NA,"Beyond industrial decarbonisation strategy: Lessons from the bottom-up policy mix in the United Kingdom, 2021–2023",2025,"2025-11-05","article","en",1,33,1,2,6,NA,FALSE,FALSE,FALSE,TRUE,"hybrid","130",NA,"104431","104431",NA,NA,NA,NA,"Energy Research & Social Science","journal","2214-6296","2025-11-06T00:00:00","2026-02-22T13:39:03.778224"
"S2764593084","ep","W4416039329","10.1016/j.erss.2025.104423",NA,NA,"Steering sustainability transitions with reflexivity: policy strategies for handling emergent lock-ins and path dependencies",2025,"2025-11-08","article","en",1,97,2,1,2,NA,FALSE,FALSE,FALSE,TRUE,"hybrid","130",NA,"104423","104423",NA,NA,NA,NA,"Energy Research & Social Science","journal","2214-6296","2025-11-08T00:00:00","2026-02-22T13:39:03.778224"
"S2764593084","ep","W4416213004","10.1016/j.erss.2025.104418",NA,NA,"Energy justice at the utility scale: Insights from Los Angeles's path to decarbonization",2025,"2025-11-14","article","en",1,88,1,0,3,NA,FALSE,FALSE,FALSE,TRUE,"hybrid","130",NA,"104418","104418",NA,NA,NA,NA,"Energy Research & Social Science","journal","2214-6296","2025-11-14T00:00:00","2026-02-18T08:19:44.376480"
"S2764593084","ep","W4416219891","10.1016/j.erss.2025.104386",NA,NA,"Repurposing the past, powering the future - socio-economic impacts of hybrid pumped hydro storage in Greece and Poland's coal regions",2025,"2025-10-16","article","en",1,29,1,3,8,NA,FALSE,FALSE,FALSE,FALSE,"closed","129",NA,"104386","104386",NA,NA,NA,NA,"Energy Research & Social Science","journal","2214-6296","2025-10-19T00:00:00","2026-02-25T23:00:34.991745"
"S2764593084","ep","W4416220490","10.1016/j.erss.2025.104391",NA,NA,"Why buy multiple electric vehicles? The roles of vehicle ownership, charging access, and energy choices in California",2025,"2025-10-16","article","en",1,54,1,1,4,NA,FALSE,FALSE,FALSE,TRUE,"hybrid","129",NA,"104391","104391",NA,NA,NA,NA,"Energy Research & Social Science","journal","2214-6296","2025-10-19T00:00:00","2026-02-20T08:17:22.645390"
"S2764593084","ep","W4416413580","10.1016/j.erss.2025.104432",NA,NA,"Energy, equity and inclusion: Exploring gender equality and social inclusion in energy planning in Kenya",2025,"2025-11-20","article","en",1,31,1,2,4,NA,FALSE,FALSE,FALSE,TRUE,"hybrid","130",NA,"104432","104432",NA,NA,NA,NA,"Energy Research & Social Science","journal","2214-6296","2025-11-20T00:00:00","2026-02-22T13:39:03.778224"
"S2764593084","ep","W4416416988","10.1016/j.erss.2025.104458",NA,NA,"Who should lead nuclear fusion research? Cross-national evidence on public–private governance preferences in Europe",2025,"2025-11-20","article","en",1,81,1,0,10,NA,FALSE,FALSE,FALSE,FALSE,"closed","130",NA,"104458","104458",NA,NA,NA,NA,"Energy Research & Social Science","journal","2214-6296","2025-11-20T00:00:00","2025-11-28T13:37:03.724223"
"S2764593084","ep","W4416529284","10.1016/j.erss.2025.104456",NA,NA,"From climatic hazards to systemic vulnerabilities: Evolving perceptions of climate risk in Norway's renewable energy sector",2025,"2025-11-22","article","en",1,61,2,2,6,NA,FALSE,FALSE,FALSE,FALSE,"closed","130",NA,"104456","104456",NA,NA,NA,NA,"Energy Research & Social Science","journal","2214-6296","2025-11-23T00:00:00","2026-02-18T08:19:44.376480"
"S2764593084","ep","W4416733063","10.1016/j.erss.2025.104471",NA,NA,"Beyond grid connection: A Q-methodology study of stakeholder perspectives on energy poverty in urban Ghana",2025,"2025-11-27","article","en",1,66,1,4,4,NA,FALSE,FALSE,FALSE,FALSE,"closed","131",NA,"104471","104471",NA,NA,NA,NA,"Energy Research & Social Science","journal","2214-6296","2025-11-28T00:00:00","2026-02-20T08:17:22.645390"
"S2764593084","ep","W4417127903","10.1016/j.erss.2025.104475",NA,NA,"Institutional learning in the energy transition: The case of offshore wind in the United States",2025,"2025-12-08","article","en",1,42,1,1,4,NA,FALSE,FALSE,FALSE,TRUE,"hybrid","131",NA,"104475","104475",NA,NA,NA,NA,"Energy Research & Social Science","journal","2214-6296","2025-12-08T00:00:00","2026-02-22T13:39:03.778224"
"S2764593084","ep","W4417207864","10.1016/j.erss.2025.104486",NA,NA,"Colonial grids, exhausted bodies: Humanitarian energy's politics and temporal entanglements",2025,"2025-12-10","article","en",1,30,1,1,2,NA,FALSE,FALSE,FALSE,TRUE,"hybrid","131",NA,"104486","104486",NA,NA,NA,NA,"Energy Research & Social Science","journal","2214-6296","2025-12-10T00:00:00","2026-02-22T13:39:03.778224"
"S2764593084","ep","W4417400529","10.1016/j.erss.2025.104498",NA,NA,"Practical implementation of artificial intelligence for climate change mitigation in cities – priorities, collaborations and challenges",2025,"2025-12-16","article","en",1,50,3,2,4,NA,FALSE,FALSE,FALSE,TRUE,"hybrid","131",NA,"104498","104498",NA,NA,NA,NA,"Energy Research & Social Science","journal","2214-6296","2025-12-16T00:00:00","2026-02-25T08:12:03.925757"
"S2764593084","ep","W4415612834","10.1016/j.erss.2025.104416",NA,NA,"Solar threads and social knots: Gender and energy transitions in the weaving community of Varanasi, India",2025,"2025-10-28","article","en",0,30,1,1,2,NA,FALSE,FALSE,FALSE,FALSE,"closed","130",NA,"104416","104416",NA,NA,NA,NA,"Energy Research & Social Science","journal","2214-6296","2025-10-28T00:00:00","2026-02-20T08:17:22.645390"
"S2764593084","ep","W4415630499","10.1016/j.erss.2025.104421",NA,NA,"When solutions become problems: How low-carbon innovations can undermine sustainability transitions",2025,"2025-10-28","article","en",0,91,1,1,2,NA,FALSE,FALSE,FALSE,TRUE,"hybrid","130",NA,"104421","104421",NA,NA,NA,NA,"Energy Research & Social Science","journal","2214-6296","2025-10-29T00:00:00","2026-02-20T08:17:22.645390"
"S2764593084","ep","W4415630509","10.1016/j.erss.2025.104412",NA,NA,"Beneath the surface, injustice boils: Environmental justice struggles against geothermal energy in Turkey",2025,"2025-10-28","article","en",0,46,2,2,2,NA,FALSE,FALSE,FALSE,FALSE,"closed","130",NA,"104412","104412",NA,NA,NA,NA,"Energy Research & Social Science","journal","2214-6296","2025-10-29T00:00:00","2026-02-05T00:54:17.221276"
"S2764593084","ep","W4415642762","10.1016/j.erss.2025.104417",NA,NA,"Youth engagement in community renewable energy in northern and Indigenous communities: Lessons from Peter Ballantyne Cree Nation and Frog Lake First Nation, Canada",2025,"2025-10-29","article","en",0,56,1,1,3,NA,FALSE,FALSE,FALSE,TRUE,"hybrid","130",NA,"104417","104417",NA,NA,NA,NA,"Energy Research & Social Science","journal","2214-6296","2025-10-29T00:00:00","2026-02-22T13:39:03.778224"
"S2764593084","ep","W4415667467","10.1016/j.erss.2025.104408",NA,NA,"Between sunlight and sales: Market access constraints and conceptualizing the renewables pull effect",2025,"2025-10-29","article","en",0,38,1,1,2,NA,FALSE,FALSE,FALSE,TRUE,"hybrid","129",NA,"104408","104408",NA,NA,NA,NA,"Energy Research & Social Science","journal","2214-6296","2025-10-29T00:00:00","2026-02-22T13:39:03.778224"
"S2764593084","ep","W4415667474","10.1016/j.erss.2025.104410",NA,NA,"From data to dignity: Understanding and predicting fuel poverty in the United Kingdom with machine learning",2025,"2025-10-29","article","en",0,50,1,2,2,NA,FALSE,FALSE,FALSE,TRUE,"hybrid","129",NA,"104410","104410",NA,NA,NA,NA,"Energy Research & Social Science","journal","2214-6296","2025-10-29T00:00:00","2026-02-20T08:17:22.645390"
"S2764593084","ep","W4415711332","10.1016/j.erss.2025.104422",NA,NA,"Out of place, scale and time? Navigating injustices across mission arenas of the German Energiewende",2025,"2025-10-30","article","en",0,100,2,1,3,NA,FALSE,FALSE,FALSE,TRUE,"hybrid","130",NA,"104422","104422",NA,NA,NA,NA,"Energy Research & Social Science","journal","2214-6296","2025-10-30T00:00:00","2026-02-23T08:04:50.183275"
"S2764593084","ep","W4415898273","10.1016/j.erss.2025.104420",NA,NA,"Justice and modern slavery in energy sector value chains",2025,"2025-11-05","article","en",0,71,1,3,3,NA,FALSE,FALSE,FALSE,FALSE,"closed","130",NA,"104420","104420",NA,NA,NA,NA,"Energy Research & Social Science","journal","2214-6296","2025-11-05T00:00:00","2026-02-20T08:17:22.645390"
"S2764593084","ep","W4415898277","10.1016/j.erss.2025.104430",NA,NA,"Energy transitions: Plurality as wickedness and governance as clumsiness",2025,"2025-11-05","article","en",0,43,1,2,1,NA,FALSE,FALSE,FALSE,TRUE,"hybrid","130",NA,"104430","104430",NA,NA,NA,NA,"Energy Research & Social Science","journal","2214-6296","2025-11-05T00:00:00","2026-02-22T13:39:03.778224"
"S2764593084","ep","W4415898286","10.1016/j.erss.2025.104436",NA,NA,"Does economics override obstruction? The effects of civic engagement and climate obstruction on residential solar energy adoption in Germany",2025,"2025-11-05","article","en",0,49,2,1,1,NA,FALSE,FALSE,FALSE,TRUE,"hybrid","130",NA,"104436","104436",NA,NA,NA,NA,"Energy Research & Social Science","journal","2214-6296","2025-11-05T00:00:00","2026-02-26T08:16:20.718346"
"S2764593084","ep","W4415898296","10.1016/j.erss.2025.104429",NA,NA,"Top-down policies and bottom-up realities: Governing Europe's just transition in Poland, Bulgaria, and Ireland",2025,"2025-11-05","article","en",0,76,1,1,5,NA,FALSE,FALSE,FALSE,FALSE,"closed","130",NA,"104429","104429",NA,NA,NA,NA,"Energy Research & Social Science","journal","2214-6296","2025-11-05T00:00:00","2026-02-20T08:17:22.645390"
"S2764593084","ep","W4415960656","10.1016/j.erss.2025.104428",NA,NA,"Chile's lithium exceptionalism: Strategic legacies and the contested future of the Salar de Maricunga",2025,"2025-11-06","article","en",0,37,1,5,5,NA,FALSE,FALSE,FALSE,TRUE,"hybrid","130",NA,"104428","104428",NA,NA,NA,NA,"Energy Research & Social Science","journal","2214-6296","2025-11-06T00:00:00","2026-02-22T13:39:03.778224"
"S2764593084","ep","W4416021666","10.1016/j.erss.2025.104437",NA,NA,"Winds of fortune? Understanding the geographic, sociodemographic, and temporal distribution of benefit mechanisms from land-based wind projects in the United States",2025,"2025-11-08","article","en",0,48,1,0,7,NA,FALSE,FALSE,FALSE,TRUE,"hybrid","130",NA,"104437","104437",NA,NA,NA,NA,"Energy Research & Social Science","journal","2214-6296","2025-11-08T00:00:00","2025-11-08T23:25:12.792448"
"S2764593084","ep","W4416021691","10.1016/j.erss.2025.104438",NA,NA,"Decarbonizing urban heating systems in Europe: Navigating governance challenges in seven pioneering cities",2025,"2025-11-08","article","en",0,29,1,3,2,NA,FALSE,FALSE,FALSE,TRUE,"hybrid","130",NA,"104438","104438",NA,NA,NA,NA,"Energy Research & Social Science","journal","2214-6296","2025-11-08T00:00:00","2026-02-20T08:17:22.645390"
"S2764593084","ep","W4416027494","10.1016/j.erss.2025.104414",NA,NA,"Is the sun the new battleground? Investigating the future of energy conflicts over solar power",2025,"2025-11-08","article","en",0,22,1,7,2,NA,FALSE,FALSE,FALSE,FALSE,"closed","130",NA,"104414","104414",NA,NA,NA,NA,"Energy Research & Social Science","journal","2214-6296","2025-11-08T00:00:00","2026-02-20T08:17:22.645390"
"S2764593084","ep","W4416248948","10.1016/j.erss.2025.104448",NA,NA,"Energy as social relation: Refugees' energy commons for infrastructuring beyond the grid",2025,"2025-11-16","article","en",0,57,1,1,2,NA,FALSE,FALSE,FALSE,TRUE,"hybrid","130",NA,"104448","104448",NA,NA,NA,NA,"Energy Research & Social Science","journal","2214-6296","2025-11-15T00:00:00","2026-02-20T08:17:22.645390"
"S2764593084","ep","W4416302856","10.1016/j.erss.2025.104443",NA,NA,"From animal waste to energy: Exploring the effects of household livelihoods on biogas technology use in Rwanda",2025,"2025-11-14","article","en",0,23,1,2,2,NA,FALSE,FALSE,FALSE,TRUE,"hybrid","130",NA,"104443","104443",NA,NA,NA,NA,"Energy Research & Social Science","journal","2214-6296","2025-11-14T00:00:00","2026-02-20T08:17:22.645390"
"S2764593084","ep","W4416302871","10.1016/j.erss.2025.104447",NA,NA,"Negotiating time and energy: How work patterns and social class shape energy flexibility in Norway",2025,"2025-11-14","article","en",0,33,1,1,1,NA,FALSE,FALSE,FALSE,FALSE,"closed","130",NA,"104447","104447",NA,NA,NA,NA,"Energy Research & Social Science","journal","2214-6296","2025-11-14T00:00:00","2026-02-22T13:39:03.778224"
"S2764593084","ep","W4416302897","10.1016/j.erss.2025.104435",NA,NA,"Achieving energy transition and universal electrification in Latin America and the Caribbean: A policy analysis",2025,"2025-11-14","article","en",0,48,2,3,4,NA,FALSE,FALSE,FALSE,TRUE,"green","130",NA,"104435","104435",NA,NA,NA,NA,"Energy Research & Social Science","journal","2214-6296","2025-11-14T00:00:00","2026-02-07T08:09:18.108334"
"S2764593084","ep","W4416302899","10.1016/j.erss.2025.104446",NA,NA,"Taking advantage of collaborative workspaces: Energy community entrepreneurship and their ecosystems in Austria",2025,"2025-11-13","article","en",0,75,1,1,1,NA,FALSE,FALSE,FALSE,FALSE,"closed","130",NA,"104446","104446",NA,NA,NA,NA,"Energy Research & Social Science","journal","2214-6296","2025-11-13T00:00:00","2026-02-20T08:17:22.645390"
"S2764593084","ep","W4416377356","10.1016/j.erss.2025.104440",NA,NA,"Still muddling through: Local sustainability leaders and energy efficiency in rental units",2025,"2025-11-20","article","en",0,38,1,1,3,NA,FALSE,FALSE,FALSE,FALSE,"closed","130",NA,"104440","104440",NA,NA,NA,NA,"Energy Research & Social Science","journal","2214-6296","2025-11-20T00:00:00","2026-02-20T08:17:22.645390"
"S2764593084","ep","W4416382153","10.1016/j.erss.2025.104453",NA,NA,"When retrofit programmes meet everyday life: A socio-technical evaluation of retrofit practices in Aotearoa New Zealand",2025,"2025-11-20","article","en",0,26,1,1,3,NA,FALSE,FALSE,FALSE,TRUE,"hybrid","130",NA,"104453","104453",NA,NA,NA,NA,"Energy Research & Social Science","journal","2214-6296","2025-11-20T00:00:00","2026-02-20T08:17:22.645390"
"S2764593084","ep","W4416411222","10.1016/j.erss.2025.104449",NA,NA,"Just transition to electric vehicles in disadvantaged communities: Integrating transportation, energy, environmental, and climate justice",2025,"2025-11-20","article","en",0,50,1,1,4,NA,FALSE,FALSE,FALSE,FALSE,"closed","130",NA,"104449","104449",NA,NA,NA,NA,"Energy Research & Social Science","journal","2214-6296","2025-11-20T00:00:00","2026-02-20T08:17:22.645390"
"S2764593084","ep","W4416413557","10.1016/j.erss.2025.104459",NA,NA,"Using the Capability-Opportunity-Motivation-Behaviour (COM-B) model to investigate end-user barriers and facilitators to low-rise district heating retrofit in the United Kingdom",2025,"2025-11-20","article","en",0,42,1,1,2,NA,FALSE,FALSE,FALSE,TRUE,"hybrid","130",NA,"104459","104459",NA,NA,NA,NA,"Energy Research & Social Science","journal","2214-6296","2025-11-20T00:00:00","2026-02-20T08:17:22.645390"
"S2764593084","ep","W4416445604","10.1016/j.erss.2025.104452",NA,NA,"Relaunching the Italian energy transition: Are incumbent electric utilities moving from resistance to support?",2025,"2025-11-21","article","en",0,40,1,1,4,NA,FALSE,FALSE,FALSE,TRUE,"hybrid","130",NA,"104452","104452",NA,NA,NA,NA,"Energy Research & Social Science","journal","2214-6296","2025-11-23T00:00:00","2026-02-20T08:17:22.645390"
"S2764593084","ep","W4416516601","10.1016/j.erss.2025.104442",NA,NA,"Frontiers of weatherization: Evolving programmatic needs and expanding evaluation tools",2025,"2025-11-21","article","en",0,57,1,1,5,NA,FALSE,FALSE,FALSE,TRUE,"hybrid","130",NA,"104442","104442",NA,NA,NA,NA,"Energy Research & Social Science","journal","2214-6296","2025-11-23T00:00:00","2026-02-22T13:39:03.778224"
"S2764593084","ep","W4416516669","10.1016/j.erss.2025.104419",NA,NA,"Know Better, Power Smarter: How Energy Literacy Relates to Household Energy Use",2025,"2025-11-21","article","en",0,78,2,1,2,NA,FALSE,FALSE,FALSE,TRUE,"hybrid","130",NA,"104419","104419",NA,NA,NA,NA,"Energy Research & Social Science","journal","2214-6296","2025-11-23T00:00:00","2026-02-22T15:27:11.003080"
"S2764593084","ep","W4416612111","10.1016/j.erss.2025.104450",NA,NA,"“Electric vehicles do not work in the winter”: Exploring the role of misperceptions and socio-psychological factors in zero-emission vehicle adoption",2025,"2025-11-25","article","en",0,89,2,1,4,NA,FALSE,FALSE,FALSE,TRUE,"hybrid","130",NA,"104450","104450",NA,NA,NA,NA,"Energy Research & Social Science","journal","2214-6296","2025-11-25T00:00:00","2026-02-05T00:54:17.221276"
"S2764593084","ep","W4416703817","10.1016/j.erss.2025.104463",NA,NA,"Integrate and embrace or isolate and hide? Using Q-method to understand how to incorporate large-scale solar in rural Nova Scotia, Canada",2025,"2025-11-26","article","en",0,40,2,2,3,NA,FALSE,FALSE,FALSE,TRUE,"hybrid","130",NA,"104463","104463",NA,NA,NA,NA,"Energy Research & Social Science","journal","2214-6296","2025-11-27T00:00:00","2026-02-26T08:16:20.718346"
"S2764593084","ep","W4416760223","10.1016/j.erss.2025.104466",NA,NA,"Energy equity: A rapid evidence review focused on developed economies",2025,"2025-11-28","article","en",0,67,1,2,5,NA,FALSE,FALSE,FALSE,TRUE,"hybrid","131",NA,"104466","104466",NA,NA,NA,NA,"Energy Research & Social Science","journal","2214-6296","2025-11-28T00:00:00","2026-02-20T08:17:22.645390"
"S2764593084","ep","W4416790487","10.1016/j.erss.2025.104469",NA,NA,"Loops, triangles, and transitions - Participatory Systems Mapping of energy poverty policies",2025,"2025-11-28","article","en",0,47,1,1,3,NA,FALSE,FALSE,FALSE,TRUE,"hybrid","130",NA,"104469","104469",NA,NA,NA,NA,"Energy Research & Social Science","journal","2214-6296","2025-11-28T00:00:00","2026-02-22T13:39:03.778224"
"S2764593084","ep","W4416808365","10.1016/j.erss.2025.104472",NA,NA,"Low-carbon value chain building strategies across industrial and political contexts: A comparative analysis of decarbonization efforts in Norwegian and Japanese aviation",2025,"2025-11-29","article","en",0,78,1,1,4,NA,FALSE,FALSE,FALSE,TRUE,"hybrid","131",NA,"104472","104472",NA,NA,NA,NA,"Energy Research & Social Science","journal","2214-6296","2025-11-29T00:00:00","2026-02-20T08:17:22.645390"
"S2764593084","ep","W4416869626","10.1016/j.erss.2025.104462",NA,NA,"Reviewing metrics and indicators for energy, climate, and environmental justice: A synthesis of 25 years of research",2025,"2025-12-01","article","en",0,104,1,0,10,NA,FALSE,FALSE,FALSE,TRUE,"hybrid","130",NA,"104462","104462",NA,NA,NA,NA,"Energy Research & Social Science","journal","2214-6296","2025-12-01T00:00:00","2025-12-03T00:07:38.036990"
"S2764593084","ep","W4416920818","10.1016/j.erss.2025.104473",NA,NA,"New directions for interconnector research: drawing from social sciences and humanities perspectives to explore the Celtic Interconnector",2025,"2025-12-02","article","en",0,20,2,3,13,NA,FALSE,FALSE,FALSE,TRUE,"hybrid","131",NA,"104473","104473",NA,NA,NA,NA,"Energy Research & Social Science","journal","2214-6296","2025-12-02T00:00:00","2026-02-26T08:16:20.718346"
"S2764593084","ep","W4416920820","10.1016/j.erss.2025.104468",NA,NA,"Optimism and pragmatism in mission cities: Exploring narratives for climate neutrality in Stockholm and Amsterdam",2025,"2025-12-02","article","en",0,30,2,1,3,NA,FALSE,FALSE,FALSE,TRUE,"hybrid","131",NA,"104468","104468",NA,NA,NA,NA,"Energy Research & Social Science","journal","2214-6296","2025-12-02T00:00:00","2026-02-22T13:39:03.778224"
"S2764593084","ep","W4416931402","10.1016/j.erss.2025.104476",NA,NA,"“It's time for the community to really get off the ground”: Insights of key actors on energy transition in Nunavik Inuit communities",2025,"2025-12-03","article","en",0,30,1,1,4,NA,FALSE,FALSE,FALSE,TRUE,"hybrid","131",NA,"104476","104476",NA,NA,NA,NA,"Energy Research & Social Science","journal","2214-6296","2025-12-03T00:00:00","2026-02-22T13:39:03.778224"
"S2764593084","ep","W4416951962","10.1016/j.erss.2025.104465",NA,NA,"Gaming the system: exploiting regulatory and institutional loopholes for accumulation in Southern Italy's wind energy sector",2025,"2025-12-01","article","en",0,32,1,1,1,NA,FALSE,FALSE,FALSE,TRUE,"hybrid","130",NA,"104465","104465",NA,NA,NA,NA,"Energy Research & Social Science","journal","2214-6296","2025-12-03T00:00:00","2026-02-22T13:39:03.778224"
"S2764593084","ep","W4416966289","10.1016/j.erss.2025.104474",NA,NA,"Designing effective demand response: A review of behavioral insights, consumer engagement, and operational strategies in energy systems",2025,"2025-12-03","article","en",0,144,1,4,5,NA,FALSE,FALSE,FALSE,TRUE,"hybrid","131",NA,"104474","104474",NA,NA,NA,NA,"Energy Research & Social Science","journal","2214-6296","2025-12-03T00:00:00","2026-02-22T13:39:03.778224"
"S2764593084","ep","W4416972867","10.1016/j.erss.2025.104481",NA,NA,"Blood and soil: How kinship and geographic proximity drive rooftop photovoltaic adoption in rural China",2025,"2025-12-04","article","en",0,45,1,0,4,NA,FALSE,FALSE,FALSE,FALSE,"closed","131",NA,"104481","104481",NA,NA,NA,NA,"Energy Research & Social Science","journal","2214-6296","2025-12-04T00:00:00","2025-12-04T23:51:22.248928"
"S2764593084","ep","W4417062879","10.1016/j.erss.2025.104470",NA,NA,"Designing fair and politically viable transport transitions: A framework for transition assistance policies in higher-income countries",2025,"2025-12-05","article","en",0,101,2,1,3,NA,FALSE,FALSE,FALSE,TRUE,"hybrid","131",NA,"104470","104470",NA,NA,NA,NA,"Energy Research & Social Science","journal","2214-6296","2025-12-05T00:00:00","2026-02-26T08:16:20.718346"
"S2764593084","ep","W4417062996","10.1016/j.erss.2025.104480",NA,NA,"Just business? Rethinking the role of small and medium enterprise climate action through a just transition lens",2025,"2025-12-05","article","en",0,40,4,0,8,NA,FALSE,FALSE,FALSE,TRUE,"hybrid","131",NA,"104480","104480",NA,NA,NA,NA,"Energy Research & Social Science","journal","2214-6296","2025-12-05T00:00:00","2026-02-21T08:31:23.865262"
"S2764593084","ep","W4417256704","10.1016/j.erss.2025.104499",NA,NA,"Energy transition vs. ecotourism in the Colombian Amazon: Community perceptions and sustainability in the San Pedro River basin",2025,"2025-12-11","article","en",0,34,1,2,3,NA,FALSE,FALSE,FALSE,TRUE,"hybrid","131",NA,"104499","104499",NA,NA,NA,NA,"Energy Research & Social Science","journal","2214-6296","2025-12-11T00:00:00","2026-02-22T13:39:03.778224"
"S2764593084","ep","W4417349333","10.1016/j.erss.2025.104492",NA,NA,"The temporal evolution of resistance strategies during low-carbon transitions: Revealing the industry playbook of US, German, and Japanese automakers in the unfolding electric vehicle transition (1990–2025)",2025,"2025-12-16","article","en",0,62,2,3,4,NA,FALSE,FALSE,FALSE,TRUE,"hybrid","131",NA,"104492","104492",NA,NA,NA,NA,"Energy Research & Social Science","journal","2214-6296","2025-12-16T00:00:00","2026-02-25T23:00:34.991745"
"S2764593084","ep","W4417349348","10.1016/j.erss.2025.104506",NA,NA,"Contestation is the process: Media debates, democratic struggles, and the decarbonization of road transport in Norway",2025,"2025-12-16","article","en",0,70,1,0,3,NA,FALSE,FALSE,FALSE,TRUE,"hybrid","131",NA,"104506","104506",NA,NA,NA,NA,"Energy Research & Social Science","journal","2214-6296","2025-12-16T00:00:00","2026-02-22T13:39:03.778224"
"S2764593084","ep","W4417349350","10.1016/j.erss.2025.104513",NA,NA,"Kilometre-scale Earth system models to support the renewable energy transition: a combination of storyline methodologies",2025,"2025-12-16","article","en",0,61,2,5,9,NA,FALSE,FALSE,FALSE,TRUE,"hybrid","131",NA,"104513","104513",NA,NA,NA,NA,"Energy Research & Social Science","journal","2214-6296","2025-12-16T00:00:00","2026-02-22T13:39:03.778224"
"S2764593084","ep","W4417405406","10.1016/j.erss.2025.104502",NA,NA,"Is energy poverty characterized by a gender and migration bias? Microdata evidence from the Netherlands",2025,"2025-12-16","article","en",0,26,1,1,4,NA,FALSE,FALSE,FALSE,TRUE,"hybrid","131",NA,"104502","104502",NA,NA,NA,NA,"Energy Research & Social Science","journal","2214-6296","2025-12-16T00:00:00","2026-02-22T13:39:03.778224"
"S2764593084","ep","W4417487393","10.1016/j.erss.2025.104508",NA,NA,"Repurposing mines for renewable energy: Socio-environmental implications for local communities in Australia and Germany",2025,"2025-12-19","article","en",0,46,1,2,8,NA,FALSE,FALSE,FALSE,TRUE,"hybrid","131",NA,"104508","104508",NA,NA,NA,NA,"Energy Research & Social Science","journal","2214-6296","2025-12-19T00:00:00","2026-02-20T08:17:22.645390"
"S2764593084","ep","W7117962331","10.1016/j.erss.2025.104495",NA,NA,"Eco-equalities for a Just Transition to Net Zero: Applying an equality mainstreaming framework",2026,"2026-01-01","article","en",0,61,2,1,4,0,FALSE,FALSE,FALSE,TRUE,"hybrid","131",NA,"104495","104495","Digital Economy and Work Transformation","Sociology and Political Science","Social Sciences","Social Sciences","Energy Research & Social Science","journal","2214-6296","2026-01-02T00:00:00","2026-02-26T08:16:20.718346"
"S2764593084","ep","W7118011919","10.1016/j.erss.2025.104482",NA,NA,"The flexibility divide—How socioeconomic conditions shape grid-based flexibility in Germany",2026,"2026-01-01","article","en",0,26,1,0,3,0,FALSE,FALSE,FALSE,TRUE,"hybrid","131",NA,"104482","104482","ICT Impact and Policies","Media Technology","Engineering","Physical Sciences","Energy Research & Social Science","journal","2214-6296","2026-01-02T00:00:00","2026-01-02T23:15:32.796280"
"S2764593084","ep","W7118430789","10.1016/j.erss.2025.104529",NA,NA,"Dissent and obstruction: A systematic literature review of the climate countermovement",2026,"2026-01-01","article","en",0,51,1,1,4,0,FALSE,FALSE,FALSE,FALSE,"closed","131",NA,"104529","104529","Climate Change Communication and Perception","Sociology and Political Science","Social Sciences","Social Sciences","Energy Research & Social Science","journal","2214-6296","2026-01-08T00:00:00","2026-01-08T20:10:11.968330"
"S2764593084","ep","W7118473639","10.1016/j.erss.2025.104524",NA,NA,"A moment of rupture and regime destablisation: The contested energy landscape of the Fosen peninsula, Norway",2026,"2026-01-01","article","en",0,51,1,1,2,0,FALSE,FALSE,FALSE,TRUE,"hybrid","131",NA,"104524","104524","Social Acceptance of Renewable Energy","Sociology and Political Science","Social Sciences","Social Sciences","Energy Research & Social Science","journal","2214-6296","2026-01-08T00:00:00","2026-01-08T20:10:11.968330"
"S2764593084","ep","W7118810394","10.1016/j.erss.2026.104534",NA,NA,"The symbolic violence of debt discourse: Protesting electricity bills in Kroboland, Ghana",2026,"2026-01-01","article","en",0,34,1,0,4,0,FALSE,FALSE,FALSE,TRUE,"hybrid","131",NA,"104534","104534","Energy and Environment Impacts","Pollution","Environmental Science","Physical Sciences","Energy Research & Social Science","journal","2214-6296","2026-01-08T00:00:00","2026-01-08T20:10:11.968330"
"S2764593084","ep","W7119467983","10.1016/j.erss.2025.104528",NA,NA,"Governing beyond market and state: A grounded theory of public–commons partnerships in Spain's energy transition",2026,"2026-01-01","article","en",0,29,1,1,3,0,FALSE,FALSE,FALSE,TRUE,"hybrid","131",NA,"104528","104528","Sustainability and Climate Change Governance","Global and Planetary Change","Environmental Science","Physical Sciences","Energy Research & Social Science","journal","2214-6296","2026-01-09T00:00:00","2026-01-09T23:14:04.187858"
"S2764593084","ep","W7119729413","10.1016/j.erss.2025.104496",NA,NA,"Rethinking socio-cultural resistance: Systemic factors behind successful and failed transitions to toilet-linked anaerobic digesters in Nepal and India",2026,"2026-01-01","article","en",0,73,2,4,7,0,FALSE,FALSE,FALSE,TRUE,"hybrid","131",NA,"104496","104496","Anaerobic Digestion and Biogas Production","Building and Construction","Engineering","Physical Sciences","Energy Research & Social Science","journal","2214-6296","2026-01-10T00:00:00","2026-02-26T08:16:20.718346"
"S2764593084","ep","W7122585770","10.1016/j.erss.2026.104535",NA,NA,"Renewable transition building on resettlement society: The case of Inner Mongolia, China",2026,"2026-01-12","article","en",0,53,1,2,2,0,FALSE,FALSE,FALSE,TRUE,"hybrid","132",NA,"104535","104535","Hydropower, Displacement, Environmental Impact","Sociology and Political Science","Social Sciences","Social Sciences","Energy Research & Social Science","journal","2214-6296","2026-01-13T00:00:00","2026-02-23T20:09:44.859080"
"S2764593084","ep","W7123404829","10.1016/j.erss.2026.104539",NA,NA,"Gendered inequalities in hybrid energy access: Socially differentiated challenges on Uganda's Lake Victoria islands",2026,"2026-01-13","article","en",0,38,1,2,6,0,FALSE,FALSE,FALSE,FALSE,"closed","132",NA,"104539","104539","Energy and Environment Impacts","Pollution","Environmental Science","Physical Sciences","Energy Research & Social Science","journal","2214-6296","2026-01-14T00:00:00","2026-01-15T23:16:33.117629"
"S2764593084","ep","W7123661292","10.1016/j.erss.2026.104545",NA,NA,"Assessing health risks associated with energy poverty in French households using structural equation modelling.",2026,"2026-01-14","article","en",0,59,3,0,1,0,FALSE,FALSE,FALSE,TRUE,"hybrid","132",NA,"104545","104545","Energy and Environment Impacts","Pollution","Environmental Science","Physical Sciences","Energy Research & Social Science","journal","2214-6296","2026-01-14T00:00:00","2026-01-23T23:20:30.427331"
"S2764593084","ep","W7123884403","10.1016/j.erss.2025.104519",NA,NA,"Between efficiency and democracy: Explaining support and resistance towards energy transition and prosumer solutions in Polish and Czech housing cooperatives",2026,"2026-01-13","article","en",0,31,1,2,8,0,FALSE,FALSE,FALSE,FALSE,"closed","132",NA,"104519","104519","Housing, Finance, and Neoliberalism","Finance","Economics, Econometrics and Finance","Social Sciences","Energy Research & Social Science","journal","2214-6296","2026-01-14T00:00:00","2026-01-14T23:44:37.837170"
"S2764593084","ep","W7123968282","10.1016/j.erss.2025.104461",NA,NA,"A critical meta-survey of the lifecycle greenhouse gas emissions of hydrogen energy systems",2026,"2026-01-01","article","en",0,53,2,4,4,0,FALSE,FALSE,FALSE,TRUE,"hybrid",NA,NA,"104461","104461","Hybrid Renewable Energy Systems","Energy Engineering and Power Technology","Energy","Physical Sciences","Energy Research & Social Science","journal","2214-6296","2026-01-14T00:00:00","2026-02-25T08:12:03.925757"
"S2764593084","ep","W7124252003","10.1016/j.erss.2026.104538",NA,NA,"What women want: Financing a gender-responsive clean cooking transition",2026,"2026-01-15","article","en",0,39,1,3,4,0,FALSE,FALSE,FALSE,TRUE,"hybrid","132",NA,"104538","104538","Culinary Culture and Tourism","Food Science","Agricultural and Biological Sciences","Life Sciences","Energy Research & Social Science","journal","2214-6296","2026-01-16T00:00:00","2026-01-16T23:21:37.720618"
"S2764593084","ep","W7124286037","10.1016/j.erss.2026.104543",NA,NA,"From invention to mobility and from niches to global races: Organizational leadership in hydrogen- and lithium-powered transport",2026,"2026-01-15","article","en",0,33,1,2,2,0,FALSE,FALSE,FALSE,TRUE,"hybrid","132",NA,"104543","104543","Extraction and Separation Processes","Mechanical Engineering","Engineering","Physical Sciences","Energy Research & Social Science","journal","2214-6296","2026-01-16T00:00:00","2026-01-21T23:30:37.877113"
"S2764593084","ep","W7124287892","10.1016/j.erss.2026.104542",NA,NA,"Phasing out diesel subsidies in Colombia: A social contract perspective on stakeholder consultations",2026,"2026-01-15","article","en",0,23,1,0,1,NA,FALSE,FALSE,FALSE,TRUE,"hybrid","132",NA,"104542","104542","Energy, Environment, and Transportation Policies","Renewable Energy, Sustainability and the Environment","Energy","Physical Sciences","Energy Research & Social Science","journal","2214-6296","2026-01-16T00:00:00","2026-01-16T23:21:37.720618"
"S2764593084","ep","W7124297376","10.1016/j.erss.2026.104536",NA,NA,"Understanding policymaker support of energy decarbonization policies for buildings",2026,"2026-01-15","article","en",0,56,1,1,5,0,FALSE,FALSE,FALSE,FALSE,"closed","132",NA,"104536","104536","Energy Efficiency and Management","Renewable Energy, Sustainability and the Environment","Energy","Physical Sciences","Energy Research & Social Science","journal","2214-6296","2026-01-16T00:00:00","2026-01-17T23:10:49.606395"
"S2764593084","ep","W7124443481","10.1016/j.erss.2026.104546",NA,NA,"Transmission, turbines, and trust: The social dynamics and narratives of opposition to renewable energy infrastructure in regional Australia",2026,"2026-01-16","article","en",0,63,1,1,2,0,FALSE,FALSE,FALSE,TRUE,"hybrid","132",NA,"104546","104546","Social Acceptance of Renewable Energy","Sociology and Political Science","Social Sciences","Social Sciences","Energy Research & Social Science","journal","2214-6296","2026-01-17T00:00:00","2026-01-17T23:15:25.596738"
"S2764593084","ep","W7124458565","10.1016/j.erss.2025.104517",NA,NA,"When a forest is masked by trees: How French subsurface industries involved in decarbonisation and transition policies are instrumentalising poor social acceptance",2026,"2026-01-16","article","en",0,29,2,1,2,0,FALSE,FALSE,FALSE,TRUE,"hybrid","132",NA,"104517","104517","Social Acceptance of Renewable Energy","Sociology and Political Science","Social Sciences","Social Sciences","Energy Research & Social Science","journal","2214-6296","2026-01-17T00:00:00","2026-01-17T23:15:25.596738"
"S2764593084","ep","W7124463402","10.1016/j.erss.2025.104526",NA,NA,"Justice in the spotlight: Do parliamentary debates shape Germany's energy transition?",2026,"2026-01-16","article","en",0,13,1,1,2,0,FALSE,FALSE,FALSE,TRUE,"hybrid","132",NA,"104526","104526","Social Acceptance of Renewable Energy","Sociology and Political Science","Social Sciences","Social Sciences","Energy Research & Social Science","journal","2214-6296","2026-01-17T00:00:00","2026-01-17T23:15:25.596738"
"S2764593084","ep","W7124850027","10.1016/j.erss.2025.104515",NA,NA,"Settler colonialism lock-in: Transitions and the prefiguring of settler futurities",2026,"2026-01-20","article","en",0,73,1,0,2,0,FALSE,FALSE,FALSE,FALSE,"closed","132",NA,"104515","104515","Indigenous Health, Education, and Rights","Health","Social Sciences","Social Sciences","Energy Research & Social Science","journal","2214-6296","2026-01-21T00:00:00","2026-01-22T23:29:09.771500"
"S2764593084","ep","W7124904572","10.1016/j.erss.2026.104554",NA,NA,"Who owns the transition narrative? BERTopic text mining of Polish press discourse on the energy transition (2015–2023)",2026,"2026-01-20","article","en",0,38,1,1,3,0,FALSE,FALSE,FALSE,FALSE,"closed","132",NA,"104554","104554","Social Acceptance of Renewable Energy","Sociology and Political Science","Social Sciences","Social Sciences","Energy Research & Social Science","journal","2214-6296","2026-01-21T00:00:00","2026-02-23T20:09:44.859080"
"S2764593084","ep","W7124974018","10.1016/j.erss.2026.104552",NA,NA,"“Green electricity cockroaches”: An environmental criminology of fraud, embezzlement, and bribery in Taiwan's renewable energy development",2026,"2026-01-20","article","en",0,35,1,1,2,0,FALSE,FALSE,FALSE,FALSE,"closed","132",NA,"104552","104552","Wildlife Conservation and Criminology Analyses","Nature and Landscape Conservation","Environmental Science","Physical Sciences","Energy Research & Social Science","journal","2214-6296","2026-01-21T00:00:00","2026-01-22T23:29:09.771500"
"S2764593084","ep","W7125375609","10.1016/j.erss.2026.104547",NA,NA,"From waste to fuel: Uncovering the drivers of garbage and plastic burning in Northwest Nigeria",2026,"2026-01-22","article","en",0,32,1,1,4,0,FALSE,FALSE,FALSE,TRUE,"hybrid","132",NA,"104547","104547","Municipal Solid Waste Management","Industrial and Manufacturing Engineering","Environmental Science","Physical Sciences","Energy Research & Social Science","journal","2214-6296","2026-01-23T00:00:00","2026-01-23T23:24:52.574035"
"S2764593084","ep","W7125385679","10.1016/j.erss.2026.104531",NA,NA,"Public perceptions under the spotlight: The role of public communication in shaping acceptance and resistance towards nuclear energy and battery manufacturing in Hungary",2026,"2026-01-22","article","en",0,66,1,1,3,0,FALSE,FALSE,FALSE,TRUE,"hybrid","132",NA,"104531","104531","Risk Perception and Management","Sociology and Political Science","Social Sciences","Social Sciences","Energy Research & Social Science","journal","2214-6296","2026-01-23T00:00:00","2026-01-24T23:23:39.755997"
"S2764593084","ep","W7125399859","10.1016/j.erss.2026.104541",NA,NA,"Racing against the clock: Modeling the global transition to renewable energy technologies",2026,"2026-01-21","article","en",0,81,2,1,3,0,FALSE,FALSE,FALSE,FALSE,"closed","132",NA,"104541","104541","Global Energy and Sustainability Research","Renewable Energy, Sustainability and the Environment","Energy","Physical Sciences","Energy Research & Social Science","journal","2214-6296","2026-01-23T00:00:00","2026-01-24T23:23:39.755997"
"S2764593084","ep","W7125586949","10.1016/j.erss.2026.104537",NA,NA,"Proposing a value-sharing mechanism for wind power: Impacts of benefit-sharing and community engagement on acceptance and environmental awareness",2026,"2026-01-24","article","en",0,39,1,0,3,0,FALSE,FALSE,FALSE,TRUE,"hybrid","132",NA,"104537","104537","Social Acceptance of Renewable Energy","Sociology and Political Science","Social Sciences","Social Sciences","Energy Research & Social Science","journal","2214-6296","2026-01-25T00:00:00","2026-01-25T23:08:32.236327"
"S2764593084","ep","W7125600207","10.1016/j.erss.2026.104548",NA,NA,"Winners and losers from the world going green: Index of country-level readiness to energy transition",2026,"2026-01-24","article","en",0,44,1,1,2,0,FALSE,FALSE,FALSE,FALSE,"closed","132",NA,"104548","104548","Environmental Impact and Sustainability","Environmental Engineering","Environmental Science","Physical Sciences","Energy Research & Social Science","journal","2214-6296","2026-01-25T00:00:00","2026-01-26T23:06:41.788003"
"S2764593084","ep","W7125781093","10.1016/j.erss.2026.104568",NA,NA,"Comparing two court rulings on Shell's carbon emissions with climate-policy science",2026,"2026-01-27","article","en",0,25,3,2,2,0,FALSE,FALSE,FALSE,TRUE,"hybrid","132",NA,"104568","104568","Environmental law and policy","Law","Social Sciences","Social Sciences","Energy Research & Social Science","journal","2214-6296","2026-01-28T00:00:00","2026-02-26T08:16:20.718346"
"S2764593084","ep","W7125794875","10.1016/j.erss.2026.104544",NA,NA,"No empty land: Comparing distributional outcomes of solar parks across land tenure regimes in India",2026,"2026-01-27","article","en",0,55,1,1,2,0,FALSE,FALSE,FALSE,TRUE,"hybrid","132",NA,"104544","104544","Agriculture, Land Use, Rural Development","General Agricultural and Biological Sciences","Agricultural and Biological Sciences","Life Sciences","Energy Research & Social Science","journal","2214-6296","2026-01-28T00:00:00","2026-01-29T23:13:10.619473"
"S2764593084","ep","W7125808210","10.1016/j.erss.2026.104540",NA,NA,"Geospatial electrification pathways for Sub-Saharan Africa: A systematic review of planning tools, implementation strategies, and socio-economic impacts",2026,"2026-01-27","article","en",0,41,1,1,6,0,FALSE,FALSE,FALSE,FALSE,"closed","132",NA,"104540","104540","Energy and Environment Impacts","Pollution","Environmental Science","Physical Sciences","Energy Research & Social Science","journal","2214-6296","2026-01-28T00:00:00","2026-01-29T23:13:10.619473"
"S2764593084","ep","W7125809308","10.1016/j.erss.2026.104549",NA,NA,"Driving decarbonization? Corporate responses to the Paris climate agreement in the global automotive sector",2026,"2026-01-27","article","en",0,36,1,0,3,0,FALSE,FALSE,FALSE,FALSE,"closed","132",NA,"104549","104549","Energy, Environment, and Transportation Policies","Renewable Energy, Sustainability and the Environment","Energy","Physical Sciences","Energy Research & Social Science","journal","2214-6296","2026-01-28T00:00:00","2026-01-28T23:18:48.515280"
"S2764593084","ep","W7125945471","10.1016/j.erss.2026.104561",NA,NA,"From wind curtailment to decarbonising urban heat: Experimental governance and multi-system innovation in Zhangjiakou",2026,"2026-01-28","article","en",0,33,1,1,3,0,FALSE,FALSE,FALSE,TRUE,"hybrid","132",NA,"104561","104561","Sustainability and Climate Change Governance","Global and Planetary Change","Environmental Science","Physical Sciences","Energy Research & Social Science","journal","2214-6296","2026-01-29T00:00:00","2026-01-29T23:17:01.242718"
"S2764593084","ep","W7125956662","10.1016/j.erss.2026.104553",NA,NA,"Deconstructing the ivory tower: The liminal space between margins and centers in climate research",2026,"2026-01-28","article","en",0,33,2,4,3,0,FALSE,FALSE,FALSE,TRUE,"hybrid","132",NA,"104553","104553","Feminist Epistemology and Gender Studies","Sociology and Political Science","Social Sciences","Social Sciences","Energy Research & Social Science","journal","2214-6296","2026-01-29T00:00:00","2026-01-29T23:17:01.242718"
"S2764593084","ep","W7126061044","10.1016/j.erss.2026.104560",NA,NA,"The role of infrastructural visibility for social innovation processes: Stabilising new sociomaterial relations through infrastructuring",2026,"2026-01-30","article","en",0,37,1,1,4,0,FALSE,FALSE,FALSE,TRUE,"hybrid","132",NA,"104560","104560","Sustainability and Climate Change Governance","Global and Planetary Change","Environmental Science","Physical Sciences","Energy Research & Social Science","journal","2214-6296","2026-01-30T00:00:00","2026-01-30T23:21:52.101496"
"S2764593084","ep","W7126200351","10.1016/j.erss.2026.104532",NA,NA,"Belonging drives investment intentions: Emotional attachment in sustainable crowdfunding for community energy projects",2026,"2026-01-30","article","en",0,53,1,2,4,0,FALSE,FALSE,FALSE,TRUE,"hybrid","132",NA,"104532","104532","FinTech, Crowdfunding, Digital Finance","Management Information Systems","Business, Management and Accounting","Social Sciences","Energy Research & Social Science","journal","2214-6296","2026-02-01T00:00:00","2026-02-03T00:53:05.648605"
"S2764593084","ep","W7126211770","10.1016/j.erss.2026.104567",NA,NA,"From thermal stress to health risk: Energy and housing injustice in Hong Kong's subdivided homes",2026,"2026-01-30","article","en",0,56,2,2,4,0,FALSE,FALSE,FALSE,FALSE,"closed","132",NA,"104567","104567","Energy and Environment Impacts","Pollution","Environmental Science","Physical Sciences","Energy Research & Social Science","journal","2214-6296","2026-02-01T00:00:00","2026-02-01T03:38:14.988550"
"S2764593084","ep","W7126215813","10.1016/j.erss.2026.104569",NA,NA,"When wind power is rejected: Sámi self-determination and restorative energy justice in Arctic Norway",2026,"2026-01-30","article","en",0,38,1,0,1,0,FALSE,FALSE,FALSE,TRUE,"hybrid","132",NA,"104569","104569","Indigenous Studies and Ecology","General Health Professions","Health Professions","Health Sciences","Energy Research & Social Science","journal","2214-6296","2026-02-01T00:00:00","2026-02-01T03:38:14.988550"
"S2764593084","ep","W7126405440","10.1016/j.erss.2026.104557",NA,NA,"How are Indigenous groups participating in large renewable energy project co-ownership? Mapping global progress",2026,"2026-02-01","article","en",0,30,1,1,2,0,FALSE,FALSE,FALSE,TRUE,"hybrid","132",NA,"104557","104557","Social Acceptance of Renewable Energy","Sociology and Political Science","Social Sciences","Social Sciences","Energy Research & Social Science","journal","2214-6296","2026-02-02T00:00:00","2026-02-03T00:53:05.648605"
"S2764593084","ep","W7126434098","10.1016/j.erss.2026.104564",NA,NA,"Artificial intelligence and the energy transition: Towards ethical and equitable future power systems",2026,"2026-01-31","article","en",0,78,1,1,2,0,FALSE,FALSE,FALSE,TRUE,"hybrid","132",NA,"104564","104564","Smart Grid Security and Resilience","Control and Systems Engineering","Engineering","Physical Sciences","Energy Research & Social Science","journal","2214-6296","2026-02-02T00:00:00","2026-02-23T20:09:44.859080"
"S2764593084","ep","W7127103219","10.1016/j.erss.2026.104581",NA,NA,"The widening gap between copper supply and demand will have an impact on economic development and energy futures",2026,"2026-02-02","article","en",0,27,1,2,4,0,FALSE,FALSE,FALSE,FALSE,"closed","133",NA,"104581","104581","Extraction and Separation Processes","Mechanical Engineering","Engineering","Physical Sciences","Energy Research & Social Science","journal","2214-6296","2026-02-03T00:00:00","2026-02-07T06:11:34.122080"
"S2764593084","ep","W7127176196","10.1016/j.erss.2026.104563",NA,NA,"Beyond geography, destiny, and politics: Exploring policy styles for industrial decarbonisation in Norway, the United Arab Emirates and the United States",2026,"2026-02-01","article","en",0,28,2,0,6,0,FALSE,FALSE,FALSE,FALSE,"closed","132",NA,"104563","104563","Sustainability and Climate Change Governance","Global and Planetary Change","Environmental Science","Physical Sciences","Energy Research & Social Science","journal","2214-6296","2026-02-03T00:00:00","2026-02-23T20:09:44.859080"
"S2764593084","ep","W7127591728","10.1016/j.erss.2026.104578",NA,NA,"Retrofitting Scotland's private rented sector: Challenges and landlord attitudes",2026,"2026-02-04","article","en",0,16,1,1,4,0,FALSE,FALSE,FALSE,TRUE,"hybrid","133",NA,"104578","104578","Housing, Finance, and Neoliberalism","Finance","Economics, Econometrics and Finance","Social Sciences","Energy Research & Social Science","journal","2214-6296","2026-02-06T00:00:00","2026-02-07T06:11:34.122080"
"S2764593084","ep","W7127939089","10.1016/j.erss.2026.104573",NA,NA,"Deliberate destabilization on trial: Fair-process lessons from the Czech Coal Commission",2026,"2026-02-06","article","en",0,51,1,1,3,0,FALSE,FALSE,FALSE,TRUE,"hybrid","133",NA,"104573","104573","Sustainability and Climate Change Governance","Global and Planetary Change","Environmental Science","Physical Sciences","Energy Research & Social Science","journal","2214-6296","2026-02-07T00:00:00","2026-02-07T23:10:03.332741"
"S2764593084","ep","W7127971822","10.1016/j.erss.2026.104559",NA,NA,"Assessing the level and barriers of cross-border electricity interconnection between China and neighboring countries",2026,"2026-02-06","article","en",0,30,1,2,3,0,FALSE,FALSE,FALSE,FALSE,"closed","133",NA,"104559","104559","Global Energy Security and Policy","General Energy","Energy","Physical Sciences","Energy Research & Social Science","journal","2214-6296","2026-02-07T00:00:00","2026-02-07T23:10:03.332741"
"S2764593084","ep","W7128004644","10.1016/j.erss.2026.104582",NA,NA,"Beyond ownership structures: Oil company climate discourses in authoritarian Russia and Kazakhstan",2026,"2026-02-05","article","en",0,47,2,5,4,0,FALSE,FALSE,FALSE,TRUE,"hybrid","133",NA,"104582","104582","Global Energy Security and Policy","General Energy","Energy","Physical Sciences","Energy Research & Social Science","journal","2214-6296","2026-02-07T00:00:00","2026-02-25T23:00:34.991745"
"S2764593084","ep","W7128069583","10.1016/j.erss.2026.104577",NA,NA,"Reacting with recognition? Identifying vulnerability, governance and justice in local heat adaptation planning among 83 C40 cities",2026,"2026-02-05","article","en",0,22,1,0,1,0,FALSE,FALSE,FALSE,TRUE,"hybrid","133",NA,"104577","104577","Sustainability and Climate Change Governance","Global and Planetary Change","Environmental Science","Physical Sciences","Energy Research & Social Science","journal","2214-6296","2026-02-07T00:00:00","2026-02-07T23:10:03.332741"
"S2764593084","ep","W7128303404","10.1016/j.erss.2026.104580",NA,NA,"How much travel is enough? Minimum levels for sustainable mobility: A systematic literature review",2026,"2026-02-06","article","en",0,62,1,0,4,0,FALSE,FALSE,FALSE,FALSE,"closed","133",NA,"104580","104580","Urban Transport and Accessibility","Transportation","Social Sciences","Social Sciences","Energy Research & Social Science","journal","2214-6296","2026-02-09T00:00:00","2026-02-09T06:03:36.439944"
"S2764593084","ep","W7128307519","10.1016/j.erss.2026.104579",NA,NA,"One plug fits all? Multi-sectoral complementarities, operator diversity, and geographies of transition in Spain's electric vehicle recharge networks",2026,"2026-02-06","article","en",0,83,1,0,1,0,FALSE,FALSE,FALSE,TRUE,"hybrid","133",NA,"104579","104579","Water Governance and Infrastructure","Political Science and International Relations","Social Sciences","Social Sciences","Energy Research & Social Science","journal","2214-6296","2026-02-09T00:00:00","2026-02-19T06:27:42.648592"
"S2764593084","ep","W7128365064","10.1016/j.erss.2026.104575",NA,NA,"Seeking recognition justice in Arizona coal country",2026,"2026-02-07","article","en",0,28,1,0,2,0,FALSE,FALSE,FALSE,FALSE,"closed","133",NA,"104575","104575","Mining and Resource Management","Building and Construction","Engineering","Physical Sciences","Energy Research & Social Science","journal","2214-6296","2026-02-10T00:00:00","2026-02-10T06:17:13.238206"
"S2764593084","ep","W7128367948","10.1016/j.erss.2026.104586",NA,NA,"Additional value of multi-city pilot projects in achieving climate neutrality – Lessons from the EU cities mission",2026,"2026-02-07","article","en",0,24,1,0,2,0,FALSE,FALSE,FALSE,FALSE,"closed","133",NA,"104586","104586","Sustainability and Climate Change Governance","Global and Planetary Change","Environmental Science","Physical Sciences","Energy Research & Social Science","journal","2214-6296","2026-02-10T00:00:00","2026-02-10T06:17:13.238206"
"S2764593084","ep","W7128391318","10.1016/j.erss.2026.104566",NA,NA,"The power of plurality: A new taxonomy of actors in the European energy system",2026,"2026-02-08","article","en",0,125,1,1,4,0,FALSE,FALSE,FALSE,FALSE,"closed","133",NA,"104566","104566","Integrated Energy Systems Optimization","Electrical and Electronic Engineering","Engineering","Physical Sciences","Energy Research & Social Science","journal","2214-6296","2026-02-10T00:00:00","2026-02-10T19:14:54.419558"
"S2764593084","ep","W7128434357","10.1016/j.erss.2026.104571",NA,NA,"Conceptualising social value in net zero governance: The case of Bristol City Leap",2026,"2026-02-09","article","en",0,28,3,1,4,0,FALSE,FALSE,FALSE,TRUE,"hybrid","133",NA,"104571","104571","Public Procurement and Policy","Strategy and Management","Business, Management and Accounting","Social Sciences","Energy Research & Social Science","journal","2214-6296","2026-02-10T00:00:00","2026-02-11T14:41:00.668223"
"S2764593084","ep","W7128474561","10.1016/j.erss.2026.104598",NA,NA,"‘Are we part of the equality?’: Reimagining gender equality of energy transition",2026,"2026-02-10","article","en",0,31,1,0,1,0,FALSE,FALSE,FALSE,TRUE,"hybrid","133",NA,"104598","104598","Gender Politics and Representation","Gender Studies","Social Sciences","Social Sciences","Energy Research & Social Science","journal","2214-6296","2026-02-11T00:00:00","2026-02-11T22:13:25.172316"
"S2764593084","ep","W7128513020","10.1016/j.erss.2026.104602",NA,NA,"The landlord - property manager - tenant trilemma: Exploring the decision-making processes in decarbonising the rental housing market",2026,"2026-02-11","article","en",0,49,1,1,1,0,FALSE,FALSE,FALSE,TRUE,"hybrid","133",NA,"104602","104602","Sustainable Building Design and Assessment","Building and Construction","Engineering","Physical Sciences","Energy Research & Social Science","journal","2214-6296","2026-02-11T00:00:00","2026-02-23T20:09:44.859080"
"S2764593084","ep","W7128588740","10.1016/j.erss.2026.104585",NA,NA,"Responsibilized and powerless? Unpacking the individualization of climate mitigation",2026,"2026-02-11","article","en",0,86,2,0,2,0,FALSE,FALSE,FALSE,TRUE,"hybrid","133",NA,"104585","104585","Climate Change and Geoengineering","Global and Planetary Change","Environmental Science","Physical Sciences","Energy Research & Social Science","journal","2214-6296","2026-02-11T00:00:00","2026-02-25T08:12:03.925757"
"S2764593084","ep","W7128644012","10.1016/j.erss.2026.104584",NA,NA,"Can intelligent Renewable Energy Communities deliver on equity for a just energy transition? A policy oriented demonstrator analysis",2026,"2026-02-11","article","en",0,27,1,0,8,0,FALSE,FALSE,FALSE,TRUE,"hybrid","133",NA,"104584","104584","Social Acceptance of Renewable Energy","Sociology and Political Science","Social Sciences","Social Sciences","Energy Research & Social Science","journal","2214-6296","2026-02-12T00:00:00","2026-02-12T06:17:30.163165"
"S2764593084","ep","W7128700344","10.1016/j.erss.2026.104608",NA,NA,"Hidden movers in the wind farm: Functional stakeholders improving offshore wind development in Taiwan",2026,"2026-02-12","article","en",0,47,1,1,7,0,FALSE,FALSE,FALSE,FALSE,"closed","133",NA,"104608","104608","Social Acceptance of Renewable Energy","Sociology and Political Science","Social Sciences","Social Sciences","Energy Research & Social Science","journal","2214-6296","2026-02-13T00:00:00","2026-02-14T06:23:00.392402"
"S2764593084","ep","W7128806387","10.1016/j.erss.2026.104597",NA,NA,"State versus private ownership: Local government preferences in wind power permitting in China",2026,"2026-02-14","article","en",0,62,1,3,2,0,FALSE,FALSE,FALSE,FALSE,"closed","133",NA,"104597","104597","Social Acceptance of Renewable Energy","Sociology and Political Science","Social Sciences","Social Sciences","Energy Research & Social Science","journal","2214-6296","2026-02-14T00:00:00","2026-02-15T05:58:04.055770"
"S2764593084","ep","W7128811232","10.1016/j.erss.2026.104587",NA,NA,"Fission and friction: A systematic review of individual-level determinants of attitudes toward nuclear energy in advanced economies",2026,"2026-02-13","article","en",0,80,1,1,2,0,FALSE,FALSE,FALSE,TRUE,"hybrid","133",NA,"104587","104587","Risk Perception and Management","Sociology and Political Science","Social Sciences","Social Sciences","Energy Research & Social Science","journal","2214-6296","2026-02-14T00:00:00","2026-02-23T20:09:44.859080"
"S2764593084","ep","W7128816646","10.1016/j.erss.2026.104599",NA,NA,"Minerals-for-peace or naked extractivism? Trump and resource imperialism in Ukraine",2026,"2026-02-13","article","en",0,37,1,5,2,0,FALSE,FALSE,FALSE,TRUE,"hybrid","133",NA,"104599","104599","Mining and Resource Management","Building and Construction","Engineering","Physical Sciences","Energy Research & Social Science","journal","2214-6296","2026-02-14T00:00:00","2026-02-14T06:27:19.455381"
"S2764593084","ep","W7128917068","10.1016/j.erss.2026.104606",NA,NA,"Developing a capabilities-based low carbon transition framework: Insights from an empirical study of home improvement practices in Australia",2026,"2026-02-14","article","en",0,41,1,2,8,0,FALSE,FALSE,FALSE,TRUE,"hybrid","133",NA,"104606","104606","Sustainability and Climate Change Governance","Global and Planetary Change","Environmental Science","Physical Sciences","Energy Research & Social Science","journal","2214-6296","2026-02-15T00:00:00","2026-02-15T06:02:07.359773"
"S2764593084","ep","W7129024010","10.1016/j.erss.2026.104600",NA,NA,"Climate change, extractivist infrastructure and environmental conflicts at the Northern Sea-Polar Silk Road intersection",2026,"2026-02-16","article","en",0,94,2,4,7,0,FALSE,FALSE,FALSE,TRUE,"hybrid","133",NA,"104600","104600","Arctic and Russian Policy Studies","Sociology and Political Science","Social Sciences","Social Sciences","Energy Research & Social Science","journal","2214-6296","2026-02-17T00:00:00","2026-02-26T08:16:20.718346"
"S2764593084","ep","W7129315123","10.1016/j.erss.2026.104611",NA,NA,"Fields for food or electricity: revisiting spatial analysis to evaluate land-use priorities for solar siting in Swedish agricultural landscapes",2026,"2026-02-17","article","en",0,57,1,1,3,0,FALSE,FALSE,FALSE,TRUE,"hybrid","133",NA,"104611","104611","Photovoltaic Systems and Sustainability","Environmental Engineering","Environmental Science","Physical Sciences","Energy Research & Social Science","journal","2214-6296","2026-02-18T00:00:00","2026-02-18T06:25:47.457606"
"S2764593084","ep","W7129736272","10.1016/j.erss.2026.104605",NA,NA,"The power of assumptions: A literature review on how algorithmic design influences energy justice in electrical distribution grids",2026,"2026-02-17","article","en",0,43,1,1,4,0,FALSE,FALSE,FALSE,TRUE,"hybrid","133",NA,"104605","104605","Sustainability and Climate Change Governance","Global and Planetary Change","Environmental Science","Physical Sciences","Energy Research & Social Science","journal","2214-6296","2026-02-18T00:00:00","2026-02-18T06:25:47.457606"
"S2764593084","ep","W7130345948","10.1016/j.erss.2026.104604",NA,NA,"Politics of scarcity: Energy crisis and discursive practices in wartime France (1914–1918)",2026,"2026-02-18","article","en",0,45,1,1,3,0,FALSE,FALSE,FALSE,FALSE,"closed","133",NA,"104604","104604","Media Studies and Communication","Communication","Social Sciences","Social Sciences","Energy Research & Social Science","journal","2214-6296","2026-02-19T00:00:00","2026-02-23T20:09:44.859080"
"S2764593084","ep","W7130369417","10.1016/j.erss.2026.104596",NA,NA,"Energy poverty and unpaid work: Evidence from rural China",2026,"2026-02-18","article","en",0,55,1,0,3,0,FALSE,FALSE,FALSE,TRUE,"hybrid","133",NA,"104596","104596","Energy and Environment Impacts","Pollution","Environmental Science","Physical Sciences","Energy Research & Social Science","journal","2214-6296","2026-02-19T00:00:00","2026-02-19T06:31:58.851227"
"S2764593084","ep","W7130415126","10.1016/j.erss.2026.104613",NA,NA,"Finding the way: The situated practice of forging alternative energy futures in two former European coalmining communities",2026,"2026-02-18","article","en",0,46,1,1,2,0,FALSE,FALSE,FALSE,TRUE,"hybrid","133",NA,"104613","104613","Social Acceptance of Renewable Energy","Sociology and Political Science","Social Sciences","Social Sciences","Energy Research & Social Science","journal","2214-6296","2026-02-19T00:00:00","2026-02-20T06:14:18.993340"
"S2764593084","ep","W7130519173","10.1016/j.erss.2026.104609",NA,NA,"Rethinking the gender-energy nexus beyond the productive–reproductive binary: A mixed-methods study from rural Madagascar",2026,"2026-02-19","article","en",0,45,1,2,4,0,FALSE,FALSE,FALSE,TRUE,"hybrid","133",NA,"104609","104609","Energy and Environment Impacts","Pollution","Environmental Science","Physical Sciences","Energy Research & Social Science","journal","2214-6296","2026-02-19T00:00:00","2026-02-20T06:18:38.638704"
"S2764593084","ep","W7130662189","10.1016/j.erss.2026.104589",NA,NA,"Solar Saver(s): A case study of place-based financial intermediation for just transitions to sustainable housing in Australia",2026,"2026-02-20","article","en",0,49,1,2,1,0,FALSE,FALSE,FALSE,TRUE,"hybrid","133",NA,"104589","104589","Housing, Finance, and Neoliberalism","Finance","Economics, Econometrics and Finance","Social Sciences","Energy Research & Social Science","journal","2214-6296","2026-02-20T00:00:00","2026-02-21T06:11:54.161237"
"S2764593084","ep","W7130821604","10.1016/j.erss.2026.104607",NA,NA,"Glocalisation of hydrogen sociotechnical imaginaries in Poland - local technocratic scenarios to align with global transitions",2026,"2026-02-21","article","en",0,38,1,1,2,0,FALSE,FALSE,FALSE,TRUE,"hybrid","133",NA,"104607","104607","Hybrid Renewable Energy Systems","Energy Engineering and Power Technology","Energy","Physical Sciences","Energy Research & Social Science","journal","2214-6296","2026-02-22T00:00:00","2026-02-22T13:46:49.711024"
"S2764593084","ep","W7130835158","10.1016/j.erss.2026.104621",NA,NA,"Stranded futures? Quantifying the asset risks of industrial decarbonisation in developed economies",2026,"2026-02-21","article","en",0,93,1,0,1,0,FALSE,FALSE,FALSE,TRUE,"hybrid","133",NA,"104621","104621","Russia and Soviet political economy","Political Science and International Relations","Social Sciences","Social Sciences","Energy Research & Social Science","journal","2214-6296","2026-02-22T00:00:00","2026-02-23T06:19:19.047976"
"S2764593084","ep","W7130856955","10.1016/j.erss.2026.104617",NA,NA,"Who uses power, who gets microgrids? Uncovering regional trends in energy consumption and microgrid deployment in California",2026,"2026-02-21","article","en",0,48,1,1,3,0,FALSE,FALSE,FALSE,FALSE,"closed","133",NA,"104617","104617","Smart Grid Energy Management","Electrical and Electronic Engineering","Engineering","Physical Sciences","Energy Research & Social Science","journal","2214-6296","2026-02-22T00:00:00","2026-02-23T06:19:19.047976"
"S2764593084","ep","W7131254535","10.1016/j.erss.2026.104618",NA,NA,"From just transition pledges to policy practice: A participatory case study applying the Energy Justice Framework in early-stage transition planning in Vilnius, Lithuania",2026,"2026-02-24","article","en",0,99,1,1,2,0,FALSE,FALSE,FALSE,TRUE,"hybrid","134",NA,"104618","104618","Sustainability and Climate Change Governance","Global and Planetary Change","Environmental Science","Physical Sciences","Energy Research & Social Science","journal","2214-6296","2026-02-25T00:00:00","2026-02-25T06:22:25.187761"
"S2764593084","ep","W7131268414","10.1016/j.erss.2026.104624",NA,NA,"Reclaiming the wind: Indigenous windmills in Iran and their lessons for renewable energy",2026,"2026-02-24","article","en",0,50,1,1,4,0,FALSE,FALSE,FALSE,FALSE,"closed","134",NA,"104624","104624","Energy and Environment Impacts","Pollution","Environmental Science","Physical Sciences","Energy Research & Social Science","journal","2214-6296","2026-02-25T00:00:00","2026-02-25T21:11:00.739837"
"S2764593084","ep","W7131348939","10.1016/j.erss.2026.104614",NA,NA,"From charcoal to clean cooking: Understanding urban household energy choices and behaviors in southern Africa",2026,"2026-02-25","article","en",0,42,1,3,10,0,FALSE,FALSE,FALSE,TRUE,"hybrid","134",NA,"104614","104614","Energy and Environment Impacts","Pollution","Environmental Science","Physical Sciences","Energy Research & Social Science","journal","2214-6296","2026-02-25T00:00:00","2026-02-25T21:15:32.979223"
"S2764593084","ep","W7131355466","10.1016/j.erss.2026.104583",NA,NA,"Same name, different indicator: A systematic review of how energy poverty is measured when viewed through a wellbeing lens",2026,"2026-02-25","article","en",0,125,1,1,3,0,FALSE,FALSE,FALSE,TRUE,"hybrid","133",NA,"104583","104583","Energy and Environment Impacts","Pollution","Environmental Science","Physical Sciences","Energy Research & Social Science","journal","2214-6296","2026-02-25T00:00:00","2026-02-25T21:15:32.979223"
"S2764593084","ep","W7131356749","10.1016/j.erss.2026.104619",NA,NA,"Beyond yes and no: Clustering public perceptions of wave energy on the West Coast of the United States",2026,"2026-02-25","article","en",0,50,1,1,2,0,FALSE,FALSE,FALSE,FALSE,"closed","134",NA,"104619","104619","Social Acceptance of Renewable Energy","Sociology and Political Science","Social Sciences","Social Sciences","Energy Research & Social Science","journal","2214-6296","2026-02-25T00:00:00","2026-02-26T08:16:20.718346"
"S2764593084","ep","W7131365414","10.1016/j.erss.2026.104622",NA,NA,"Energy deprivation and labor market exclusion: Evidence on youth unemployment from West Africa",2026,"2026-02-25","article","en",0,28,1,3,2,0,FALSE,FALSE,FALSE,FALSE,"closed","134",NA,"104622","104622","Economic Growth and Development","Information Systems","Computer Science","Physical Sciences","Energy Research & Social Science","journal","2214-6296","2026-02-25T00:00:00","2026-02-26T08:16:20.718346"
"S2764593084","ep","W7131388396","10.1016/j.erss.2026.104615",NA,NA,"Critical mapping of the energy-gender nexus: From “sex disaggregation” to “doing gender equality”",2026,"2026-02-26","article","en",0,67,1,0,10,0,FALSE,FALSE,FALSE,TRUE,"hybrid","133",NA,"104615","104615","Energy and Environment Impacts","Pollution","Environmental Science","Physical Sciences","Energy Research & Social Science","journal","2214-6296","2026-02-26T00:00:00","2026-02-26T08:16:20.718346"
"S2764593084","ep","W7131394817","10.1016/j.erss.2026.104612",NA,NA,"The impact of geopolitical risks on the dynamic capabilities of Big Oil",2026,"2026-02-25","article","en",0,73,1,0,3,0,FALSE,FALSE,FALSE,TRUE,"hybrid","134",NA,"104612","104612","Global Energy and Sustainability Research","Renewable Energy, Sustainability and the Environment","Energy","Physical Sciences","Energy Research & Social Science","journal","2214-6296","2026-02-26T00:00:00","2026-02-26T08:16:20.718346"
"S167829764","ep","W2033331625","10.1016/j.eiar.2012.01.005",NA,"2033331625","RETRACTED: An assessment of EIA system in India",2012,"2012-03-17","article","en",70,32,1,1,2,11.3879,TRUE,FALSE,FALSE,FALSE,"closed","35",NA,"23","36","Environmental and Social Impact Assessments","Management, Monitoring, Policy and Law","Environmental Science","Physical Sciences","Environmental Impact Assessment Review","journal","0195-9255","2025-10-10T00:00:00","2026-02-15T05:58:04.055770"
"S167829764","ep","W7124833214","10.1016/j.eiar.2026.108345",NA,NA,"Flash flood risk governance system in China and its governance effectiveness",2026,"2026-01-19","article","en",1,101,1,3,8,65.3525,FALSE,FALSE,FALSE,FALSE,"closed","119",NA,"108345","108345","Flood Risk Assessment and Management","Global and Planetary Change","Environmental Science","Physical Sciences","Environmental Impact Assessment Review","journal","0195-9255","2026-01-20T00:00:00","2026-02-23T20:09:44.859080"
"S167829764","ep","W1568034092","10.1016/j.eiar.2006.08.004",NA,"1568034092","Environmental economic impact assessment in China: Problems and prospects",2006,"2006-10-05","preprint","en",2,29,4,2,8,0,FALSE,FALSE,FALSE,FALSE,"closed","27","1","1","25","Environmental and Social Impact Assessments","Management, Monitoring, Policy and Law","Environmental Science","Physical Sciences","Environmental Impact Assessment Review","journal","0195-9255","2025-10-10T00:00:00","2026-02-09T09:26:11.010843"
"S167829764","ep","W2041410988","10.1016/s0195-9255(00)00049-4",NA,"2041410988","A guide to community sustainability indicators",2000,"2000-06-01","article","en",468,10,2,1,2,NA,FALSE,FALSE,FALSE,FALSE,"closed","20","3","381","392",NA,NA,NA,NA,"Environmental Impact Assessment Review","journal","0195-9255","2025-10-10T00:00:00","2026-02-09T09:26:11.010843"
"S167829764","ep","W4415640689","10.1016/j.eiar.2025.108244",NA,NA,"Hidden risks in greening: Unveiling the impact of bare land changes on landscape ecological risks in arid and semi-arid regions of China",2025,"2025-10-28","article","en",2,68,1,1,4,NA,FALSE,FALSE,FALSE,FALSE,"closed","117",NA,"108244","108244",NA,NA,NA,NA,"Environmental Impact Assessment Review","journal","0195-9255","2025-10-29T00:00:00","2026-02-20T08:17:22.645390"
"S167829764","ep","W4416926199","10.1016/j.eiar.2025.108274",NA,NA,"Existing gaps in understanding Sustainable Development Goals interactions: Insights from a systematic review",2025,"2025-12-02","article","en",2,82,1,2,3,NA,FALSE,FALSE,FALSE,TRUE,"hybrid","118",NA,"108274","108274",NA,NA,NA,NA,"Environmental Impact Assessment Review","journal","0195-9255","2025-12-02T00:00:00","2026-02-22T13:39:03.778224"
"S167829764","ep","W4415755338","10.1016/j.eiar.2025.108253",NA,NA,"Evaluating environmental impacts and public preferences in offshore wind farm decommissioning",2025,"2025-10-31","article","en",1,28,1,2,5,NA,FALSE,FALSE,FALSE,TRUE,"hybrid","118",NA,"108253","108253",NA,NA,NA,NA,"Environmental Impact Assessment Review","journal","0195-9255","2025-11-01T00:00:00","2026-02-20T08:17:22.645390"
"S167829764","ep","W4415817280","10.1016/j.eiar.2025.108247",NA,NA,"Reforming trade governance for sustainable resource flows: Ecologically unequal exchange in Pan-Eurasia",2025,"2025-11-03","article","en",1,80,1,1,4,NA,FALSE,FALSE,FALSE,TRUE,"hybrid","118",NA,"108247","108247",NA,NA,NA,NA,"Environmental Impact Assessment Review","journal","0195-9255","2025-11-03T00:00:00","2026-02-20T08:17:22.645390"
"S167829764","ep","W4415915959","10.1016/j.eiar.2025.108255",NA,NA,"Does digital transformation enhance carbon reduction? New evidence from micro-enterprises and listed enterprises in China",2025,"2025-11-05","article","en",1,57,1,1,3,NA,FALSE,FALSE,FALSE,FALSE,"closed","118",NA,"108255","108255",NA,NA,NA,NA,"Environmental Impact Assessment Review","journal","0195-9255","2025-11-05T00:00:00","2026-02-22T13:39:03.778224"
"S167829764","ep","W4416300580","10.1016/j.eiar.2025.108260",NA,NA,"Transitioning to smart circular construction: A conceptual framework for circular economy implementation through Construction 4.0 technologies",2025,"2025-11-12","article","en",1,93,2,0,4,NA,FALSE,FALSE,FALSE,TRUE,"hybrid","118",NA,"108260","108260",NA,NA,NA,NA,"Environmental Impact Assessment Review","journal","0195-9255","2025-11-13T00:00:00","2026-02-26T08:16:20.718346"
"S167829764","ep","W4416343816","10.1016/j.eiar.2025.108262",NA,NA,"Simulation and prediction of heavy metal migration using a Monte Carlo-optimized fugacity model in a Yangtze River Delta Industrial Park",2025,"2025-11-19","article","en",1,58,1,1,7,NA,FALSE,FALSE,FALSE,FALSE,"closed","118",NA,"108262","108262",NA,NA,NA,NA,"Environmental Impact Assessment Review","journal","0195-9255","2025-11-19T00:00:00","2026-02-20T08:17:22.645390"
"S167829764","ep","W4416431146","10.1016/j.eiar.2025.108263",NA,NA,"Advanced and sustainable approach for large-scale, high-quality recycling of predominant pavement waste and its life cycle environmental impact assessment",2025,"2025-11-20","article","en",1,54,1,1,5,NA,FALSE,FALSE,FALSE,FALSE,"closed","118",NA,"108263","108263",NA,NA,NA,NA,"Environmental Impact Assessment Review","journal","0195-9255","2025-11-20T00:00:00","2026-02-20T08:17:22.645390"
"S167829764","ep","W4416527113","10.1016/j.eiar.2025.108266",NA,NA,"Exploring global sustainable development pathways based on the spatial spillover effects of ecological wellbeing performance",2025,"2025-11-21","article","en",1,56,1,1,8,NA,FALSE,FALSE,FALSE,FALSE,"closed","118",NA,"108266","108266",NA,NA,NA,NA,"Environmental Impact Assessment Review","journal","0195-9255","2025-11-23T00:00:00","2026-02-20T08:17:22.645390"
"S167829764","ep","W4416678532","10.1016/j.eiar.2025.108271",NA,NA,"Carbon trading in the construction industry: A systematic review and a vigorous impact assessment framework to facilitate implementation",2025,"2025-11-26","article","en",1,50,1,2,2,NA,FALSE,FALSE,FALSE,FALSE,"closed","118",NA,"108271","108271",NA,NA,NA,NA,"Environmental Impact Assessment Review","journal","0195-9255","2025-11-27T00:00:00","2026-02-20T08:17:22.645390"
"S167829764","ep","W4416733002","10.1016/j.eiar.2025.108277",NA,NA,"The driving factors of CO2 emissions in China's resource processing industry: Evidence from an income-based accounting perspective",2025,"2025-11-27","article","en",1,40,1,1,3,NA,FALSE,FALSE,FALSE,FALSE,"closed","118",NA,"108277","108277",NA,NA,NA,NA,"Environmental Impact Assessment Review","journal","0195-9255","2025-11-28T00:00:00","2026-02-20T08:17:22.645390"
"S167829764","ep","W4416809803","10.1016/j.eiar.2025.108278",NA,NA,"Tracing carbon flow to unravel carbon lock-in in China through a supernetwork-based perspective for targeted decarbonization",2025,"2025-11-27","article","en",1,64,1,1,5,NA,FALSE,FALSE,FALSE,FALSE,"closed","118",NA,"108278","108278",NA,NA,NA,NA,"Environmental Impact Assessment Review","journal","0195-9255","2025-11-28T00:00:00","2026-02-20T08:17:22.645390"
"S167829764","ep","W4417419302","10.1016/j.eiar.2025.108309",NA,NA,"An explainable machine learning approach (SHAP) to assessing desertification risk and its drivers in the Ring-Tarim Basin, 1990–2020",2025,"2025-12-17","article","en",1,68,1,1,6,NA,FALSE,FALSE,FALSE,FALSE,"closed","118",NA,"108309","108309",NA,NA,NA,NA,"Environmental Impact Assessment Review","journal","0195-9255","2025-12-17T00:00:00","2026-02-22T13:39:03.778224"
"S167829764","ep","W4415630228","10.1016/j.eiar.2025.108211",NA,NA,"Impact of sustainable safety climate on poor compliance with personal protective equipment in oil and gas construction projects: quantitative analysis and best sustainable practices",2025,"2025-10-28","article","en",0,93,1,1,2,NA,FALSE,FALSE,FALSE,FALSE,"closed","117",NA,"108211","108211",NA,NA,NA,NA,"Environmental Impact Assessment Review","journal","0195-9255","2025-10-29T00:00:00","2026-02-20T08:17:22.645390"
"S167829764","ep","W4415699064","10.1016/j.eiar.2025.108245",NA,NA,"Integrating participatory GIS, remote sensing, and explainable machine learning to assess forest provisioning services",2025,"2025-10-30","article","en",0,56,1,3,8,NA,FALSE,FALSE,FALSE,TRUE,"hybrid","117",NA,"108245","108245",NA,NA,NA,NA,"Environmental Impact Assessment Review","journal","0195-9255","2025-10-30T00:00:00","2026-02-20T08:17:22.645390"
"S167829764","ep","W4415714843","10.1016/j.eiar.2025.108236",NA,NA,"Unlocking key industrial CCUS potential at county-level: a triad of county-focused source-sink matching methods",2025,"2025-10-30","article","en",0,53,1,1,6,NA,FALSE,FALSE,FALSE,FALSE,"closed","117",NA,"108236","108236",NA,NA,NA,NA,"Environmental Impact Assessment Review","journal","0195-9255","2025-10-30T00:00:00","2026-02-20T08:17:22.645390"
"S167829764","ep","W4415755419","10.1016/j.eiar.2025.108249",NA,NA,"Environmental challenges in advanced treatment of high-salinity mine water: A life cycle assessment perspective",2025,"2025-10-31","article","en",0,65,1,1,8,NA,FALSE,FALSE,FALSE,FALSE,"closed","118",NA,"108249","108249",NA,NA,NA,NA,"Environmental Impact Assessment Review","journal","0195-9255","2025-11-01T00:00:00","2026-02-20T08:17:22.645390"
"S167829764","ep","W4415762782","10.1016/j.eiar.2025.108248",NA,NA,"Coastal squeeze and multi-scenario risk assessment in China, 1985–2024",2025,"2025-11-01","article","en",0,82,1,1,2,NA,FALSE,FALSE,FALSE,FALSE,"closed","118",NA,"108248","108248",NA,NA,NA,NA,"Environmental Impact Assessment Review","journal","0195-9255","2025-11-01T00:00:00","2026-02-20T08:17:22.645390"
"S167829764","ep","W4415849287","10.1016/j.eiar.2025.108239",NA,NA,"CO2 emissions mitigation potential from inter-provincial trade restructuring and technology diffusion in China: A multi-regional Leontief optimization method",2025,"2025-11-04","article","en",0,64,1,2,3,NA,FALSE,FALSE,FALSE,FALSE,"closed","118",NA,"108239","108239",NA,NA,NA,NA,"Environmental Impact Assessment Review","journal","0195-9255","2025-11-04T00:00:00","2026-02-22T13:39:03.778224"
"S167829764","ep","W4415931548","10.1016/j.eiar.2025.108250",NA,NA,"Developing an extreme weather exposure index for urban green infrastructure: A comparative indicator weighting approach applied to South Korea",2025,"2025-11-05","article","en",0,66,1,1,6,NA,FALSE,FALSE,FALSE,FALSE,"closed","118",NA,"108250","108250",NA,NA,NA,NA,"Environmental Impact Assessment Review","journal","0195-9255","2025-11-05T00:00:00","2026-02-20T08:17:22.645390"
"S167829764","ep","W4415983758","10.1016/j.eiar.2025.108256",NA,NA,"A combined territorial life cycle assessment and ecosystem services valuation to analyse the environmental performance of coastal planning scenarios: Insights from a case study in southern France",2025,"2025-11-07","article","en",0,50,3,3,10,NA,FALSE,FALSE,FALSE,TRUE,"green","118",NA,"108256","108256",NA,NA,NA,NA,"Environmental Impact Assessment Review","journal","0195-9255","2025-11-07T00:00:00","2026-02-13T15:27:49.765798"
"S167829764","ep","W4416623013","10.1016/j.eiar.2025.108273",NA,NA,"An impact assessment and decision support tool for geothermal projects in Aotearoa",2025,"2025-11-25","article","en",0,16,1,2,5,NA,FALSE,FALSE,FALSE,TRUE,"hybrid","118",NA,"108273","108273",NA,NA,NA,NA,"Environmental Impact Assessment Review","journal","0195-9255","2025-11-25T00:00:00","2026-02-20T08:17:22.645390"
"S167829764","ep","W4416656133","10.1016/j.eiar.2025.108191",NA,NA,"Innovative safety framework and direct load–settlement method to optimize vertical subgrade modulus in sustainable mat foundations",2025,"2025-11-25","article","en",0,36,1,1,4,NA,FALSE,FALSE,FALSE,TRUE,"hybrid","118",NA,"108191","108191",NA,NA,NA,NA,"Environmental Impact Assessment Review","journal","0195-9255","2025-11-27T00:00:00","2026-02-22T13:39:03.778224"
"S167829764","ep","W4416953507","10.1016/j.eiar.2025.108280",NA,NA,"From global to domestic scales: Do changes in industrial divisions burden sub-national emission reduction?",2025,"2025-12-03","article","en",0,52,1,2,3,NA,FALSE,FALSE,FALSE,FALSE,"closed","118",NA,"108280","108280",NA,NA,NA,NA,"Environmental Impact Assessment Review","journal","0195-9255","2025-12-03T00:00:00","2026-02-22T13:39:03.778224"
"S167829764","ep","W4416953571","10.1016/j.eiar.2025.108295",NA,NA,"Assessing the assessors: A systematic review of neighbourhood sustainability assessment tool effectiveness",2025,"2025-12-03","article","en",0,86,1,1,4,NA,FALSE,FALSE,FALSE,TRUE,"hybrid","118",NA,"108295","108295",NA,NA,NA,NA,"Environmental Impact Assessment Review","journal","0195-9255","2025-12-03T00:00:00","2026-02-22T13:39:03.778224"
"S167829764","ep","W4416953573","10.1016/j.eiar.2025.108281",NA,NA,"Abandonment duration shapes reuse strategies and benefits of abandoned cropland in China",2025,"2025-12-03","article","en",0,57,1,0,9,NA,FALSE,FALSE,FALSE,TRUE,"hybrid","118",NA,"108281","108281",NA,NA,NA,NA,"Environmental Impact Assessment Review","journal","0195-9255","2025-12-03T00:00:00","2025-12-04T23:47:47.292601"
"S167829764","ep","W4416973492","10.1016/j.eiar.2025.108293",NA,NA,"Nudge waste out: Understanding the impacts of green nudges on on-site construction waste management based on metaverse serious game",2025,"2025-12-04","article","en",0,62,1,3,6,NA,FALSE,FALSE,FALSE,FALSE,"closed","118",NA,"108293","108293",NA,NA,NA,NA,"Environmental Impact Assessment Review","journal","0195-9255","2025-12-04T00:00:00","2026-02-22T13:39:03.778224"
"S167829764","ep","W4417057233","10.1016/j.eiar.2025.108297",NA,NA,"Multivariate environmental and social life cycle assessment of circular recycled-plastic voided slabs for data-driven sustainable construction",2025,"2025-12-05","article","en",0,48,1,1,3,NA,FALSE,FALSE,FALSE,TRUE,"hybrid","118",NA,"108297","108297",NA,NA,NA,NA,"Environmental Impact Assessment Review","journal","0195-9255","2025-12-05T00:00:00","2026-02-22T13:39:03.778224"
"S167829764","ep","W4417067876","10.1016/j.eiar.2025.108299",NA,NA,"Assessing synergy of CO2 and pollutant reductions in industrial parks from the industrial chain perspective",2025,"2025-12-06","article","en",0,43,1,1,6,NA,FALSE,FALSE,FALSE,FALSE,"closed","118",NA,"108299","108299",NA,NA,NA,NA,"Environmental Impact Assessment Review","journal","0195-9255","2025-12-06T00:00:00","2026-02-22T13:39:03.778224"
"S167829764","ep","W4417148520","10.1016/j.eiar.2025.108219",NA,NA,"Life beyond the checklist: Revitalizing the potential of environmental impact assessments through co-creation",2025,"2025-12-09","article","en",0,39,5,10,13,NA,FALSE,FALSE,FALSE,TRUE,"green","118",NA,"108219","108219",NA,NA,NA,NA,"Environmental Impact Assessment Review","journal","0195-9255","2025-12-09T00:00:00","2026-02-22T13:39:03.778224"
"S167829764","ep","W4417256726","10.1016/j.eiar.2025.108305",NA,NA,"Assessing and improving the resilience of a stakeholder cooperation network for urban waterlogging disaster management from the perspective of social capital: A case study of China",2025,"2025-12-11","article","en",0,54,1,2,4,NA,FALSE,FALSE,FALSE,FALSE,"closed","118",NA,"108305","108305",NA,NA,NA,NA,"Environmental Impact Assessment Review","journal","0195-9255","2025-12-11T00:00:00","2026-02-22T13:39:03.778224"
"S167829764","ep","W4417499104","10.1016/j.eiar.2025.108310",NA,NA,"Absolute sustainability in product design and development: A holistic framework integrating environmental, social, economic and functional performance",2025,"2025-12-19","article","en",0,71,1,1,4,NA,FALSE,FALSE,FALSE,TRUE,"hybrid","118",NA,"108310","108310",NA,NA,NA,NA,"Environmental Impact Assessment Review","journal","0195-9255","2025-12-19T00:00:00","2026-02-20T08:17:22.645390"
"S167829764","ep","W7118017764","10.1016/j.eiar.2025.108325",NA,NA,"Lake carbon storage as environmental impact indicator: A multi-decadal assessment framework for evaluating sustainable development pathways",2026,"2026-01-02","article","en",0,50,1,1,3,0,FALSE,FALSE,FALSE,FALSE,"closed","118",NA,"108325","108325","Land Use and Ecosystem Services","Global and Planetary Change","Environmental Science","Physical Sciences","Environmental Impact Assessment Review","journal","0195-9255","2026-01-02T00:00:00","2026-01-19T04:01:09.351973"
"S167829764","ep","W7118717735","10.1016/j.eiar.2025.108324",NA,NA,"Ignoring food affordability biases environmental assessments of China's healthy diet transition",2026,"2026-01-06","article","en",0,80,1,2,4,0,FALSE,FALSE,FALSE,TRUE,"hybrid","118",NA,"108324","108324","Agriculture Sustainability and Environmental Impact","Ecology","Environmental Science","Physical Sciences","Environmental Impact Assessment Review","journal","0195-9255","2026-01-08T00:00:00","2026-01-08T20:10:11.968330"
"S167829764","ep","W7119477681","10.1016/j.eiar.2026.108330",NA,NA,"Measurement, prediction, and interpretation of industrial carbon unlocking efficiency",2026,"2026-01-09","article","en",0,73,1,1,6,0,FALSE,FALSE,FALSE,FALSE,"closed","118",NA,"108330","108330","Efficiency Analysis Using DEA","Management Science and Operations Research","Decision Sciences","Social Sciences","Environmental Impact Assessment Review","journal","0195-9255","2026-01-09T00:00:00","2026-01-10T23:39:48.068659"
"S167829764","ep","W7119485962","10.1016/j.eiar.2026.108329",NA,NA,"Revealing the transfer and impacts of ecological footprint embodied in interprovincial trade across China's metacoupled system",2026,"2026-01-09","article","en",0,55,1,1,5,0,FALSE,FALSE,FALSE,FALSE,"closed","118",NA,"108329","108329","Environmental Impact and Sustainability","Environmental Engineering","Environmental Science","Physical Sciences","Environmental Impact Assessment Review","journal","0195-9255","2026-01-09T00:00:00","2026-01-10T23:39:48.068659"
"S167829764","ep","W7119507543","10.1016/j.eiar.2026.108328",NA,NA,"Centralized environmental management: Strengthening enforcement at jurisdictional boundaries",2026,"2026-01-08","article","en",0,42,1,2,4,0,FALSE,FALSE,FALSE,FALSE,"closed","118",NA,"108328","108328","Energy, Environment, Economic Growth","Economics and Econometrics","Economics, Econometrics and Finance","Social Sciences","Environmental Impact Assessment Review","journal","0195-9255","2026-01-09T00:00:00","2026-01-10T23:39:48.068659"
"S167829764","ep","W7119970969","10.1016/j.eiar.2026.108331",NA,NA,"System resilience measurement using input-output disaster analysis",2026,"2026-01-09","article","en",0,55,1,2,3,0,FALSE,FALSE,FALSE,FALSE,"closed","118",NA,"108331","108331","Regional resilience and development","Economics and Econometrics","Economics, Econometrics and Finance","Social Sciences","Environmental Impact Assessment Review","journal","0195-9255","2026-01-10T00:00:00","2026-01-10T23:44:22.266649"
"S167829764","ep","W7124449485","10.1016/j.eiar.2026.108336",NA,NA,"Capturing IPBES diverse values of nature for EIA by surfacing community values: A demonstration in Nigeria",2026,"2026-01-14","article","en",0,48,2,0,4,0,FALSE,FALSE,FALSE,FALSE,"closed","118",NA,"108336","108336","Environmental and Social Impact Assessments","Management, Monitoring, Policy and Law","Environmental Science","Physical Sciences","Environmental Impact Assessment Review","journal","0195-9255","2026-01-17T00:00:00","2026-01-17T23:15:25.596738"
"S167829764","ep","W7124451044","10.1016/j.eiar.2026.108338",NA,NA,"Decoding the indirect impacts of built-up area expansion on habitat quality through cropland displacement",2026,"2026-01-16","article","en",0,82,1,1,5,0,FALSE,FALSE,FALSE,FALSE,"closed","118",NA,"108338","108338","Land Use and Ecosystem Services","Global and Planetary Change","Environmental Science","Physical Sciences","Environmental Impact Assessment Review","journal","0195-9255","2026-01-17T00:00:00","2026-02-23T20:09:44.859080"
"S167829764","ep","W7124681158","10.1016/j.eiar.2026.108343",NA,NA,"An analytical framework of quantifying carbon emission impacts of construction and demolition waste circularity and trading: A case study of the UK",2026,"2026-01-18","article","en",0,71,1,4,5,0,FALSE,FALSE,FALSE,TRUE,"hybrid","118",NA,"108343","108343","Recycled Aggregate Concrete Performance","Building and Construction","Engineering","Physical Sciences","Environmental Impact Assessment Review","journal","0195-9255","2026-01-20T00:00:00","2026-01-20T17:29:24.968406"
"S167829764","ep","W7124688952","10.1016/j.eiar.2026.108342",NA,NA,"Does social stability risk assessment improve social governance level in China?",2026,"2026-01-19","article","en",0,38,1,2,4,0,FALSE,FALSE,FALSE,FALSE,"closed","119",NA,"108342","108342","China's Socioeconomic Reforms and Governance","Political Science and International Relations","Social Sciences","Social Sciences","Environmental Impact Assessment Review","journal","0195-9255","2026-01-20T00:00:00","2026-01-21T23:30:37.877113"
"S167829764","ep","W7124918972","10.1016/j.eiar.2026.108344",NA,NA,"Understanding the village-scale expansion of rural settlements in China from a topographic perspective",2026,"2026-01-20","article","en",0,38,1,1,5,0,FALSE,FALSE,FALSE,FALSE,"closed","119",NA,"108344","108344","Land Use and Ecosystem Services","Global and Planetary Change","Environmental Science","Physical Sciences","Environmental Impact Assessment Review","journal","0195-9255","2026-01-21T00:00:00","2026-02-23T20:09:44.859080"
"S167829764","ep","W7125112834","10.1016/j.eiar.2026.108354",NA,NA,"A lifecycle-integrated GHG management framework: Long-term allocation mechanism to prevent abatement misreporting",2026,"2026-01-21","article","en",0,43,1,2,3,0,FALSE,FALSE,FALSE,TRUE,"hybrid","119",NA,"108354","108354","Climate Change Policy and Economics","Economics and Econometrics","Economics, Econometrics and Finance","Social Sciences","Environmental Impact Assessment Review","journal","0195-9255","2026-01-22T00:00:00","2026-01-23T23:20:30.427331"
"S167829764","ep","W7125383697","10.1016/j.eiar.2026.108350",NA,NA,"Alleviating carbon inequity: Examining the primary mechanisms in China's interprovincial trade",2026,"2026-01-22","article","en",0,51,1,1,2,0,FALSE,FALSE,FALSE,FALSE,"closed","119",NA,"108350","108350","Environmental Impact and Sustainability","Environmental Engineering","Environmental Science","Physical Sciences","Environmental Impact Assessment Review","journal","0195-9255","2026-01-23T00:00:00","2026-01-24T23:23:39.755997"
"S167829764","ep","W7125477125","10.1016/j.eiar.2026.108351",NA,NA,"Coupling physical and social resilience in disaster risk governance: Insights from landslide-prone mountain regions of the eastern Tibetan plateau",2026,"2026-01-23","article","en",0,73,1,2,7,0,FALSE,FALSE,FALSE,FALSE,"closed","119",NA,"108351","108351","Landslides and related hazards","Management, Monitoring, Policy and Law","Environmental Science","Physical Sciences","Environmental Impact Assessment Review","journal","0195-9255","2026-01-24T00:00:00","2026-01-25T23:04:38.658462"
"S167829764","ep","W7125503200","10.1016/j.eiar.2026.108358",NA,NA,"Integrating spatial patterns of ecosystem service scarcity into territorial spatial governance with multiethnic perception perspective",2026,"2026-01-21","article","en",0,38,1,0,5,0,FALSE,FALSE,FALSE,FALSE,"closed","119",NA,"108358","108358","Land Use and Ecosystem Services","Global and Planetary Change","Environmental Science","Physical Sciences","Environmental Impact Assessment Review","journal","0195-9255","2026-01-24T00:00:00","2026-01-24T23:27:35.965710"
"S167829764","ep","W7125784710","10.1016/j.eiar.2026.108360",NA,NA,"Research on multi-dimensional decision-making method of plastic waste management",2026,"2026-01-27","article","en",0,32,1,2,5,0,FALSE,FALSE,FALSE,FALSE,"closed","119",NA,"108360","108360","Microplastics and Plastic Pollution","Pollution","Environmental Science","Physical Sciences","Environmental Impact Assessment Review","journal","0195-9255","2026-01-28T00:00:00","2026-01-29T23:13:10.619473"
"S167829764","ep","W7125828237","10.1016/j.eiar.2026.108353",NA,NA,"Redefining the environmental performance of building-attached photovoltaics enabled by technological advances: A life-cycle quantification of 268 cities in China",2026,"2026-01-27","article","en",0,53,1,1,3,0,FALSE,FALSE,FALSE,FALSE,"closed","119",NA,"108353","108353","Photovoltaic Systems and Sustainability","Environmental Engineering","Environmental Science","Physical Sciences","Environmental Impact Assessment Review","journal","0195-9255","2026-01-28T00:00:00","2026-01-29T23:13:10.619473"
"S167829764","ep","W7125926329","10.1016/j.eiar.2026.108359",NA,NA,"Integrating hybrid life cycle assessment to quantify carbon footprint in mariculture: Overcoming truncation errors and unveiling macroeconomic drivers",2026,"2026-01-29","article","en",0,40,1,1,9,0,FALSE,FALSE,FALSE,FALSE,"closed","119",NA,"108359","108359","Marine Bivalve and Aquaculture Studies","Global and Planetary Change","Environmental Science","Physical Sciences","Environmental Impact Assessment Review","journal","0195-9255","2026-01-29T00:00:00","2026-01-30T23:17:42.513302"
"S167829764","ep","W7126274619","10.1016/j.eiar.2026.108365",NA,NA,"Regional and socioeconomic inequalities in the impact of environmental regulation on green innovation",2026,"2026-01-31","article","en",0,43,1,2,4,0,FALSE,FALSE,FALSE,FALSE,"closed","119",NA,"108365","108365","Energy, Environment, Economic Growth","Economics and Econometrics","Economics, Econometrics and Finance","Social Sciences","Environmental Impact Assessment Review","journal","0195-9255","2026-02-01T00:00:00","2026-02-03T00:53:05.648605"
"S167829764","ep","W7127167376","10.1016/j.eiar.2026.108362",NA,NA,"Comparative prospective life cycle assessment of decarbonization strategies in the Saudi cement industry",2026,"2026-02-02","article","en",0,79,1,1,3,0,FALSE,FALSE,FALSE,TRUE,"hybrid","119",NA,"108362","108362","Concrete and Cement Materials Research","Civil and Structural Engineering","Engineering","Physical Sciences","Environmental Impact Assessment Review","journal","0195-9255","2026-02-03T00:00:00","2026-02-23T20:09:44.859080"
"S167829764","ep","W7127434799","10.1016/j.eiar.2026.108366",NA,NA,"Bridging green economic efficiency gaps between G7 and E7 economies: The role of technological innovation and resource rents",2026,"2026-02-04","article","en",0,39,1,2,2,0,FALSE,FALSE,FALSE,TRUE,"hybrid","119",NA,"108366","108366","Efficiency Analysis Using DEA","Management Science and Operations Research","Decision Sciences","Social Sciences","Environmental Impact Assessment Review","journal","0195-9255","2026-02-04T00:00:00","2026-02-06T02:01:19.302388"
"S167829764","ep","W7128165744","10.1016/j.eiar.2026.108374",NA,NA,"Diversified policy mix selection for building carbon lock-in risk mitigation",2026,"2026-02-06","article","en",0,69,1,1,3,0,FALSE,FALSE,FALSE,FALSE,"closed","119",NA,"108374","108374","Environmental Impact and Sustainability","Environmental Engineering","Environmental Science","Physical Sciences","Environmental Impact Assessment Review","journal","0195-9255","2026-02-07T00:00:00","2026-02-07T23:14:19.703344"
"S167829764","ep","W7128223936","10.1016/j.eiar.2026.108377",NA,NA,"Does agricultural industry agglomeration mitigate the trade shocks on food system resilience? Empirical evidence from China",2026,"2026-02-06","article","en",0,63,3,2,6,0,FALSE,FALSE,FALSE,TRUE,"hybrid","119",NA,"108377","108377","Regional resilience and development","Economics and Econometrics","Economics, Econometrics and Finance","Social Sciences","Environmental Impact Assessment Review","journal","0195-9255","2026-02-08T00:00:00","2026-02-08T23:44:10.112664"
"S167829764","ep","W7128318447","10.1016/j.eiar.2026.108376",NA,NA,"Advancing weather index insurance for climate risk management: A review of modelling techniques and implementation strategies",2026,"2026-02-06","article","en",0,90,1,0,6,0,FALSE,FALSE,FALSE,TRUE,"hybrid","119",NA,"108376","108376","Agricultural risk and resilience","Soil Science","Agricultural and Biological Sciences","Life Sciences","Environmental Impact Assessment Review","journal","0195-9255","2026-02-09T00:00:00","2026-02-09T06:03:36.439944"
"S167829764","ep","W7128496577","10.1016/j.eiar.2026.108383",NA,NA,"Spatial-temporal assessment and optimization of ecological cropland utilization: A case study of China's Huang-Huai-Hai region",2026,"2026-02-10","article","en",0,84,1,1,5,0,FALSE,FALSE,FALSE,FALSE,"closed","119",NA,"108383","108383","Land Use and Ecosystem Services","Global and Planetary Change","Environmental Science","Physical Sciences","Environmental Impact Assessment Review","journal","0195-9255","2026-02-11T00:00:00","2026-02-11T22:13:25.172316"
"S167829764","ep","W7128642133","10.1016/j.eiar.2026.108388",NA,NA,"Marginal and interactive effects of rapid urbanization stress on green spaces in China",2026,"2026-02-12","article","en",0,61,1,0,4,0,FALSE,FALSE,FALSE,FALSE,"closed","119",NA,"108388","108388","Urban Green Space and Health","Health, Toxicology and Mutagenesis","Environmental Science","Physical Sciences","Environmental Impact Assessment Review","journal","0195-9255","2026-02-12T00:00:00","2026-02-12T06:17:30.163165"
"S167829764","ep","W7128741381","10.1016/j.eiar.2026.108390",NA,NA,"The spillovers of ESG performance on peers' debt financing costs: evidence from China",2026,"2026-02-12","article","en",0,49,1,1,3,0,FALSE,FALSE,FALSE,FALSE,"closed","119",NA,"108390","108390","Corporate Social Responsibility Reporting","Strategy and Management","Business, Management and Accounting","Social Sciences","Environmental Impact Assessment Review","journal","0195-9255","2026-02-13T00:00:00","2026-02-14T06:23:00.392402"
"S167829764","ep","W7128925797","10.1016/j.eiar.2026.108387",NA,NA,"Ecological-health risks and priority control factors in acid mine drainage-impacted mining regions: A lifecycle assessment from a source-oriented perspective",2026,"2026-02-14","article","en",0,83,1,1,7,0,FALSE,FALSE,FALSE,FALSE,"closed","119",NA,"108387","108387","Mine drainage and remediation techniques","Environmental Chemistry","Environmental Science","Physical Sciences","Environmental Impact Assessment Review","journal","0195-9255","2026-02-15T00:00:00","2026-02-16T05:59:50.152749"
"S167829764","ep","W7129033165","10.1016/j.eiar.2026.108348",NA,NA,"Digital governance and environmental protection: Evidence from China's data-sharing policies",2026,"2026-02-16","article","en",0,86,1,2,3,0,FALSE,FALSE,FALSE,FALSE,"closed","119",NA,"108348","108348","Energy, Environment, Economic Growth","Economics and Econometrics","Economics, Econometrics and Finance","Social Sciences","Environmental Impact Assessment Review","journal","0195-9255","2026-02-17T00:00:00","2026-02-18T06:20:13.636215"
"S167829764","ep","W7129054778","10.1016/j.eiar.2026.108386",NA,NA,"Over-agglomeration and eco-efficiency trade-offs in China's textile industry: An environmental pressure - based assessment",2026,"2026-02-16","article","en",0,54,1,1,7,0,FALSE,FALSE,FALSE,FALSE,"closed","119",NA,"108386","108386","Environmental Impact and Sustainability","Environmental Engineering","Environmental Science","Physical Sciences","Environmental Impact Assessment Review","journal","0195-9255","2026-02-17T00:00:00","2026-02-23T20:09:44.859080"
"S167829764","ep","W7129840154","10.1016/j.eiar.2026.108394",NA,NA,"Linking production-living-ecological space transformations with sustainable development goals Progress in China's urban agglomerations",2026,"2026-02-17","article","en",0,82,1,2,5,0,FALSE,FALSE,FALSE,FALSE,"closed","119",NA,"108394","108394","Land Use and Ecosystem Services","Global and Planetary Change","Environmental Science","Physical Sciences","Environmental Impact Assessment Review","journal","0195-9255","2026-02-18T00:00:00","2026-02-23T20:09:44.859080"
"S167829764","ep","W7130429406","10.1016/j.eiar.2026.108393",NA,NA,"Toward equitable air environment: Hourly spatiotemporal hotspot evolution and impact mechanisms of urban PM2.5 exposure risk",2026,"2026-02-18","article","en",0,69,1,1,4,0,FALSE,FALSE,FALSE,FALSE,"closed","119",NA,"108393","108393","Air Quality and Health Impacts","Health, Toxicology and Mutagenesis","Environmental Science","Physical Sciences","Environmental Impact Assessment Review","journal","0195-9255","2026-02-19T00:00:00","2026-02-20T06:14:18.993340"
"S167829764","ep","W7130644316","10.1016/j.eiar.2026.108395",NA,NA,"Assessing the impact of tiered water pricing policy on residential water consumption in China: A national evaluation and spatial heterogeneity analysis",2026,"2026-02-20","article","en",0,39,1,1,7,0,FALSE,FALSE,FALSE,FALSE,"closed","119",NA,"108395","108395","Water resources management and optimization","Ocean Engineering","Engineering","Physical Sciences","Environmental Impact Assessment Review","journal","0195-9255","2026-02-20T00:00:00","2026-02-21T06:11:54.161237"
"S167829764","ep","W7131134207","10.1016/j.eiar.2026.108396",NA,NA,"Sustainability analysis of basalt enhanced weathering in China under the carbon neutrality pathway",2026,"2026-02-23","article","en",0,45,1,2,7,0,FALSE,FALSE,FALSE,FALSE,"closed","119",NA,"108396","108396","CO2 Sequestration and Geologic Interactions","Environmental Engineering","Environmental Science","Physical Sciences","Environmental Impact Assessment Review","journal","0195-9255","2026-02-24T00:00:00","2026-02-24T06:20:37.074948"
"S167829764","ep","W7131415770","10.1016/j.eiar.2026.108401",NA,NA,"Cooling varies with green space characteristics: Unraveling nonlinear spatial heterogeneity in cooling effects of urban green spaces with geographic explainable AI",2026,"2026-02-25","article","en",0,63,1,0,7,0,FALSE,FALSE,FALSE,FALSE,"closed","119",NA,"108401","108401","Urban Heat Island Mitigation","Environmental Engineering","Environmental Science","Physical Sciences","Environmental Impact Assessment Review","journal","0195-9255","2026-02-26T00:00:00","2026-02-26T08:16:20.718346"
"S2764911704","ep","W7118878178","10.1016/j.esr.2025.102029",NA,NA,"Driving the energy transition in the GCC: the role of Artificial Intelligence, technology and energy prices",2026,"2026-01-01","article","en",2,42,1,1,3,470.9333,FALSE,FALSE,FALSE,TRUE,"gold","63",NA,"102029","102029","Energy, Environment, Economic Growth","Economics and Econometrics","Economics, Econometrics and Finance","Social Sciences","Energy Strategy Reviews","journal","2211-467X","2026-01-08T00:00:00","2026-02-23T20:09:44.859080"
"S2764911704","ep","W2996602503","10.1016/j.esr.2020.100606",NA,"2996602503","An autopilot for energy models – Automatic generation of renewable supply curves, hourly capacity factors and hourly synthetic electricity demand for arbitrary world regions",2020,"2020-12-25","preprint","en",19,46,7,1,4,1.3357,FALSE,FALSE,FALSE,TRUE,"gold","33",NA,"100606","100606","Integrated Energy Systems Optimization","Electrical and Electronic Engineering","Engineering","Physical Sciences","Energy Strategy Reviews","journal","2211-467X","2025-10-10T00:00:00","2026-02-25T08:12:03.925757"
"S2764911704","ep","W2924763219","10.1016/j.esr.2019.02.004",NA,"2924763219","Production Efficiency of Nodal and Zonal Pricing in Imperfectly Competitive Electricity Markets",2019,"2019-01-01","preprint","en",4,26,9,3,3,0.3577,FALSE,FALSE,FALSE,TRUE,"gold","24",NA,"193","206","Electric Power System Optimization","Electrical and Electronic Engineering","Engineering","Physical Sciences","Energy Strategy Reviews","journal","2211-467X","2025-10-10T00:00:00","2026-02-24T08:05:00.420983"
"S2764911704","ep","W3185392090","10.1016/j.esr.2021.100743",NA,"3185392090","Calculating Great Britain's half-hourly electrical demand from publicly available data",2021,"2021-11-01","preprint","en",3,93,5,1,4,0.3008,FALSE,FALSE,FALSE,TRUE,"gold","38",NA,"100743","100743","Integrated Energy Systems Optimization","Electrical and Electronic Engineering","Engineering","Physical Sciences","Energy Strategy Reviews","journal","2211-467X","2021-08-02T00:00:00","2026-02-25T23:00:34.991745"
"S2764911704","ep","W2970368257","10.1016/j.esr.2019.100410",NA,"2970368257","Can models for long-term decarbonization policies guarantee security of power supply? A perspective from gas and power sector coupling",2019,"2019-09-09","preprint","en",2,41,8,2,4,0,FALSE,FALSE,FALSE,TRUE,"gold","26",NA,"100410","100410","Integrated Energy Systems Optimization","Electrical and Electronic Engineering","Engineering","Physical Sciences","Energy Strategy Reviews","journal","2211-467X","2025-10-10T00:00:00","2026-02-25T23:00:34.991745"
"S2764911704","ep","W4417420053","10.1016/j.esr.2025.101999",NA,NA,"The future of hydrogen as a strategic enabler in integrated energy systems: Technological developments, barriers, and policy implications",2025,"2025-12-17","article","en",3,103,1,2,4,NA,FALSE,FALSE,FALSE,TRUE,"gold","63",NA,"101999","101999",NA,NA,NA,NA,"Energy Strategy Reviews","journal","2211-467X","2025-12-17T00:00:00","2026-02-22T13:39:03.778224"
"S2764911704","ep","W4415829432","10.1016/j.esr.2025.101966",NA,NA,"Unraveling the dynamics of carbon price volatility: A comprehensive analysis of impacts from climate policy, fossil fuel and renewable energy shocks",2025,"2025-11-01","article","en",2,47,2,3,4,NA,FALSE,FALSE,FALSE,TRUE,"gold","62",NA,"101966","101966",NA,NA,NA,NA,"Energy Strategy Reviews","journal","2211-467X","2025-11-04T00:00:00","2026-02-26T08:16:20.718346"
"S2764911704","ep","W4415977161","10.1016/j.esr.2025.101972",NA,NA,"New energy demonstration city policy and urban energy system resilience: Evidence from China",2025,"2025-11-01","article","en",2,68,2,0,3,NA,FALSE,FALSE,FALSE,TRUE,"gold","62",NA,"101972","101972",NA,NA,NA,NA,"Energy Strategy Reviews","journal","2211-467X","2025-11-07T00:00:00","2026-02-26T08:16:20.718346"
"S2764911704","ep","W4416110735","10.1016/j.esr.2025.101978",NA,NA,"Qatar's LNG exports: Advancing efficiency in electricity generation and reducing carbon emissions in the global energy transition",2025,"2025-11-01","article","en",2,39,2,2,2,NA,FALSE,FALSE,FALSE,TRUE,"gold","62",NA,"101978","101978",NA,NA,NA,NA,"Energy Strategy Reviews","journal","2211-467X","2025-10-10T00:00:00","2026-02-25T23:00:34.991745"
"S2764911704","ep","W4416427750","10.1016/j.esr.2025.101965",NA,NA,"Assessing the energy transition pathways: Achieving net zero goals in Sierra Leone by 2050",2025,"2025-11-01","article","en",2,38,2,0,4,NA,FALSE,FALSE,FALSE,TRUE,"gold","62",NA,"101965","101965",NA,NA,NA,NA,"Energy Strategy Reviews","journal","2211-467X","2025-11-20T00:00:00","2026-02-24T08:05:00.420983"
"S2764911704","ep","W4416822745","10.1016/j.esr.2025.101992",NA,NA,"Digital economy and the synergy of pollution control and carbon reduction in agriculture: Dual heterogeneity perspective",2025,"2025-11-01","article","en",2,65,2,1,6,NA,FALSE,FALSE,FALSE,TRUE,"gold","62",NA,"101992","101992",NA,NA,NA,NA,"Energy Strategy Reviews","journal","2211-467X","2025-11-30T00:00:00","2026-02-26T08:16:20.718346"
"S2764911704","ep","W4415766590","10.1016/j.esr.2025.101973",NA,NA,"Exploring the evolution of thermal power market participants' strategies under carbon trading policy: An evolutionary game and system dynamics approach",2025,"2025-11-01","article","en",1,64,2,0,4,NA,FALSE,FALSE,FALSE,TRUE,"gold","62",NA,"101973","101973",NA,NA,NA,NA,"Energy Strategy Reviews","journal","2211-467X","2025-11-01T00:00:00","2026-02-25T23:00:34.991745"
"S2764911704","ep","W4415924948","10.1016/j.esr.2025.101974",NA,NA,"Techno-economic optimization of hydrogen-based hybrid renewable energy systems for rural electrification in sub-Saharan Africa: Case study of a photovoltaic/wind/hydrogen system in Dargalla, Cameroon",2025,"2025-11-01","article","en",1,114,2,0,7,NA,FALSE,FALSE,FALSE,TRUE,"gold","62",NA,"101974","101974",NA,NA,NA,NA,"Energy Strategy Reviews","journal","2211-467X","2025-11-05T00:00:00","2026-02-25T23:00:34.991745"
"S2764911704","ep","W4416038768","10.1016/j.esr.2025.101975",NA,NA,"A meta-analysis of outage cost for value-based reliability planning",2025,"2025-11-01","article","en",1,58,2,1,1,NA,FALSE,FALSE,FALSE,TRUE,"gold","62",NA,"101975","101975",NA,NA,NA,NA,"Energy Strategy Reviews","journal","2211-467X","2025-11-08T00:00:00","2026-02-26T08:16:20.718346"
"S2764911704","ep","W4416186814","10.1016/j.esr.2025.101956",NA,NA,"Nuclear energy and carbon dioxide emissions dynamics with the Fourier nonlinear ARDL approach: The power of shaping the future",2025,"2025-11-01","article","en",1,56,2,0,1,NA,FALSE,FALSE,FALSE,TRUE,"gold","62",NA,"101956","101956",NA,NA,NA,NA,"Energy Strategy Reviews","journal","2211-467X","2025-11-13T00:00:00","2026-02-25T08:12:03.925757"
"S2764911704","ep","W4416269487","10.1016/j.esr.2025.101967",NA,NA,"On the Value of Saved Power in net-zero North-Eastern America",2025,"2025-11-01","article","en",1,34,2,0,3,NA,FALSE,FALSE,FALSE,TRUE,"gold","62",NA,"101967","101967",NA,NA,NA,NA,"Energy Strategy Reviews","journal","2211-467X","2025-11-17T00:00:00","2026-02-26T08:16:20.718346"
"S2764911704","ep","W4417187520","10.1016/j.esr.2025.101996",NA,NA,"A comparative study on energy service policy development and effectiveness in China and United States",2025,"2025-12-10","article","en",1,77,3,2,5,NA,FALSE,FALSE,FALSE,TRUE,"gold","63",NA,"101996","101996",NA,NA,NA,NA,"Energy Strategy Reviews","journal","2211-467X","2025-12-10T00:00:00","2026-02-25T08:12:03.925757"
"S2764911704","ep","W4417444189","10.1016/j.esr.2025.101987",NA,NA,"Warming up the assets: Modelling the role of global warming on green financial assets under bearish, normal and bullish market conditions",2025,"2025-12-18","article","en",1,54,1,4,4,NA,FALSE,FALSE,FALSE,TRUE,"gold","63",NA,"101987","101987",NA,NA,NA,NA,"Energy Strategy Reviews","journal","2211-467X","2025-12-18T00:00:00","2026-02-22T13:39:03.778224"
"S2764911704","ep","W4415711460","10.1016/j.esr.2025.101964",NA,NA,"Decoding electric vehicle adoption intention in densely populated cities: An integrated hybrid SEM–ANN approach",2025,"2025-10-30","article","en",0,127,1,0,4,NA,FALSE,FALSE,FALSE,TRUE,"gold","62",NA,"101964","101964",NA,NA,NA,NA,"Energy Strategy Reviews","journal","2211-467X","2025-10-30T00:00:00","2025-11-06T03:46:38.306776"
"S2764911704","ep","W4415762722","10.1016/j.esr.2025.101962",NA,NA,"Examining the role of pro-market institutions in facilitating global energy transition",2025,"2025-11-01","article","en",0,90,3,0,3,NA,FALSE,FALSE,FALSE,TRUE,"gold","62",NA,"101962","101962",NA,NA,NA,NA,"Energy Strategy Reviews","journal","2211-467X","2025-11-01T00:00:00","2026-02-23T08:04:50.183275"
"S2764911704","ep","W4415829195","10.1016/j.esr.2025.101971",NA,NA,"Southeast Asia faces high stranded asset risk from coal power investments",2025,"2025-11-01","article","en",0,41,2,4,4,NA,FALSE,FALSE,FALSE,TRUE,"gold","62",NA,"101971","101971",NA,NA,NA,NA,"Energy Strategy Reviews","journal","2211-467X","2025-11-04T00:00:00","2026-02-26T08:16:20.718346"
"S2764911704","ep","W4415898397","10.1016/j.esr.2025.101955",NA,NA,"Risk transmission and interconnectedness between Fintech and oil-exporting markets during global crises",2025,"2025-11-01","article","en",0,82,2,2,8,NA,FALSE,FALSE,FALSE,TRUE,"gold","62",NA,"101955","101955",NA,NA,NA,NA,"Energy Strategy Reviews","journal","2211-467X","2025-11-05T00:00:00","2026-02-26T08:16:20.718346"
"S2764911704","ep","W4416021138","10.1016/j.esr.2025.101970",NA,NA,"Can the internet improve green total factor productivity? Evidence from prefecture-level cities of China",2025,"2025-11-01","article","en",0,60,2,1,3,NA,FALSE,FALSE,FALSE,TRUE,"gold","62",NA,"101970","101970",NA,NA,NA,NA,"Energy Strategy Reviews","journal","2211-467X","2025-11-08T00:00:00","2026-02-26T08:16:20.718346"
"S2764911704","ep","W4416021159","10.1016/j.esr.2025.101976",NA,NA,"Exploring knowledge structure of “dual carbon” policies: Combining computational text mining and knowledge graph",2025,"2025-11-01","article","en",0,45,2,2,4,NA,FALSE,FALSE,FALSE,TRUE,"gold","62",NA,"101976","101976",NA,NA,NA,NA,"Energy Strategy Reviews","journal","2211-467X","2025-11-08T00:00:00","2026-02-22T13:39:03.778224"
"S2764911704","ep","W4416028314","10.1016/j.esr.2025.101969",NA,NA,"Do price signals matter? Insights from households’ natural gas consumption in Iran",2025,"2025-11-01","article","en",0,27,2,1,2,NA,FALSE,FALSE,FALSE,TRUE,"gold","62",NA,"101969","101969",NA,NA,NA,NA,"Energy Strategy Reviews","journal","2211-467X","2025-11-08T00:00:00","2026-02-25T08:12:03.925757"
"S2764911704","ep","W4416447836","10.1016/j.esr.2025.101990",NA,NA,"Turbine siting in relation to wind speed: Insights from historical deployment patterns for energy system modeling",2025,"2025-11-01","article","en",0,32,1,1,5,NA,FALSE,FALSE,FALSE,TRUE,"gold","62",NA,"101990","101990",NA,NA,NA,NA,"Energy Strategy Reviews","journal","2211-467X","2025-11-23T00:00:00","2026-02-20T08:17:22.645390"
"S2764911704","ep","W4416528691","10.1016/j.esr.2025.101961",NA,NA,"Decarbonizing East China's energy landscape: The role of geothermal energy in the energy-water-food nexus",2025,"2025-11-01","article","en",0,24,1,5,6,NA,FALSE,FALSE,FALSE,TRUE,"gold","62",NA,"101961","101961",NA,NA,NA,NA,"Energy Strategy Reviews","journal","2211-467X","2025-11-23T00:00:00","2026-02-22T13:39:03.778224"
"S2764911704","ep","W4416642697","10.1016/j.esr.2025.101986",NA,NA,"European CO2 emissions persistence Analysis. A comparative IPCC contributor study with fractional integration",2025,"2025-11-01","article","en",0,83,2,1,3,NA,FALSE,FALSE,FALSE,TRUE,"gold","62",NA,"101986","101986",NA,NA,NA,NA,"Energy Strategy Reviews","journal","2211-467X","2025-11-25T00:00:00","2026-02-25T08:12:03.925757"
"S2764911704","ep","W4416751481","10.1016/j.esr.2025.101995",NA,NA,"The impact of price persistence on greenhouse gas emissions: A fractional integration approach",2025,"2025-11-01","article","en",0,46,1,0,3,NA,FALSE,FALSE,FALSE,TRUE,"gold","62",NA,"101995","101995",NA,NA,NA,NA,"Energy Strategy Reviews","journal","2211-467X","2025-11-28T00:00:00",NA
"S2764911704","ep","W4416868942","10.1016/j.esr.2025.101981",NA,NA,"IMPACCT: An integrated assessment model for policy and financial decision-making in energy planning",2025,"2025-11-01","article","en",0,69,2,0,11,NA,FALSE,FALSE,FALSE,TRUE,"gold","62",NA,"101981","101981",NA,NA,NA,NA,"Energy Strategy Reviews","journal","2211-467X","2025-12-01T00:00:00","2026-02-26T08:16:20.718346"
"S2764911704","ep","W4417031325","10.1016/j.esr.2025.101993",NA,NA,"How do energy efficiency and renewable energy impact carbon emissions in Asian economies?",2025,"2025-11-01","article","en",0,59,2,2,4,NA,FALSE,FALSE,FALSE,TRUE,"gold","62",NA,"101993","101993",NA,NA,NA,NA,"Energy Strategy Reviews","journal","2211-467X","2025-12-05T00:00:00","2026-02-26T08:16:20.718346"
"S2764911704","ep","W4417485854","10.1016/j.esr.2025.102006",NA,NA,"Renewable energy impacts on Canada's remote areas: A review study",2025,"2025-12-19","article","en",0,99,1,0,8,NA,FALSE,FALSE,FALSE,TRUE,"gold","63",NA,"102006","102006",NA,NA,NA,NA,"Energy Strategy Reviews","journal","2211-467X","2025-12-19T00:00:00","2025-12-25T23:11:45.687758"
"S2764911704","ep","W7117878087","10.1016/j.esr.2025.102011",NA,NA,"The impact of financial market development and foreign direct investment on carbon intensity from oil, gas, gas flaring, and cement emissions in GCC Countries: A spatial analysis",2026,"2026-01-01","article","en",0,84,2,0,5,0,FALSE,FALSE,FALSE,TRUE,"gold","63",NA,"102011","102011","Oil, Gas, and Environmental Issues","Renewable Energy, Sustainability and the Environment","Energy","Physical Sciences","Energy Strategy Reviews","journal","2211-467X","2026-01-01T00:00:00","2026-02-26T08:16:20.718346"
"S2764911704","ep","W7118525438","10.1016/j.esr.2025.102010",NA,NA,"Production and certification constraints to sustainable aviation fuel adoption: Analysis and synergistic solutions",2026,"2026-01-01","article","en",0,57,1,1,10,0,FALSE,FALSE,FALSE,TRUE,"gold","63",NA,"102010","102010","Bioenergy crop production and management","Agronomy and Crop Science","Agricultural and Biological Sciences","Life Sciences","Energy Strategy Reviews","journal","2211-467X","2026-01-08T00:00:00","2026-02-23T20:09:44.859080"
"S2764911704","ep","W7118678525","10.1016/j.esr.2025.102019",NA,NA,"The impact of digital inclusive finance on Green low-carbon energy transition: Evidence from China",2026,"2026-01-01","article","en",0,65,1,1,2,0,FALSE,FALSE,FALSE,TRUE,"gold","63",NA,"102019","102019","Energy, Environment, Economic Growth","Economics and Econometrics","Economics, Econometrics and Finance","Social Sciences","Energy Strategy Reviews","journal","2211-467X","2026-01-08T00:00:00","2026-01-08T20:10:11.968330"
"S2764911704","ep","W7118881656","10.1016/j.esr.2025.102015",NA,NA,"Scenarios for universal electricity access with spatial changes in urbanisation: The case of Kenya",2026,"2026-01-01","article","en",0,32,1,3,4,0,FALSE,FALSE,FALSE,TRUE,"gold","63",NA,"102015","102015","Energy and Environment Impacts","Pollution","Environmental Science","Physical Sciences","Energy Strategy Reviews","journal","2211-467X","2026-01-08T00:00:00","2026-01-08T20:10:11.968330"
"S2764911704","ep","W7118918149","10.1016/j.esr.2026.102036",NA,NA,"Exploring the feasibility of low-carbon fuel blends in CCGTs for deep decarbonization of power systems",2026,"2026-01-01","article","en",0,105,1,2,4,0,FALSE,FALSE,FALSE,TRUE,"gold","63",NA,"102036","102036","Hybrid Renewable Energy Systems","Energy Engineering and Power Technology","Energy","Physical Sciences","Energy Strategy Reviews","journal","2211-467X","2026-01-08T00:00:00","2026-01-08T20:10:11.968330"
"S2764911704","ep","W7118936724","10.1016/j.esr.2025.102009",NA,NA,"The dynamic relationship between natural gas and commodity prices through the Russian-Ukrainian crisis framework",2026,"2026-01-01","article","en",0,47,1,2,3,0,FALSE,FALSE,FALSE,TRUE,"gold","63",NA,"102009","102009","Market Dynamics and Volatility","Economics and Econometrics","Economics, Econometrics and Finance","Social Sciences","Energy Strategy Reviews","journal","2211-467X","2026-01-08T00:00:00","2026-01-08T20:10:11.968330"
"S2764911704","ep","W7119080211","10.1016/j.esr.2025.102018",NA,NA,"Here comes the sun…? A systematic literature review of factors supporting or opposing solar energy initiatives",2026,"2026-01-01","article","en",0,46,2,1,3,0,FALSE,FALSE,FALSE,TRUE,"gold","63",NA,"102018","102018","Social Acceptance of Renewable Energy","Sociology and Political Science","Social Sciences","Social Sciences","Energy Strategy Reviews","journal","2211-467X","2026-01-08T00:00:00","2026-02-26T08:16:20.718346"
"S2764911704","ep","W7119101594","10.1016/j.esr.2025.102013",NA,NA,"Stakeholder engagement in decarbonisation and ESG strategies: Investigating global patterns of energy companies in CCUS innovation",2026,"2026-01-01","article","en",0,67,1,1,4,0,FALSE,FALSE,FALSE,TRUE,"gold","63",NA,"102013","102013","Carbon Dioxide Capture Technologies","Mechanical Engineering","Engineering","Physical Sciences","Energy Strategy Reviews","journal","2211-467X","2026-01-08T00:00:00","2026-02-23T20:09:44.859080"
"S2764911704","ep","W7119107475","10.1016/j.esr.2025.102004",NA,NA,"Carbon tax and household energy choices: A regional study of the UK",2026,"2026-01-01","article","en",0,46,1,3,4,0,FALSE,FALSE,FALSE,TRUE,"gold","63",NA,"102004","102004","demographic modeling and climate adaptation","Management Science and Operations Research","Decision Sciences","Social Sciences","Energy Strategy Reviews","journal","2211-467X","2026-01-08T00:00:00","2026-01-08T20:10:11.968330"
"S2764911704","ep","W7119139074","10.1016/j.esr.2025.102012",NA,NA,"Energy security risk and private sector development: A pathway to renewable energy investment in emerging economies",2026,"2026-01-01","article","en",0,56,1,3,3,0,FALSE,FALSE,FALSE,TRUE,"gold","63",NA,"102012","102012","Global Energy Security and Policy","General Energy","Energy","Physical Sciences","Energy Strategy Reviews","journal","2211-467X","2026-01-08T00:00:00","2026-01-08T20:10:11.968330"
"S2764911704","ep","W7119484290","10.1016/j.esr.2026.102042",NA,NA,"Stoking the flames of change: AI-driven energy transition in urban China through nonlinear dynamics and spatial spillover effect",2026,"2026-01-01","article","en",0,51,2,1,5,0,FALSE,FALSE,FALSE,TRUE,"gold","63",NA,"102042","102042","Energy, Environment, Economic Growth","Economics and Econometrics","Economics, Econometrics and Finance","Social Sciences","Energy Strategy Reviews","journal","2211-467X","2026-01-09T00:00:00","2026-02-25T23:00:34.991745"
"S2764911704","ep","W7119681330","10.1016/j.esr.2025.102031",NA,NA,"Riding out the storm: High-frequency data for enhanced oil market risk forecasting",2026,"2026-01-01","article","en",0,80,1,1,1,0,FALSE,FALSE,FALSE,TRUE,"gold","63",NA,"102031","102031","Market Dynamics and Volatility","Economics and Econometrics","Economics, Econometrics and Finance","Social Sciences","Energy Strategy Reviews","journal","2211-467X","2026-01-10T00:00:00","2026-01-11T23:08:45.486102"
"S2764911704","ep","W7119835723","10.1016/j.esr.2026.102035",NA,NA,"Back to the past? Discourse coalitions in Italy's emerging nuclear policy debate",2026,"2026-01-01","article","en",0,26,3,0,6,0,FALSE,FALSE,FALSE,TRUE,"gold","63",NA,"102035","102035","Risk Perception and Management","Sociology and Political Science","Social Sciences","Social Sciences","Energy Strategy Reviews","journal","2211-467X","2026-01-10T00:00:00","2026-01-10T23:44:22.266649"
"S2764911704","ep","W7122675039","10.1016/j.esr.2026.102037",NA,NA,"Cost-effective decarbonization of industrial energy systems through hybrid renewable integration: A long-term MILP optimization",2026,"2026-01-01","article","en",0,68,1,1,2,0,FALSE,FALSE,FALSE,TRUE,"gold","63",NA,"102037","102037","Integrated Energy Systems Optimization","Electrical and Electronic Engineering","Engineering","Physical Sciences","Energy Strategy Reviews","journal","2211-467X","2026-01-13T00:00:00","2026-01-13T01:18:01.560105"
"S2764911704","ep","W7122689686","10.1016/j.esr.2026.102044",NA,NA,"Building operational energy saving opportunities: A clustering analysis of Ethiopian urban housing",2026,"2026-01-01","article","en",0,38,1,0,3,0,FALSE,FALSE,FALSE,TRUE,"gold","63",NA,"102044","102044","Sustainable Building Design and Assessment","Building and Construction","Engineering","Physical Sciences","Energy Strategy Reviews","journal","2211-467X","2026-01-13T00:00:00","2026-01-14T00:41:55.809242"
"S2764911704","ep","W7124164687","10.1016/j.esr.2025.102024",NA,NA,"The impact of artificial intelligence applications on improving energy efficiency and avoiding energy rebound: Evidence from China's “national smart city pilot” policy",2026,"2026-01-01","article","en",0,91,1,1,4,0,FALSE,FALSE,FALSE,TRUE,"gold","63",NA,"102024","102024","Energy, Environment, and Transportation Policies","Renewable Energy, Sustainability and the Environment","Energy","Physical Sciences","Energy Strategy Reviews","journal","2211-467X","2026-01-15T00:00:00","2026-01-16T23:16:36.188383"
"S2764911704","ep","W7124299028","10.1016/j.esr.2026.102040",NA,NA,"Fossil-fuel subsidies and energy-firm outcomes in the European Union: Economic and environmental performance",2026,"2026-01-01","article","en",0,35,1,0,3,NA,FALSE,FALSE,FALSE,TRUE,"gold","63",NA,"102040","102040","Energy, Environment, and Transportation Policies","Renewable Energy, Sustainability and the Environment","Energy","Physical Sciences","Energy Strategy Reviews","journal","2211-467X","2026-01-16T00:00:00","2026-01-16T23:21:37.720618"
"S2764911704","ep","W7124457285","10.1016/j.esr.2025.102030",NA,NA,"Renewable energy sector and energy transition in G-10 countries: Role of price, quantity and outcome based monetary policy",2026,"2026-01-01","article","en",0,33,1,0,5,0,FALSE,FALSE,FALSE,TRUE,"gold","63",NA,"102030","102030","Global Energy Security and Policy","General Energy","Energy","Physical Sciences","Energy Strategy Reviews","journal","2211-467X","2026-01-17T00:00:00","2026-01-17T23:15:25.596738"
"S2764911704","ep","W7125111161","10.1016/j.esr.2026.102045",NA,NA,"Energy security, energy consumption, and stringent climate policy in European Union countries: Is environmental tax effective?",2026,"2026-01-01","article","en",0,60,1,1,2,0,FALSE,FALSE,FALSE,TRUE,"gold","63",NA,"102045","102045","Global Energy Security and Policy","General Energy","Energy","Physical Sciences","Energy Strategy Reviews","journal","2211-467X","2026-01-22T00:00:00","2026-01-22T23:33:04.759266"
"S2764911704","ep","W7125129595","10.1016/j.esr.2026.102058",NA,NA,"Site selection for onshore wind energy in Iceland using GIS-based mapping",2026,"2026-01-01","article","en",0,58,1,0,3,0,FALSE,FALSE,FALSE,TRUE,"gold","63",NA,"102058","102058","Wind Energy Research and Development","Aerospace Engineering","Engineering","Physical Sciences","Energy Strategy Reviews","journal","2211-467X","2026-01-22T00:00:00","2026-01-22T23:33:04.759266"
"S2764911704","ep","W7125153475","10.1016/j.esr.2025.102027",NA,NA,"Geopolitical risks and environmental sustainability: Can economic complexity and renewables tip the balance?",2026,"2026-01-01","article","en",0,89,1,6,7,0,FALSE,FALSE,FALSE,TRUE,"gold","63",NA,"102027","102027","Economic and Technological Innovation","Economics and Econometrics","Economics, Econometrics and Finance","Social Sciences","Energy Strategy Reviews","journal","2211-467X","2026-01-22T00:00:00","2026-01-22T23:33:04.759266"
"S2764911704","ep","W7125171490","10.1016/j.esr.2025.102025",NA,NA,"The effects of the new energy demonstration city policy on regional green technological innovation: Evidence from China",2026,"2026-01-01","article","en",0,75,1,0,2,0,FALSE,FALSE,FALSE,TRUE,"gold","63",NA,"102025","102025","Energy, Environment, Economic Growth","Economics and Econometrics","Economics, Econometrics and Finance","Social Sciences","Energy Strategy Reviews","journal","2211-467X","2026-01-22T00:00:00","2026-01-22T23:33:04.759266"
"S2764911704","ep","W7125389603","10.1016/j.esr.2026.102061",NA,NA,"Rethinking value of lost load in high-reliability electricity systems: methodological challenges and policy implications",2026,"2026-01-01","article","en",0,45,2,1,2,0,FALSE,FALSE,FALSE,TRUE,"gold","63",NA,"102061","102061","Power System Reliability and Maintenance","Safety, Risk, Reliability and Quality","Engineering","Physical Sciences","Energy Strategy Reviews","journal","2211-467X","2026-01-23T00:00:00","2026-01-23T23:24:52.574035"
"S2764911704","ep","W7125443102","10.1016/j.esr.2026.102075",NA,NA,"Unveiling the complexity paradox: How does energy policy mix complexity shape low-carbon transitions?",2026,"2026-01-01","article","en",0,92,2,0,4,0,FALSE,FALSE,FALSE,TRUE,"gold","63",NA,"102075","102075","Sustainability and Climate Change Governance","Global and Planetary Change","Environmental Science","Physical Sciences","Energy Strategy Reviews","journal","2211-467X","2026-01-23T00:00:00","2026-02-24T08:05:00.420983"
"S2764911704","ep","W7125518940","10.1016/j.esr.2026.102046",NA,NA,"Guiding FDI targeting for sectoral energy strategy: PVAR evidence from 43 emerging and developing economies",2026,"2026-01-01","article","en",0,104,2,0,4,0,FALSE,FALSE,FALSE,TRUE,"gold","63",NA,"102046","102046","Energy, Environment, Economic Growth","Economics and Econometrics","Economics, Econometrics and Finance","Social Sciences","Energy Strategy Reviews","journal","2211-467X","2026-01-24T00:00:00","2026-02-26T08:16:20.718346"
"S2764911704","ep","W7125528703","10.1016/j.esr.2026.102057",NA,NA,"Exploring the interplay between renewable energy, agriculture, clean technologies, natural resources, and environmental sustainability",2026,"2026-01-23","article","en",0,67,2,0,3,0,FALSE,FALSE,FALSE,TRUE,"gold","64",NA,"102057","102057","Energy, Environment, Economic Growth","Economics and Econometrics","Economics, Econometrics and Finance","Social Sciences","Energy Strategy Reviews","journal","2211-467X","2026-01-24T00:00:00","2026-02-25T23:00:34.991745"
"S2764911704","ep","W7125579169","10.1016/j.esr.2026.102069",NA,NA,"Energy price crisis and crash early warning system",2026,"2026-01-24","article","en",0,48,2,0,3,0,FALSE,FALSE,FALSE,TRUE,"gold","64",NA,"102069","102069","Market Dynamics and Volatility","Economics and Econometrics","Economics, Econometrics and Finance","Social Sciences","Energy Strategy Reviews","journal","2211-467X","2026-01-25T00:00:00","2026-02-26T08:16:20.718346"
"S2764911704","ep","W7125583685","10.1016/j.esr.2026.102080",NA,NA,"A time-varying analysis of the responsible AI and energy crisis link: Fresh findings from TVP-VAR-SV",2026,"2026-01-24","article","en",0,55,1,1,1,0,FALSE,FALSE,FALSE,TRUE,"gold","64",NA,"102080","102080","Market Dynamics and Volatility","Economics and Econometrics","Economics, Econometrics and Finance","Social Sciences","Energy Strategy Reviews","journal","2211-467X","2026-01-25T00:00:00","2026-01-25T23:08:32.236327"
"S2764911704","ep","W7125587016","10.1016/j.esr.2026.102074",NA,NA,"Asymmetric effects of oil price fluctuations on financial stress",2026,"2026-01-24","article","en",0,46,1,1,1,0,FALSE,FALSE,FALSE,TRUE,"gold","64",NA,"102074","102074","Market Dynamics and Volatility","Economics and Econometrics","Economics, Econometrics and Finance","Social Sciences","Energy Strategy Reviews","journal","2211-467X","2026-01-25T00:00:00","2026-01-25T23:08:32.236327"
"S2764911704","ep","W7125596492","10.1016/j.esr.2026.102059",NA,NA,"A novel fractal fuzzy decision-making model for ESG-based prioritization of energy poverty alleviation strategies",2026,"2026-01-23","article","en",0,37,2,4,5,0,FALSE,FALSE,FALSE,TRUE,"gold","64",NA,"102059","102059","Energy and Environment Impacts","Pollution","Environmental Science","Physical Sciences","Energy Strategy Reviews","journal","2211-467X","2026-01-25T00:00:00","2026-02-26T08:16:20.718346"
"S2764911704","ep","W7125604088","10.1016/j.esr.2026.102052",NA,NA,"Renewable energy, digitalization, and governance effectiveness: Pathways to environmental sustainability in South Asia",2026,"2026-01-24","article","en",0,117,1,3,7,0,FALSE,FALSE,FALSE,TRUE,"gold","64",NA,"102052","102052","Energy, Environment, Economic Growth","Economics and Econometrics","Economics, Econometrics and Finance","Social Sciences","Energy Strategy Reviews","journal","2211-467X","2026-01-25T00:00:00","2026-02-23T20:09:44.859080"
"S2764911704","ep","W7125605534","10.1016/j.esr.2026.102067",NA,NA,"Between progress and preservation: the socio-economic challenges of positive energy district in Stavanger, Norway",2026,"2026-01-24","article","en",0,34,2,1,1,0,FALSE,FALSE,FALSE,TRUE,"gold","64",NA,"102067","102067","Sustainability and Climate Change Governance","Global and Planetary Change","Environmental Science","Physical Sciences","Energy Strategy Reviews","journal","2211-467X","2026-01-25T00:00:00","2026-02-26T08:16:20.718346"
"S2764911704","ep","W7125922162","10.1016/j.esr.2026.102086",NA,NA,"Consumer vs producer subsidies for renewable energy: The role of perception efficiency and policy portfolio in a power supply chain",2026,"2026-01-28","article","en",0,43,1,0,3,0,FALSE,FALSE,FALSE,TRUE,"gold","64",NA,"102086","102086","Energy Efficiency and Management","Renewable Energy, Sustainability and the Environment","Energy","Physical Sciences","Energy Strategy Reviews","journal","2211-467X","2026-01-29T00:00:00","2026-01-29T23:17:01.242718"
"S2764911704","ep","W7125938168","10.1016/j.esr.2026.102087",NA,NA,"Data-driven smart governance for dual-dimensional optimization of urban renewable energy systems: Enhancing transition depth and breadth",2026,"2026-01-28","article","en",0,76,1,1,2,0,FALSE,FALSE,FALSE,TRUE,"gold","64",NA,"102087","102087","Sustainability and Climate Change Governance","Global and Planetary Change","Environmental Science","Physical Sciences","Energy Strategy Reviews","journal","2211-467X","2026-01-29T00:00:00","2026-02-23T20:09:44.859080"
"S2764911704","ep","W7126174269","10.1016/j.esr.2026.102066",NA,NA,"Bridging the energy divide. China energy loans and rural electrification in developing countries",2026,"2026-01-30","article","en",0,24,1,0,3,0,FALSE,FALSE,FALSE,TRUE,"gold","64",NA,"102066","102066","Energy and Environment Impacts","Pollution","Environmental Science","Physical Sciences","Energy Strategy Reviews","journal","2211-467X","2026-02-01T00:00:00","2026-02-01T03:38:14.988550"
"S2764911704","ep","W7126203889","10.1016/j.esr.2026.102105",NA,NA,"Enhancing the understanding of China's wind power development: Spatial-temporal dynamics and determinants from a whole industry chain perspective",2026,"2026-01-30","article","en",0,45,1,1,6,0,FALSE,FALSE,FALSE,TRUE,"gold","64",NA,"102105","102105","Social Acceptance of Renewable Energy","Sociology and Political Science","Social Sciences","Social Sciences","Energy Strategy Reviews","journal","2211-467X","2026-02-01T00:00:00","2026-02-01T03:38:14.988550"
"S2764911704","ep","W7126380291","10.1016/j.esr.2026.102088",NA,NA,"A decade of energy-system modelling for Greece: a systematic literature review",2026,"2026-02-01","article","en",0,169,2,0,15,0,FALSE,FALSE,FALSE,TRUE,"gold","64",NA,"102088","102088","Integrated Energy Systems Optimization","Electrical and Electronic Engineering","Engineering","Physical Sciences","Energy Strategy Reviews","journal","2211-467X","2026-02-02T00:00:00","2026-02-26T08:16:20.718346"
"S2764911704","ep","W7126412951","10.1016/j.esr.2026.102060",NA,NA,"Navigating tail risks: The influence of geopolitical uncertainty on clean and carbon energy",2026,"2026-01-31","article","en",0,74,2,2,3,0,FALSE,FALSE,FALSE,TRUE,"gold","64",NA,"102060","102060","Market Dynamics and Volatility","Economics and Econometrics","Economics, Econometrics and Finance","Social Sciences","Energy Strategy Reviews","journal","2211-467X","2026-02-02T00:00:00","2026-02-03T00:53:05.648605"
"S2764911704","ep","W7127042237","10.1016/j.esr.2026.102054",NA,NA,"Artificial intelligence adoption and private investment in renewable energy: Evidence from firm-level data across developed and emerging economies",2026,"2026-02-02","article","en",0,62,1,1,2,0,FALSE,FALSE,FALSE,TRUE,"gold","64",NA,"102054","102054","Energy, Environment, Economic Growth","Economics and Econometrics","Economics, Econometrics and Finance","Social Sciences","Energy Strategy Reviews","journal","2211-467X","2026-02-03T00:00:00","2026-02-06T02:01:19.302388"
"S2764911704","ep","W7127092642","10.1016/j.esr.2026.102081",NA,NA,"Inexpensive renewable electricity enables Saudi Arabia's fuel price reforms",2026,"2026-02-02","article","en",0,17,1,1,1,0,FALSE,FALSE,FALSE,TRUE,"gold","64",NA,"102081","102081","Integrated Energy Systems Optimization","Electrical and Electronic Engineering","Engineering","Physical Sciences","Energy Strategy Reviews","journal","2211-467X","2026-02-03T00:00:00","2026-02-06T02:01:19.302388"
"S2764911704","ep","W7127148534","10.1016/j.esr.2026.102082",NA,NA,"A comprehensive review of floating renewable energy technologies",2026,"2026-02-02","article","en",0,197,1,9,6,0,FALSE,FALSE,FALSE,TRUE,"gold","64",NA,"102082","102082","Wave and Wind Energy Systems","Ocean Engineering","Engineering","Physical Sciences","Energy Strategy Reviews","journal","2211-467X","2026-02-03T00:00:00","2026-02-06T02:01:19.302388"
"S2764911704","ep","W7127168937","10.1016/j.esr.2026.102076",NA,NA,"The role of artificial intelligence and green technological innovation in shaping greener and nuclear energy efficiency: Evidence from developed and developing countries using a panel time-varying approach",2026,"2026-02-03","article","en",0,50,1,5,5,0,FALSE,FALSE,FALSE,TRUE,"gold","64",NA,"102076","102076","Energy, Environment, Economic Growth","Economics and Econometrics","Economics, Econometrics and Finance","Social Sciences","Energy Strategy Reviews","journal","2211-467X","2026-02-03T00:00:00","2026-02-06T02:01:19.302388"
"S2764911704","ep","W7127188573","10.1016/j.esr.2026.102049",NA,NA,"AI-driven control and optimization for renewable energy integration in smart grids: Challenges, applications, and future research directions",2026,"2026-02-03","article","en",0,281,1,0,8,0,FALSE,FALSE,FALSE,TRUE,"gold","64",NA,"102049","102049","Microgrid Control and Optimization","Control and Systems Engineering","Engineering","Physical Sciences","Energy Strategy Reviews","journal","2211-467X","2026-02-03T00:00:00","2026-02-06T02:01:19.302388"
"S2764911704","ep","W7127200110","10.1016/j.esr.2026.102085",NA,NA,"How global energy efficiency varies from the perspective of 136 countries: A spatial‒temporal analysis considering game crossings",2026,"2026-02-02","article","en",0,108,1,0,6,0,FALSE,FALSE,FALSE,TRUE,"gold","64",NA,"102085","102085","Efficiency Analysis Using DEA","Management Science and Operations Research","Decision Sciences","Social Sciences","Energy Strategy Reviews","journal","2211-467X","2026-02-03T00:00:00","2026-02-03T23:52:20.619965"
"S2764911704","ep","W7127425163","10.1016/j.esr.2026.102092",NA,NA,"Deciphering drivers and pathways of green and low-carbon technology innovation in China: An extended LMDI decomposition and policy-scenario analysis",2026,"2026-02-03","article","en",0,31,1,2,5,0,FALSE,FALSE,FALSE,TRUE,"gold","64",NA,"102092","102092","Integrated Energy Systems Optimization","Electrical and Electronic Engineering","Engineering","Physical Sciences","Energy Strategy Reviews","journal","2211-467X","2026-02-04T00:00:00","2026-02-06T02:01:19.302388"
"S2764911704","ep","W7127447999","10.1016/j.esr.2026.102097",NA,NA,"Dynamic evolution and frontiers of energy decentralization research: A bibliometric-based review",2026,"2026-02-03","article","en",0,82,1,0,3,0,FALSE,FALSE,FALSE,TRUE,"gold","64",NA,"102097","102097","Local Government Finance and Decentralization","Political Science and International Relations","Social Sciences","Social Sciences","Energy Strategy Reviews","journal","2211-467X","2026-02-04T00:00:00","2026-02-06T02:01:19.302388"
"S2764911704","ep","W7127887934","10.1016/j.esr.2026.102125",NA,NA,"From self-consumption to energy markets: Pathways to unlock energy community flexibility potentials in the Austrian framework",2026,"2026-02-05","article","en",0,47,1,0,4,NA,FALSE,FALSE,FALSE,TRUE,"gold","64",NA,"102125","102125","Integrated Energy Systems Optimization","Electrical and Electronic Engineering","Engineering","Physical Sciences","Energy Strategy Reviews","journal","2211-467X","2026-02-07T00:00:00","2026-02-07T06:15:42.627816"
"S2764911704","ep","W7127900611","10.1016/j.esr.2026.102094",NA,NA,"Economic feasibility and farmers’ willingness to adopt solar-powered irrigation pumps (SPIPs) for self-reliance",2026,"2026-02-06","article","en",0,40,1,1,2,0,FALSE,FALSE,FALSE,TRUE,"gold","64",NA,"102094","102094","Photovoltaic System Optimization Techniques","Renewable Energy, Sustainability and the Environment","Energy","Physical Sciences","Energy Strategy Reviews","journal","2211-467X","2026-02-07T00:00:00","2026-02-07T23:10:03.332741"
"S2764911704","ep","W7128009609","10.1016/j.esr.2026.102106",NA,NA,"Scenario simulation of CO2 emissions and mitigation pathways in the Yangtze River Delta under the “Dual Carbon” goals: Medium-to long-term projections with the LEAP-SJZA model",2026,"2026-02-05","article","en",0,46,1,0,2,0,FALSE,FALSE,FALSE,TRUE,"gold","64",NA,"102106","102106","Marine and coastal ecosystems","Oceanography","Earth and Planetary Sciences","Physical Sciences","Energy Strategy Reviews","journal","2211-467X","2026-02-07T00:00:00","2026-02-07T06:15:42.627816"
"S2764911704","ep","W7128028601","10.1016/j.esr.2026.102048",NA,NA,"India’s long shadow of coal: Media framing of coal amidst transition calls",2026,"2026-02-06","article","en",0,49,1,2,2,0,FALSE,FALSE,FALSE,TRUE,"gold","64",NA,"102048","102048","Climate Change Communication and Perception","Sociology and Political Science","Social Sciences","Social Sciences","Energy Strategy Reviews","journal","2211-467X","2026-02-07T00:00:00","2026-02-07T23:10:03.332741"
"S2764911704","ep","W7128076758","10.1016/j.esr.2026.102084",NA,NA,"From grey to green: The role of emission trading schemes in China's urban transformation",2026,"2026-02-05","article","en",0,30,1,2,7,0,FALSE,FALSE,FALSE,TRUE,"gold","64",NA,"102084","102084","Energy, Environment, Economic Growth","Economics and Econometrics","Economics, Econometrics and Finance","Social Sciences","Energy Strategy Reviews","journal","2211-467X","2026-02-07T00:00:00","2026-02-07T06:15:42.627816"
"S2764911704","ep","W7128088182","10.1016/j.esr.2026.102113",NA,NA,"From vulnerability to strategic autonomy: Discursive transformations In Eu energy security (2003–2024)",2026,"2026-02-05","article","en",0,26,1,1,1,0,FALSE,FALSE,FALSE,TRUE,"gold","64",NA,"102113","102113","Global Energy Security and Policy","General Energy","Energy","Physical Sciences","Energy Strategy Reviews","journal","2211-467X","2026-02-07T00:00:00","2026-02-07T06:15:42.627816"
"S2764911704","ep","W7128444092","10.1016/j.esr.2026.102102",NA,NA,"Cost modeling and policy insights for deploying two VVER-1200 reactors in the newcomer nuclear country of Bangladesh",2026,"2026-02-09","article","en",0,21,1,1,2,0,FALSE,FALSE,FALSE,TRUE,"gold","64",NA,"102102","102102","Nuclear reactor physics and engineering","Aerospace Engineering","Engineering","Physical Sciences","Energy Strategy Reviews","journal","2211-467X","2026-02-10T00:00:00","2026-02-23T20:09:44.859080"
"S2764911704","ep","W7128445821","10.1016/j.esr.2026.102121",NA,NA,"Energy system planning under variable solar and wind conditions: Pyrolysis as a key to system robustness through flexibility and negative emissions",2026,"2026-02-09","article","en",0,43,1,1,2,0,FALSE,FALSE,FALSE,TRUE,"gold","64",NA,"102121","102121","Integrated Energy Systems Optimization","Electrical and Electronic Engineering","Engineering","Physical Sciences","Energy Strategy Reviews","journal","2211-467X","2026-02-10T00:00:00","2026-02-11T14:41:00.668223"
"S2764911704","ep","W7128472679","10.1016/j.esr.2026.102115",NA,NA,"Does corruption undermine energy access? Investigating foreign direct investment and energy poverty dynamics in Sub-Saharan Africa",2026,"2026-02-11","article","en",0,36,1,0,4,0,FALSE,FALSE,FALSE,TRUE,"gold","64",NA,"102115","102115","Economic Growth and Development","Information Systems","Computer Science","Physical Sciences","Energy Strategy Reviews","journal","2211-467X","2026-02-11T00:00:00","2026-02-11T22:13:25.172316"
"S2764911704","ep","W7128474527","10.1016/j.esr.2026.102123",NA,NA,"Accelerating net-zero construction: A systematic review of multidimensional assessments and strategic interventions for energy sustainability",2026,"2026-02-11","article","en",0,79,1,0,2,0,FALSE,FALSE,FALSE,TRUE,"gold","64",NA,"102123","102123","Sustainable Building Design and Assessment","Building and Construction","Engineering","Physical Sciences","Energy Strategy Reviews","journal","2211-467X","2026-02-11T00:00:00","2026-02-11T22:13:25.172316"
"S2764911704","ep","W7128500206","10.1016/j.esr.2026.102077",NA,NA,"Power Islands. The geography of electricity diffusion in Indonesia, 1975–2018",2026,"2026-02-10","article","en",0,17,1,2,3,0,FALSE,FALSE,FALSE,TRUE,"gold","64",NA,"102077","102077","Energy and Environment Impacts","Pollution","Environmental Science","Physical Sciences","Energy Strategy Reviews","journal","2211-467X","2026-02-11T00:00:00","2026-02-11T22:13:25.172316"
"S2764911704","ep","W7128516026","10.1016/j.esr.2026.102127",NA,NA,"Multidimensional energy poverty in Pakistan: Determinants and spatial patterns at the provincial and district levels",2026,"2026-02-10","article","en",0,24,1,5,5,0,FALSE,FALSE,FALSE,TRUE,"gold","64",NA,"102127","102127","Energy and Environment Impacts","Pollution","Environmental Science","Physical Sciences","Energy Strategy Reviews","journal","2211-467X","2026-02-11T00:00:00","2026-02-23T20:09:44.859080"
"S2764911704","ep","W7128602410","10.1016/j.esr.2026.102111",NA,NA,"Composite weight-catastrophe progression model: Assessment of external risks in transnational oil and gas pipelines",2026,"2026-02-11","article","en",0,37,2,0,4,0,FALSE,FALSE,FALSE,TRUE,"gold","64",NA,"102111","102111","Global Energy Security and Policy","General Energy","Energy","Physical Sciences","Energy Strategy Reviews","journal","2211-467X","2026-02-11T00:00:00","2026-02-11T22:16:57.019703"
"S2764911704","ep","W7128607245","10.1016/j.esr.2026.102142",NA,NA,"Transmission losses, import dependence, and political instability: A Co-integration perspective on Pakistan's energy crisis",2026,"2026-02-11","article","en",0,75,2,0,3,0,FALSE,FALSE,FALSE,TRUE,"gold","64",NA,"102142","102142","Global Energy Security and Policy","General Energy","Energy","Physical Sciences","Energy Strategy Reviews","journal","2211-467X","2026-02-12T00:00:00","2026-02-26T08:16:20.718346"
"S2764911704","ep","W7128674807","10.1016/j.esr.2026.102108",NA,NA,"Interconnectedness and shocks transmission between natural gas, gold, and stock markets in the GCC during financial and political instability",2026,"2026-02-12","article","en",0,55,1,1,3,0,FALSE,FALSE,FALSE,TRUE,"gold","64",NA,"102108","102108","Market Dynamics and Volatility","Economics and Econometrics","Economics, Econometrics and Finance","Social Sciences","Energy Strategy Reviews","journal","2211-467X","2026-02-13T00:00:00","2026-02-13T13:40:29.240086"
"S2764911704","ep","W7128692170","10.1016/j.esr.2026.102143",NA,NA,"Synergizing the reduction of pollution and carbon emissions in chinese cities: spatiotemporal distribution, regional disparities and convergence",2026,"2026-02-12","article","en",0,70,2,1,5,0,FALSE,FALSE,FALSE,TRUE,"gold","64",NA,"102143","102143","Energy, Environment, Economic Growth","Economics and Econometrics","Economics, Econometrics and Finance","Social Sciences","Energy Strategy Reviews","journal","2211-467X","2026-02-13T00:00:00","2026-02-26T08:16:20.718346"
"S2764911704","ep","W7128726058","10.1016/j.esr.2025.102002",NA,NA,"The impact of EU net-zero industry strategies on the energy system and cross-border hydrogen infrastructure",2026,"2026-02-12","article","en",0,29,2,0,6,0,FALSE,FALSE,FALSE,TRUE,"gold","64",NA,"102002","102002","Integrated Energy Systems Optimization","Electrical and Electronic Engineering","Engineering","Physical Sciences","Energy Strategy Reviews","journal","2211-467X","2026-02-13T00:00:00","2026-02-13T13:40:29.240086"
"S2764911704","ep","W7128809154","10.1016/j.esr.2026.102139",NA,NA,"Dual safe havens during turbulence? Wavelet-based TVP-VAR evidence from oil–gold dynamics under uncertainty shocks",2026,"2026-02-13","article","en",0,64,1,2,2,0,FALSE,FALSE,FALSE,TRUE,"gold","64",NA,"102139","102139","Market Dynamics and Volatility","Economics and Econometrics","Economics, Econometrics and Finance","Social Sciences","Energy Strategy Reviews","journal","2211-467X","2026-02-14T00:00:00","2026-02-14T06:27:19.455381"
"S2764911704","ep","W7128905483","10.1016/j.esr.2026.102095",NA,NA,"Carbon emission reduction pathways in China's rural production and household sectors: A TOE and fsQCA-Based analysis",2026,"2026-02-14","article","en",0,41,1,1,3,0,FALSE,FALSE,FALSE,TRUE,"gold","64",NA,"102095","102095","Qualitative Comparative Analysis Research","Sociology and Political Science","Social Sciences","Social Sciences","Energy Strategy Reviews","journal","2211-467X","2026-02-15T00:00:00","2026-02-16T05:59:50.152749"
"S2764911704","ep","W7128916733","10.1016/j.esr.2026.102138",NA,NA,"Implications of defining exogenous variables in Energy System Modeling with Integrated Assessment Models for transition planning",2026,"2026-02-14","article","en",0,69,1,4,6,0,FALSE,FALSE,FALSE,TRUE,"gold","64",NA,"102138","102138","Integrated Energy Systems Optimization","Electrical and Electronic Engineering","Engineering","Physical Sciences","Energy Strategy Reviews","journal","2211-467X","2026-02-15T00:00:00","2026-02-15T06:02:07.359773"
"S2764911704","ep","W7128926135","10.1016/j.esr.2026.102141",NA,NA,"Two birds with one stone: Do poverty alleviation policies reduce carbon emissions in poverty-stricken counties?",2026,"2026-02-14","article","en",0,47,1,1,4,0,FALSE,FALSE,FALSE,TRUE,"gold","64",NA,"102141","102141","Energy and Environment Impacts","Pollution","Environmental Science","Physical Sciences","Energy Strategy Reviews","journal","2211-467X","2026-02-15T00:00:00","2026-02-16T05:59:50.152749"
"S2764911704","ep","W7129405838","10.1016/j.esr.2026.102091",NA,NA,"Multidimensional drivers of sustainable development in South Asia: The dynamic roles of low-carbon energy, ICT, financial development, trade, and governance",2026,"2026-02-18","article","en",0,80,1,0,6,0,FALSE,FALSE,FALSE,TRUE,"gold","64",NA,"102091","102091","Sustainability and Climate Change Governance","Global and Planetary Change","Environmental Science","Physical Sciences","Energy Strategy Reviews","journal","2211-467X","2026-02-18T00:00:00","2026-02-19T06:27:42.648592"
"S2764911704","ep","W7129559036","10.1016/j.esr.2026.102153",NA,NA,"An overview of rural electrification planning in the developing Southeast Asia countries",2026,"2026-02-17","article","en",0,137,1,0,7,0,FALSE,FALSE,FALSE,TRUE,"gold","64",NA,"102153","102153","Energy and Environment Impacts","Pollution","Environmental Science","Physical Sciences","Energy Strategy Reviews","journal","2211-467X","2026-02-18T00:00:00","2026-02-18T06:25:47.457606"
"S2764911704","ep","W7130501857","10.1016/j.esr.2026.102116",NA,NA,"Model-based calibration of the elasticity of substitution in energy under high flexibility",2026,"2026-02-19","article","en",0,36,1,0,4,0,FALSE,FALSE,FALSE,TRUE,"gold","64",NA,"102116","102116","Force Microscopy Techniques and Applications","Atomic and Molecular Physics, and Optics","Physics and Astronomy","Physical Sciences","Energy Strategy Reviews","journal","2211-467X","2026-02-19T00:00:00","2026-02-20T06:18:38.638704"
"S2764911704","ep","W7130511201","10.1016/j.esr.2026.102110",NA,NA,"Energy transition policies and the corporate AI adoption: Evidence from new energy cities",2026,"2026-02-19","article","en",0,62,1,0,4,0,FALSE,FALSE,FALSE,TRUE,"gold","64",NA,"102110","102110","Sustainability and Climate Change Governance","Global and Planetary Change","Environmental Science","Physical Sciences","Energy Strategy Reviews","journal","2211-467X","2026-02-19T00:00:00","2026-02-20T06:18:38.638704"
"S2764911704","ep","W7130524507","10.1016/j.esr.2026.102156",NA,NA,"Approaches to achieving net zero energy-carbon buildings through innovative technologies: A bibliographic perspective",2026,"2026-02-19","article","en",0,99,1,1,4,0,FALSE,FALSE,FALSE,TRUE,"gold","64",NA,"102156","102156","Transition Metal Oxide Nanomaterials","Polymers and Plastics","Materials Science","Physical Sciences","Energy Strategy Reviews","journal","2211-467X","2026-02-19T00:00:00","2026-02-20T06:18:38.638704"
"S2764911704","ep","W7130684123","10.1016/j.esr.2026.102103",NA,NA,"An empirically validated open-access approach for calculating the cost of capital of renewables",2026,"2026-02-20","article","en",0,34,1,2,3,0,FALSE,FALSE,FALSE,TRUE,"gold","64",NA,"102103","102103","Integrated Energy Systems Optimization","Electrical and Electronic Engineering","Engineering","Physical Sciences","Energy Strategy Reviews","journal","2211-467X","2026-02-21T00:00:00","2026-02-22T13:39:03.778224"
"S2764911704","ep","W7130689287","10.1016/j.esr.2026.102129",NA,NA,"“What's the worst that could happen?” Perceptions of physical, financial, reputational, and policy risk in the United Kingdom's low-carbon industrial transition",2026,"2026-02-20","article","en",0,26,1,3,3,0,FALSE,FALSE,FALSE,TRUE,"gold","64",NA,"102129","102129","Sustainability and Climate Change Governance","Global and Planetary Change","Environmental Science","Physical Sciences","Energy Strategy Reviews","journal","2211-467X","2026-02-21T00:00:00","2026-02-22T13:39:03.778224"
"S2764911704","ep","W7130693967","10.1016/j.esr.2026.102112",NA,NA,"The dynamic impact of oil price volatility on China's green bond market: An empirical analysis during economic shocks",2026,"2026-02-21","article","en",0,44,1,0,5,0,FALSE,FALSE,FALSE,TRUE,"gold","64",NA,"102112","102112","Market Dynamics and Volatility","Economics and Econometrics","Economics, Econometrics and Finance","Social Sciences","Energy Strategy Reviews","journal","2211-467X","2026-02-21T00:00:00","2026-02-21T06:16:09.471975"
"S2764911704","ep","W7130933665","10.1016/j.esr.2026.102117",NA,NA,"Is the provincial government better at high-carbon energy control?",2026,"2026-02-22","article","en",0,50,2,1,7,0,FALSE,FALSE,FALSE,TRUE,"gold","64",NA,"102117","102117","Energy, Environment, Economic Growth","Economics and Econometrics","Economics, Econometrics and Finance","Social Sciences","Energy Strategy Reviews","journal","2211-467X","2026-02-23T00:00:00","2026-02-26T08:16:20.718346"
"S2764911704","ep","W7131207933","10.1016/j.esr.2026.102167",NA,NA,"Do dynamic retail energy tariffs threaten the economic viability of ECs operating under static EC-internal energy prices? — Initial insights",2026,"2026-02-24","article","en",0,45,1,1,1,0,FALSE,FALSE,FALSE,TRUE,"gold","64",NA,"102167","102167","Integrated Energy Systems Optimization","Electrical and Electronic Engineering","Engineering","Physical Sciences","Energy Strategy Reviews","journal","2211-467X","2026-02-25T00:00:00","2026-02-25T06:22:25.187761"
"S2764911704","ep","W7131264300","10.1016/j.esr.2026.102173",NA,NA,"Two-level rolling horizon optimization to separate investment and operational myopic planning of the energy transition",2026,"2026-02-25","article","en",0,44,1,0,3,0,FALSE,FALSE,FALSE,TRUE,"gold","64",NA,"102173","102173","Spacecraft Dynamics and Control","Aerospace Engineering","Engineering","Physical Sciences","Energy Strategy Reviews","journal","2211-467X","2026-02-25T00:00:00","2026-02-25T21:11:00.739837"
"S113876312","ep","W3106548392","10.1080/14693062.2021.1922340",NA,"3106548392","A Green COVID-19 Recovery of the EU Basic Materials Sector: Identifying Potentials, Barriers and Policy Solutions",2020,"2020-01-01","preprint","en",6,53,14,9,15,0.49583624,FALSE,FALSE,FALSE,TRUE,"hybrid","21","10","1328","1346","COVID-19 impact on air quality","Global and Planetary Change","Environmental Science","Physical Sciences","Climate Policy","journal","1469-3062","2021-05-24T00:00:00","2026-02-16T07:36:33.822630"
"S113876312","ep","W1988393705","10.3763/cpol.2008.0514",NA,"1988393705","The Bali COP: Plus ça change…",2008,"2008-01-01","article","fr",5,7,2,1,1,0.8863,FALSE,FALSE,FALSE,FALSE,"closed","8","1","3","6","Fiscal Policy and Economic Growth","Economics and Econometrics","Economics, Econometrics and Finance","Social Sciences","Climate Policy","journal","1469-3062","2025-10-10T00:00:00","2025-11-06T03:46:38.306776"
"S113876312","ep","W3121335626","10.1016/j.clipol.2003.09.004",NA,"3121335626","Thirteen plus one: a comparison of global climate policy architectures",2003,"2003-01-01","preprint","en",34,29,6,1,3,3.78480769,FALSE,FALSE,TRUE,TRUE,"bronze","3","4","373","397","Climate Change Policy and Economics","Economics and Econometrics","Economics, Econometrics and Finance","Social Sciences","Climate Policy","journal","1469-3062","2025-10-10T00:00:00","2026-02-09T09:26:11.010843"
"S113876312","ep","W2557046066","10.1080/14693062.2016.1179616",NA,"2557046066","RETRACTED ARTICLE: Nuclear energy and path dependence in Europe’s ‘Energy union’: coherence or continued divergence?",2016,"2016-07-01","article","en",7,67,2,2,3,6.1288,TRUE,FALSE,FALSE,TRUE,"bronze","16","5","622","641","Global Energy Security and Policy","General Energy","Energy","Physical Sciences","Climate Policy","journal","1469-3062","2016-11-30T00:00:00","2025-11-06T03:46:38.306776"
"S113876312","ep","W4323042020","10.1080/14693062.2023.2182755",NA,NA,"RETRACTED ARTICLE: Pushing low-carbon mobility: a survey experiment on the public acceptance of disruptive policy packages",2023,"2023-03-03","article","en",4,50,3,2,5,1.4716,TRUE,FALSE,FALSE,TRUE,"hybrid","23","7","i","xiii","Urban Transport and Accessibility","Transportation","Social Sciences","Social Sciences","Climate Policy","journal","1469-3062","2025-10-10T00:00:00","2025-11-06T03:46:38.306776"
"S113876312","ep","W3134129290","10.1080/14693062.2021.1981212",NA,"3134129290","Economic and social effectiveness of carbon pricing schemes to meet Brazilian NDC targets",2021,"2021-09-30","preprint","en",3,67,8,2,8,0.66162424,FALSE,FALSE,FALSE,TRUE,"green","22","1","48","63","Climate Change Policy and Economics","Economics and Econometrics","Economics, Econometrics and Finance","Social Sciences","Climate Policy","journal","1469-3062","2025-10-10T00:00:00","2026-02-12T00:53:03.260389"
"S113876312","ep","W4417144006","10.1080/14693062.2025.2598683",NA,NA,"Financial regulation for climate resilience: a comparative analysis across African economies",2025,"2025-12-08","article","en",1,45,1,1,1,NA,FALSE,FALSE,FALSE,FALSE,"closed",NA,NA,"1","15",NA,NA,NA,NA,"Climate Policy","journal","1469-3062","2025-12-09T00:00:00","2025-12-10T02:49:46.989445"
"S113876312","ep","W4415689946","10.1080/14693062.2025.2581136",NA,NA,"Opening the hood: a critical assessment of European renewable hydrogen trucking policies",2025,"2025-10-30","article","en",0,50,1,1,2,NA,FALSE,FALSE,FALSE,FALSE,"closed",NA,NA,"1","16",NA,NA,NA,NA,"Climate Policy","journal","1469-3062","2025-10-30T00:00:00","2025-11-06T03:46:38.306776"
"S113876312","ep","W4415760010","10.1080/14693062.2025.2581129",NA,NA,"Transformative transparency in the EU and UNFCCC? Assessing the perceived influence of reporting and review on climate policy in Finland",2025,"2025-11-01","article","en",0,30,2,2,3,NA,FALSE,FALSE,FALSE,TRUE,"hybrid",NA,NA,"1","14",NA,NA,NA,NA,"Climate Policy","journal","1469-3062","2025-11-01T00:00:00","2026-02-09T09:26:11.010843"
"S113876312","ep","W4415760014","10.1080/14693062.2025.2581138",NA,NA,"Toward a fossil free research norm in Dutch higher education",2025,"2025-11-01","article","en",0,22,2,1,2,NA,FALSE,FALSE,FALSE,TRUE,"hybrid",NA,NA,"1","9",NA,NA,NA,NA,"Climate Policy","journal","1469-3062","2025-11-01T00:00:00","2026-02-23T08:04:50.183275"
"S113876312","ep","W4415836794","10.1080/14693062.2025.2570742",NA,NA,"Can government environmental auditing promote local low-carbon innovation? Evidence from China",2025,"2025-11-03","article","en",0,39,1,1,5,NA,FALSE,FALSE,FALSE,FALSE,"closed",NA,NA,"1","14",NA,NA,NA,NA,"Climate Policy","journal","1469-3062","2025-11-04T00:00:00","2025-11-06T03:46:38.306776"
"S113876312","ep","W4415872475","10.1080/14693062.2025.2579645",NA,NA,"Incentive effects of climate change health adaptation policy on the capital market: evidence from China",2025,"2025-11-04","article","en",0,53,1,1,7,NA,FALSE,FALSE,FALSE,FALSE,"closed",NA,NA,"1","15",NA,NA,NA,NA,"Climate Policy","journal","1469-3062","2025-11-04T00:00:00","2025-11-06T03:46:38.306776"
"S113876312","ep","W4415989114","10.1080/14693062.2025.2581806",NA,NA,"Distributional concerns above all? Exploring perceptions of the fairness and effectiveness of demand-side push measures in leisure air travel",2025,"2025-11-07","article","en",0,69,1,1,5,NA,FALSE,FALSE,FALSE,TRUE,"hybrid",NA,NA,"1","17",NA,NA,NA,NA,"Climate Policy","journal","1469-3062","2025-11-07T00:00:00","2025-11-07T23:23:33.682996"
"S113876312","ep","W4416595939","10.1080/14693062.2025.2592814",NA,NA,"What drives consistent opposition to (and support for) climate policies? The case of Belgium",2025,"2025-11-24","article","en",0,46,2,1,3,NA,FALSE,FALSE,FALSE,FALSE,"closed",NA,NA,"1","13",NA,NA,NA,NA,"Climate Policy","journal","1469-3062","2025-11-25T00:00:00","2025-11-28T18:12:19.998303"
"S113876312","ep","W4416793008","10.1080/14693062.2025.2591879",NA,NA,"Enterprise responses to China’s national emissions trading system: evidence from a nationwide survey",2025,"2025-11-28","article","en",0,37,1,2,3,NA,FALSE,FALSE,FALSE,FALSE,"closed",NA,NA,"1","14",NA,NA,NA,NA,"Climate Policy","journal","1469-3062","2025-11-28T00:00:00","2025-12-01T00:03:43.161839"
"S113876312","ep","W4416810456","10.1080/14693062.2025.2594595",NA,NA,"Legal regulation of environmental risks associated with offshore carbon capture, utilization and storage in China",2025,"2025-11-28","article","en",0,80,1,2,2,NA,FALSE,FALSE,FALSE,FALSE,"closed",NA,NA,"1","16",NA,NA,NA,NA,"Climate Policy","journal","1469-3062","2025-11-29T00:00:00","2025-12-01T00:07:19.613710"
"S113876312","ep","W4416990663","10.1080/14693062.2025.2596754",NA,NA,"Climate commitments and democratic contradictions: India’s Panchamrit policy in comparative south Asian perspective",2025,"2025-12-04","article","en",0,36,1,1,2,NA,FALSE,FALSE,FALSE,FALSE,"closed",NA,NA,"1","11",NA,NA,NA,NA,"Climate Policy","journal","1469-3062","2025-12-04T00:00:00","2025-12-05T23:21:25.405358"
"S113876312","ep","W4417305665","10.1080/14693062.2025.2594592",NA,NA,"Are public banks gaslighting on climate finance? Analysing policies governing gas infrastructure",2025,"2025-12-14","article","en",0,25,1,1,2,NA,FALSE,FALSE,FALSE,FALSE,"closed",NA,NA,"1","14",NA,NA,NA,NA,"Climate Policy","journal","1469-3062","2025-12-14T00:00:00","2025-12-15T23:09:57.076984"
"S113876312","ep","W4417431512","10.1080/14693062.2025.2601383",NA,NA,"Timing matters: analyzing climate policies and adaptive resilience",2025,"2025-12-17","article","en",0,69,1,0,2,NA,FALSE,FALSE,FALSE,FALSE,"closed",NA,NA,"1","16",NA,NA,NA,NA,"Climate Policy","journal","1469-3062","2025-12-17T00:00:00","2025-12-19T00:32:22.182498"
"S113876312","ep","W4417496903","10.1080/14693062.2025.2603032",NA,NA,"Optimal biomass allocation between forestry sinks and energy systems by an integrated modelling approach – decarbonization pathways for Hungary",2025,"2025-12-19","article","en",0,25,1,1,3,NA,FALSE,FALSE,FALSE,FALSE,"closed",NA,NA,"1","14",NA,NA,NA,NA,"Climate Policy","journal","1469-3062","2025-12-19T00:00:00","2025-12-21T01:58:51.020947"
"S113876312","ep","W7126055502","10.1080/14693062.2025.2598684",NA,NA,"Effective climate policies for ‘all seasons’: novel evidence from 40 countries",2026,"2026-01-29","article","en",0,20,1,4,4,0,FALSE,FALSE,FALSE,TRUE,"hybrid",NA,NA,"1","14","Climate Change Policy and Economics","Economics and Econometrics","Economics, Econometrics and Finance","Social Sciences","Climate Policy","journal","1469-3062","2026-01-30T00:00:00","2026-02-01T03:34:12.195049"
"S113876312","ep","W7126182042","10.1080/14693062.2026.2621585",NA,NA,"Battles and settlements in fossil finance: the UK and the making of the Clean Energy Transition Partnership (CETP)",2026,"2026-01-29","article","en",0,42,1,1,1,0,FALSE,FALSE,FALSE,FALSE,"closed",NA,NA,"1","13","Global Energy and Sustainability Research","Renewable Energy, Sustainability and the Environment","Energy","Physical Sciences","Climate Policy","journal","1469-3062","2026-02-01T00:00:00","2026-02-01T03:38:14.988550"
"S113876312","ep","W7128371388","10.1080/14693062.2026.2624955",NA,NA,"Enabling democratic shifts through climate adaptation: the climate adaptation democracy framework",2026,"2026-02-08","article","en",0,58,1,1,6,0,FALSE,FALSE,FALSE,FALSE,"closed",NA,NA,"1","15","Sustainability and Climate Change Governance","Global and Planetary Change","Environmental Science","Physical Sciences","Climate Policy","journal","1469-3062","2026-02-10T00:00:00","2026-02-10T19:14:54.419558"
"S113876312","ep","W7128420567","10.1080/14693062.2026.2624250",NA,NA,"From words to deeds: unpacking the configurations for effective dual carbon policy based on a three-dimensional analytical framework in China",2026,"2026-02-08","article","en",0,53,1,1,2,0,FALSE,FALSE,FALSE,FALSE,"closed",NA,NA,"1","18","China's Socioeconomic Reforms and Governance","Political Science and International Relations","Social Sciences","Social Sciences","Climate Policy","journal","1469-3062","2026-02-10T00:00:00","2026-02-10T19:18:50.034462"
"S113876312","ep","W7128483019","10.1080/14693062.2026.2624246",NA,NA,"Net-zero compatible development pathways in Argentina, Brazil, China, India, Indonesia, Mexico and South Africa: lessons for short-term actions",2026,"2026-02-10","article","en",0,31,1,8,25,0,FALSE,FALSE,FALSE,FALSE,"closed",NA,NA,"1","17","International Development and Aid","Development","Social Sciences","Social Sciences","Climate Policy","journal","1469-3062","2026-02-11T00:00:00","2026-02-11T22:13:25.172316"
"S113876312","ep","W7128541581","10.1080/14693062.2026.2627746",NA,NA,"Determinants of firms’ acceptability of carbon taxation: a systematic literature review",2026,"2026-02-10","article","en",0,132,1,1,3,0,FALSE,FALSE,FALSE,TRUE,"hybrid",NA,NA,"1","25","Corporate Taxation and Avoidance","Accounting","Business, Management and Accounting","Social Sciences","Climate Policy","journal","1469-3062","2026-02-11T00:00:00","2026-02-11T22:13:25.172316"
"S113876312","ep","W7128713125","10.1080/14693062.2026.2627750",NA,NA,"Carbon leakage in emissions trading systems: a systematic review and meta-analysis of ex-ante and ex-post evidence",2026,"2026-02-12","article","en",0,66,1,1,3,0,FALSE,FALSE,FALSE,TRUE,"hybrid",NA,NA,"1","17","Climate Change Policy and Economics","Economics and Econometrics","Economics, Econometrics and Finance","Social Sciences","Climate Policy","journal","1469-3062","2026-02-13T00:00:00","2026-02-14T06:23:00.392402"
"S113876312","ep","W7128728565","10.1080/14693062.2026.2626619",NA,NA,"Can climate adaptation finance survive denialist governments? Lessons from Brazil",2026,"2026-02-11","article","en",0,34,1,0,2,0,FALSE,FALSE,FALSE,FALSE,"closed",NA,NA,"1","11","Conservation, Biodiversity, and Resource Management","Global and Planetary Change","Environmental Science","Physical Sciences","Climate Policy","journal","1469-3062","2026-02-13T00:00:00","2026-02-13T13:40:29.240086"
"S113876312","ep","W7129104360","10.1080/14693062.2026.2631012",NA,NA,"How just are transition plans? An analysis of the energy transition and investment plans of Ghana and Kenya",2026,"2026-02-16","article","en",0,62,1,2,3,0,FALSE,FALSE,FALSE,FALSE,"closed",NA,NA,"1","15","Energy and Environment Impacts","Pollution","Environmental Science","Physical Sciences","Climate Policy","journal","1469-3062","2026-02-17T00:00:00","2026-02-18T06:20:13.636215"
"S56205983","ep","W1543821523","10.1016/0308-597x(88)90020-6",NA,"1543821523","The enclosure of the marine commons",1988,"1988-10-01","article","ru",16,7,1,1,1,1.9748000000000001,FALSE,FALSE,FALSE,FALSE,"closed","12","4","361","372","Environmental and Cultural Studies in Latin America and Beyond","Ecology","Environmental Science","Physical Sciences","Marine Policy","journal","0308-597X","2025-10-10T00:00:00","2025-11-06T03:46:38.306776"
"S56205983","ep","W2088076734","10.1016/j.marpol.2015.01.006",NA,"2088076734","RETRACTED: Towards a new ‘fisheries crime’ paradigm: Challenges and opportunities with reference to South Africa as an illustrative African example",2015,"2015-02-07","article","en",6,31,1,1,1,1.6697,TRUE,FALSE,FALSE,FALSE,"closed","55",NA,"39","46","Wildlife Conservation and Criminology Analyses","Nature and Landscape Conservation","Environmental Science","Physical Sciences","Marine Policy","journal","0308-597X","2025-10-10T00:00:00","2025-11-06T03:46:38.306776"
"S56205983","ep","W3003398877","10.1016/j.marpol.2020.103843",NA,"3003398877","Editorial: The blue economy of the GCC region: Sustainability and security",2020,"2020-02-01","editorial","en",1,11,1,1,1,0,FALSE,FALSE,FALSE,FALSE,"closed","116",NA,"103843","103843","Coastal and Marine Management","Management, Monitoring, Policy and Law","Environmental Science","Physical Sciences","Marine Policy","journal","0308-597X","2025-10-10T00:00:00","2025-11-06T03:46:38.306776"
"S56205983","ep","W2760967395","10.1016/j.marpol.2017.08.013",NA,"2760967395","RETRACTED: Protecting marine top predators through adaptive and dynamic management",2017,"2017-10-02","article","en",1,85,1,1,1,0.2151,TRUE,FALSE,FALSE,FALSE,"closed","86",NA,"190","197","Coral and Marine Ecosystems Studies","Ecology","Environmental Science","Physical Sciences","Marine Policy","journal","0308-597X","2025-10-10T00:00:00","2025-11-06T03:46:38.306776"
"S56205983","ep","W2021588027","10.1016/0308-597x(81)90073-7",NA,"2021588027","Flags of convenience",1981,"1981-01-01","article","en",65,2,1,1,1,NA,FALSE,FALSE,FALSE,FALSE,"closed","5","1","52","66",NA,NA,NA,NA,"Marine Policy","journal","0308-597X","2025-10-10T00:00:00","2025-11-06T03:46:38.306776"
"S56205983","ep","W2990524200","10.1016/j.marpol.2019.103757",NA,"2990524200","Analysis of port state control inspection data: The Black Sea Region",2019,"2019-11-22","article","en",48,39,1,1,1,NA,FALSE,FALSE,FALSE,FALSE,"closed","112",NA,"103757","103757",NA,NA,NA,NA,"Marine Policy","journal","0308-597X","2025-10-10T00:00:00","2025-11-06T03:46:38.306776"
"S56205983","ep","W4240884926","10.1016/j.marpol.2008.03.019",NA,NA,"Introduction",2008,"2008-06-26","article","en",45,1,1,1,2,NA,FALSE,FALSE,FALSE,FALSE,"closed","32","5","759","761",NA,NA,NA,NA,"Marine Policy","journal","0308-597X","2022-05-12T00:00:00","2025-11-06T03:46:38.306776"
"S56205983","ep","W1951336376","10.1016/0308-597x(83)90043-x",NA,"1951336376","National legislation and Convention obligations",1983,"1983-10-01","article","en",6,25,1,1,1,NA,FALSE,FALSE,FALSE,FALSE,"closed","7","4","302","312",NA,NA,NA,NA,"Marine Policy","journal","0308-597X","2025-10-10T00:00:00","2025-11-06T03:46:38.306776"
"S56205983","ep","W4200159988","10.1016/j.marpol.2021.104915",NA,NA,"The maritime security fallout from North Korea's fisheries policy",2021,"2021-12-23","article","en",3,42,1,1,2,NA,FALSE,FALSE,FALSE,FALSE,"closed","136",NA,"104915","104915",NA,NA,NA,NA,"Marine Policy","journal","0308-597X","2025-10-10T00:00:00","2025-11-06T03:46:38.306776"
"S56205983","ep","W4416431137","10.1016/j.marpol.2025.106963",NA,NA,"Strengthening alliances for a sustainable blue economy and governance: Advancing the implementation of the SDGs in Murcia and Valencia Regions",2025,"2025-11-20","article","en",1,75,1,1,4,NA,FALSE,FALSE,FALSE,TRUE,"hybrid","185",NA,"106963","106963",NA,NA,NA,NA,"Marine Policy","journal","0308-597X","2025-11-20T00:00:00","2026-02-20T08:17:22.645390"
"S56205983","ep","W4417008867","10.1016/j.marpol.2025.106989",NA,NA,"Towards maritime transport decarbonisation in developing countries: A systematic literature review",2025,"2025-12-04","article","en",1,54,1,1,3,NA,FALSE,FALSE,FALSE,TRUE,"hybrid","185",NA,"106989","106989",NA,NA,NA,NA,"Marine Policy","journal","0308-597X","2025-12-04T00:00:00","2026-02-22T13:39:03.778224"
"S56205983","ep","W4417483558","10.1016/j.marpol.2025.107013",NA,NA,"Policy frameworks without practice? Exploring marine governance and climate integration challenges in Türkiye",2025,"2025-12-19","article","en",1,108,1,1,1,NA,FALSE,FALSE,FALSE,FALSE,"closed","186",NA,"107013","107013",NA,NA,NA,NA,"Marine Policy","journal","0308-597X","2025-12-19T00:00:00","2026-02-20T08:17:22.645390"
"S56205983","ep","W4415604846","10.1016/j.marpol.2025.106931",NA,NA,"How are IMO conventions implemented in China? A comprehensive examination on the legislative, administrative and judicial approaches",2025,"2025-10-28","article","en",0,13,1,1,3,NA,FALSE,FALSE,FALSE,FALSE,"closed","184",NA,"106931","106931",NA,NA,NA,NA,"Marine Policy","journal","0308-597X","2025-10-28T00:00:00","2026-02-20T08:17:22.645390"
"S56205983","ep","W4415681018","10.1016/j.marpol.2025.106934",NA,NA,"Systematic review and meta-analysis of studies testing the efficacy of shark-bite mitigation",2025,"2025-10-30","article","en",0,88,1,1,3,NA,FALSE,FALSE,FALSE,TRUE,"hybrid","184",NA,"106934","106934",NA,NA,NA,NA,"Marine Policy","journal","0308-597X","2025-10-30T00:00:00","2026-02-22T13:39:03.778224"
"S56205983","ep","W4415713683","10.1016/j.marpol.2025.106933",NA,NA,"A data-driven hybrid framework for analyzing vessel detentions in Australia",2025,"2025-10-30","article","en",0,39,1,1,4,NA,FALSE,FALSE,FALSE,TRUE,"hybrid","184",NA,"106933","106933",NA,NA,NA,NA,"Marine Policy","journal","0308-597X","2025-10-30T00:00:00","2026-02-20T08:17:22.645390"
"S56205983","ep","W4415906223","10.1016/j.marpol.2025.106942",NA,NA,"Climate engagement for vulnerable marine ecosystems – Impact of marine tourism experiences on visitors",2025,"2025-11-05","article","en",0,79,1,1,4,NA,FALSE,FALSE,FALSE,TRUE,"hybrid","184",NA,"106942","106942",NA,NA,NA,NA,"Marine Policy","journal","0308-597X","2025-11-05T00:00:00","2026-02-20T08:17:22.645390"
"S56205983","ep","W4416176439","10.1016/j.marpol.2025.106954",NA,NA,"Developing Transboundary Marine Spatial Planning: Opportunities and barriers for the Greater North Sea Basin Initiative",2025,"2025-11-13","article","en",0,36,2,1,3,NA,FALSE,FALSE,FALSE,TRUE,"hybrid","184",NA,"106954","106954",NA,NA,NA,NA,"Marine Policy","journal","0308-597X","2025-11-13T00:00:00","2026-02-26T08:16:20.718346"
"S56205983","ep","W4416333352","10.1016/j.marpol.2025.106962",NA,NA,"Co-defining research priorities to address knowledge gaps for future management: A participatory framework for species prioritisation in small-scale coral reef fisheries",2025,"2025-11-19","article","en",0,58,2,2,5,NA,FALSE,FALSE,FALSE,FALSE,"closed","184",NA,"106962","106962",NA,NA,NA,NA,"Marine Policy","journal","0308-597X","2025-11-19T00:00:00","2026-01-20T17:24:06.736184"
"S56205983","ep","W4416406912","10.1016/j.marpol.2025.106940",NA,NA,"Identifying conflicts and sectoral dynamics prior to marine spatial planning: A case study of Bhola and Hatia, two coastal islands of Bangladesh",2025,"2025-11-17","article","en",0,19,1,1,4,NA,FALSE,FALSE,FALSE,FALSE,"closed","184",NA,"106940","106940",NA,NA,NA,NA,"Marine Policy","journal","0308-597X","2025-11-17T00:00:00","2026-02-20T08:17:22.645390"
"S56205983","ep","W4416431152","10.1016/j.marpol.2025.106961",NA,NA,"Circular aquaculture: Unpacking views from farm to fork",2025,"2025-11-20","article","en",0,100,2,1,7,NA,FALSE,FALSE,FALSE,TRUE,"hybrid","185",NA,"106961","106961",NA,NA,NA,NA,"Marine Policy","journal","0308-597X","2025-11-20T00:00:00","2026-02-25T23:00:34.991745"
"S56205983","ep","W4416545422","10.1016/j.marpol.2025.106959",NA,NA,"Three-dimensional management needs of deep-sea hydrothermal vent ecosystems",2025,"2025-11-20","article","en",0,113,4,0,21,NA,FALSE,FALSE,FALSE,TRUE,"hybrid","185",NA,"106959","106959",NA,NA,NA,NA,"Marine Policy","journal","0308-597X","2025-11-20T00:00:00","2026-02-24T08:05:00.420983"
"S56205983","ep","W4416587608","10.1016/j.marpol.2025.106972",NA,NA,"Sea level rise: A plea for taking the viewpoint of the ocean",2025,"2025-11-24","article","en",0,114,2,4,9,NA,FALSE,FALSE,FALSE,FALSE,"closed","185",NA,"106972","106972",NA,NA,NA,NA,"Marine Policy","journal","0308-597X","2025-11-25T00:00:00","2026-01-20T17:24:06.736184"
"S56205983","ep","W4416659652","10.1016/j.marpol.2025.106970",NA,NA,"Bridging borders: Toward alignment of environmental regulations in the Salish Sea for whale conservation",2025,"2025-11-24","article","en",0,84,1,2,1,NA,FALSE,FALSE,FALSE,FALSE,"closed","185",NA,"106970","106970",NA,NA,NA,NA,"Marine Policy","journal","0308-597X","2025-11-25T00:00:00","2026-02-20T08:17:22.645390"
"S56205983","ep","W4416930195","10.1016/j.marpol.2025.106974",NA,NA,"Tools for assessing the effective management and equitable governance of marine protected and conserved areas",2025,"2025-12-02","article","en",0,28,1,3,3,NA,FALSE,FALSE,FALSE,FALSE,"closed","185",NA,"106974","106974",NA,NA,NA,NA,"Marine Policy","journal","0308-597X","2025-12-03T00:00:00","2026-02-22T13:39:03.778224"
"S56205983","ep","W4416930199","10.1016/j.marpol.2025.106988",NA,NA,"Commercial and recreational fisher participation in marine fisheries management decision-making",2025,"2025-12-02","article","en",0,84,1,1,3,NA,FALSE,FALSE,FALSE,FALSE,"closed","185",NA,"106988","106988",NA,NA,NA,NA,"Marine Policy","journal","0308-597X","2025-12-03T00:00:00","2026-02-22T13:39:03.778224"
"S56205983","ep","W4417008844","10.1016/j.marpol.2025.106997",NA,NA,"Actors and action situations in fisheries management laws: A case study of South Korea",2025,"2025-12-04","article","en",0,19,1,1,1,NA,FALSE,FALSE,FALSE,FALSE,"closed","185",NA,"106997","106997",NA,NA,NA,NA,"Marine Policy","journal","0308-597X","2025-12-04T00:00:00","2026-02-22T13:39:03.778224"
"S56205983","ep","W4417425174","10.1016/j.marpol.2025.107002",NA,NA,"The power of place: The role of place attachment in the offshore wind debate in the Gulf of Maine",2025,"2025-12-17","article","en",0,51,1,2,3,NA,FALSE,FALSE,FALSE,TRUE,"hybrid","186",NA,"107002","107002",NA,NA,NA,NA,"Marine Policy","journal","0308-597X","2025-12-17T00:00:00","2026-02-22T13:39:03.778224"
"S56205983","ep","W7122664876","10.1016/j.marpol.2026.107043",NA,NA,"The BBNJ agreement and its potential to facilitate fisheries management in the ABNJ",2026,"2026-01-12","article","en",0,15,1,1,2,0,FALSE,FALSE,FALSE,FALSE,"closed","186",NA,"107043","107043","International Maritime Law Issues","Management, Monitoring, Policy and Law","Environmental Science","Physical Sciences","Marine Policy","journal","0308-597X","2026-01-13T00:00:00","2026-01-14T00:41:55.809242"
"S56205983","ep","W7124299639","10.1016/j.marpol.2026.107033",NA,NA,"North Atlantic right whale Unusual Mortality Event prompts increased legislation and partisan variation at state and federal levels",2026,"2026-01-15","article","en",0,38,1,0,5,0,FALSE,FALSE,FALSE,TRUE,"hybrid","186",NA,"107033","107033","Marine animal studies overview","Ecology","Environmental Science","Physical Sciences","Marine Policy","journal","0308-597X","2026-01-16T00:00:00","2026-01-16T23:21:37.720618"
"S56205983","ep","W7124456789","10.1016/j.marpol.2026.107048",NA,NA,"The hidden side of the co-production of small-scale fishery policy instruments in Madagascar",2026,"2026-01-16","article","en",0,40,2,2,5,0,FALSE,FALSE,FALSE,FALSE,"closed","186",NA,"107048","107048","Coral and Marine Ecosystems Studies","Ecology","Environmental Science","Physical Sciences","Marine Policy","journal","0308-597X","2026-01-17T00:00:00","2026-01-19T04:01:09.351973"
"S56205983","ep","W7125478719","10.1016/j.marpol.2026.107058",NA,NA,"Enhancing the effectiveness of digitalised maritime law enforcement",2026,"2026-01-23","article","en",0,46,1,1,2,0,FALSE,FALSE,FALSE,FALSE,"closed","187",NA,"107058","107058","Maritime Navigation and Safety","Ocean Engineering","Engineering","Physical Sciences","Marine Policy","journal","0308-597X","2026-01-24T00:00:00","2026-01-25T23:04:38.658462"
"S56205983","ep","W7125478729","10.1016/j.marpol.2026.107059",NA,NA,"From expansion to overshoot: Policy risks in managing offshore fisheries expansion",2026,"2026-01-23","article","en",0,49,1,1,1,0,FALSE,FALSE,FALSE,FALSE,"closed","187",NA,"107059","107059","Marine and fisheries research","Global and Planetary Change","Environmental Science","Physical Sciences","Marine Policy","journal","0308-597X","2026-01-24T00:00:00","2026-01-25T23:04:38.658462"
"S56205983","ep","W7125588086","10.1016/j.marpol.2026.107060",NA,NA,"The critical role of allied organizations in supporting ocean defenders",2026,"2026-01-24","article","en",0,37,1,4,3,0,FALSE,FALSE,FALSE,TRUE,"hybrid","187",NA,"107060","107060","Coastal and Marine Management","Management, Monitoring, Policy and Law","Environmental Science","Physical Sciences","Marine Policy","journal","0308-597X","2026-01-25T00:00:00","2026-02-23T20:09:44.859080"
"S56205983","ep","W7125591169","10.1016/j.marpol.2026.107054",NA,NA,"Navigating state obligations: A critical analysis of the ITLOS advisory opinion on climate change and the UNCLOS",2026,"2026-01-22","article","en",0,49,1,0,2,0,FALSE,FALSE,FALSE,FALSE,"closed","187",NA,"107054","107054","International Maritime Law Issues","Management, Monitoring, Policy and Law","Environmental Science","Physical Sciences","Marine Policy","journal","0308-597X","2026-01-25T00:00:00","2026-01-25T23:08:32.236327"
"S56205983","ep","W7125611032","10.1016/j.marpol.2026.107050",NA,NA,"Understanding public perceptions associated with aquaculture development and farm design in Southern New England",2026,"2026-01-22","article","en",0,53,1,0,4,0,FALSE,FALSE,FALSE,FALSE,"closed","187",NA,"107050","107050","Marine Bivalve and Aquaculture Studies","Global and Planetary Change","Environmental Science","Physical Sciences","Marine Policy","journal","0308-597X","2026-01-25T00:00:00","2026-01-25T23:08:32.236327"
"S56205983","ep","W7125613434","10.1016/j.marpol.2026.107049",NA,NA,"Towards a temporal approach of the law of the sea: Addressing slow violence through legal longtermism",2026,"2026-01-24","article","en",0,50,1,3,2,0,FALSE,FALSE,FALSE,TRUE,"hybrid","187",NA,"107049","107049","Coastal and Marine Management","Management, Monitoring, Policy and Law","Environmental Science","Physical Sciences","Marine Policy","journal","0308-597X","2026-01-25T00:00:00","2026-01-25T23:08:32.236327"
"S56205983","ep","W7126205047","10.1016/j.marpol.2026.107063",NA,NA,"Economics of the Swedish small-scale Baltic fishery",2026,"2026-01-30","article","en",0,22,3,2,4,0,FALSE,FALSE,FALSE,TRUE,"hybrid","187",NA,"107063","107063","Marine and fisheries research","Global and Planetary Change","Environmental Science","Physical Sciences","Marine Policy","journal","0308-597X","2026-02-01T00:00:00","2026-02-25T08:12:03.925757"
"S56205983","ep","W7127567000","10.1016/j.marpol.2026.107062",NA,NA,"Are there sufficient incentives to decarbonize the trawl fleet in the EU?",2026,"2026-02-04","article","en",0,24,1,1,3,0,FALSE,FALSE,FALSE,FALSE,"closed","188",NA,"107062","107062","Marine Bivalve and Aquaculture Studies","Global and Planetary Change","Environmental Science","Physical Sciences","Marine Policy","journal","0308-597X","2026-02-06T00:00:00","2026-02-23T20:09:44.859080"
"S56205983","ep","W7128427342","10.1016/j.marpol.2026.107075",NA,NA,"A new Western Mediterranean Sea EBSAs proposal based on quantitative information of key criteria",2026,"2026-02-09","article","en",0,48,1,1,5,0,FALSE,FALSE,FALSE,TRUE,"hybrid","188",NA,"107075","107075","Coral and Marine Ecosystems Studies","Ecology","Environmental Science","Physical Sciences","Marine Policy","journal","0308-597X","2026-02-10T00:00:00","2026-02-11T14:41:00.668223"
"S56205983","ep","W7129288540","10.1016/j.marpol.2026.107051",NA,NA,"Regional patterns and policy implications of ocean health in Chile’s coastal municipalities",2026,"2026-02-17","article","en",0,32,1,3,8,0,FALSE,FALSE,FALSE,FALSE,"closed","188",NA,"107051","107051","Coastal and Marine Management","Management, Monitoring, Policy and Law","Environmental Science","Physical Sciences","Marine Policy","journal","0308-597X","2026-02-18T00:00:00","2026-02-18T06:25:47.457606"
"S56205983","ep","W7130413603","10.1016/j.marpol.2026.107085",NA,NA,"AI in the international governance of land-based marine pollution: Legal frameworks and multilateral approaches",2026,"2026-02-18","article","en",0,67,1,1,2,0,FALSE,FALSE,FALSE,FALSE,"closed","188",NA,"107085","107085","Coastal and Marine Management","Management, Monitoring, Policy and Law","Environmental Science","Physical Sciences","Marine Policy","journal","0308-597X","2026-02-19T00:00:00","2026-02-20T06:14:18.993340"
"S56205983","ep","W7130510263","10.1016/j.marpol.2026.107077",NA,NA,"Climate, livelihood insecurity, and violent conflict over fishing access in coastal Bangladesh",2026,"2026-02-19","article","en",0,37,1,3,4,0,FALSE,FALSE,FALSE,TRUE,"hybrid","188",NA,"107077","107077","Coral and Marine Ecosystems Studies","Ecology","Environmental Science","Physical Sciences","Marine Policy","journal","0308-597X","2026-02-19T00:00:00","2026-02-20T06:18:38.638704"
"S56205983","ep","W7130532724","10.1016/j.marpol.2026.107088",NA,NA,"The perspectives of small-scale fishermen on coastal zone management, Donggala, Indonesia: From perception to management plan",2026,"2026-02-19","article","en",0,104,1,1,2,0,FALSE,FALSE,FALSE,FALSE,"closed","188",NA,"107088","107088","Marine and Coastal Ecosystems","Ecology","Environmental Science","Physical Sciences","Marine Policy","journal","0308-597X","2026-02-20T00:00:00","2026-02-20T17:44:18.066148"
"S56205983","ep","W7130660170","10.1016/j.marpol.2026.107076",NA,NA,"Assessing public attitudes towards sharks using the Implicit Association Test",2026,"2026-02-20","article","en",0,97,1,1,10,0,FALSE,FALSE,FALSE,FALSE,"closed","188",NA,"107076","107076","Ichthyology and Marine Biology","Nature and Landscape Conservation","Environmental Science","Physical Sciences","Marine Policy","journal","0308-597X","2026-02-20T00:00:00","2026-02-21T06:11:54.161237"
"S56205983","ep","W7130817665","10.1016/j.marpol.2026.107090",NA,NA,"Flexible interpretation and strategic interaction of the “not undermine” clause: A case study of the BBNJ agreement",2026,"2026-02-21","article","en",0,41,1,0,6,0,FALSE,FALSE,FALSE,TRUE,"hybrid","188",NA,"107090","107090","Law, logistics, and international trade","Accounting","Business, Management and Accounting","Social Sciences","Marine Policy","journal","0308-597X","2026-02-21T00:00:00","2026-02-22T13:39:03.778224"
"S56205983","ep","W7130851540","10.1016/j.marpol.2026.107083",NA,NA,"From maritime scholarship to marine governance: Academic contributions to marine spatial planning in Spain",2026,"2026-02-21","article","en",0,22,1,1,1,0,FALSE,FALSE,FALSE,TRUE,"hybrid","188",NA,"107083","107083","Coastal and Marine Management","Management, Monitoring, Policy and Law","Environmental Science","Physical Sciences","Marine Policy","journal","0308-597X","2026-02-22T00:00:00","2026-02-24T06:16:03.338239"
"S56205983","ep","W7130855176","10.1016/j.marpol.2026.107091",NA,NA,"Efforts to secure landmark WTO fisheries subsidies agreement blocked",2026,"2026-02-21","article","en",0,10,1,1,1,0,FALSE,FALSE,FALSE,TRUE,"hybrid","188",NA,"107091","107091","World Trade Organization Law","Political Science and International Relations","Social Sciences","Social Sciences","Marine Policy","journal","0308-597X","2026-02-22T00:00:00","2026-02-22T13:46:49.711024"
"S56205983","ep","W7130856881","10.1016/j.marpol.2026.107079",NA,NA,"From data rationales to data infrastructure: Implications for the BBNJ clearing-house mechanism",2026,"2026-02-21","article","en",0,54,1,1,3,0,FALSE,FALSE,FALSE,TRUE,"hybrid","188",NA,"107079","107079","International Maritime Law Issues","Management, Monitoring, Policy and Law","Environmental Science","Physical Sciences","Marine Policy","journal","0308-597X","2026-02-22T00:00:00","2026-02-22T13:46:49.711024"
"S56205983","ep","W7131219262","10.1016/j.marpol.2026.107094",NA,NA,"Livelihoods vulnerability and adaptive strategies for coastal communities. A systematic review",2026,"2026-02-24","article","en",0,58,1,0,2,0,FALSE,FALSE,FALSE,TRUE,"hybrid","189",NA,"107094","107094","Climate Change, Adaptation, Migration","Sociology and Political Science","Social Sciences","Social Sciences","Marine Policy","journal","0308-597X","2026-02-25T00:00:00","2026-02-25T21:11:00.739837"
"S56205983","ep","W7131355756","10.1016/j.marpol.2026.107095",NA,NA,"Sustainable small-scale fisheries development: Integrating bioeconomic and DPSIR models for policy insights",2026,"2026-02-25","article","en",0,69,1,1,3,0,FALSE,FALSE,FALSE,TRUE,"hybrid","189",NA,"107095","107095","Marine Bivalve and Aquaculture Studies","Global and Planetary Change","Environmental Science","Physical Sciences","Marine Policy","journal","0308-597X","2026-02-25T00:00:00","2026-02-25T21:15:32.979223"
"S153840704","ep","W2903946322","10.1016/j.cosust.2018.11.003",NA,"2903946322","Editorial overview: Relational values: what are they, and what’s the fuss about?",2018,"2018-12-01","editorial","en",493,31,1,4,3,22.15472219,FALSE,FALSE,TRUE,TRUE,"bronze","35",NA,"A1","A7","Land Use and Ecosystem Services","Global and Planetary Change","Environmental Science","Physical Sciences","Current Opinion in Environmental Sustainability","journal","1877-3435","2025-10-10T00:00:00","2026-02-23T08:04:50.183275"
"S153840704","ep","W4386873172","10.1016/j.cosust.2023.101359",NA,NA,"Editorial overview: Leveraging the multiple values of nature for transformative change to just and sustainable futures — Insights from the IPBES Values Assessment",2023,"2023-09-19","editorial","en",41,28,1,4,3,25.22134142,FALSE,FALSE,FALSE,FALSE,"closed","64",NA,"101359","101359","Economic and Environmental Valuation","Economics and Econometrics","Economics, Econometrics and Finance","Social Sciences","Current Opinion in Environmental Sustainability","journal","1877-3435","2025-10-10T00:00:00","2026-02-19T08:20:09.288608"
"S153840704","ep","W3014187200","10.1016/j.cosust.2020.03.007",NA,"3014187200","Editorial overview: The science of actionable knowledge",2020,"2020-02-01","editorial","en",39,21,1,1,3,4.64283145,FALSE,FALSE,FALSE,FALSE,"closed","42",NA,"A1","A5","Complex Systems and Decision Making","Management Science and Operations Research","Decision Sciences","Social Sciences","Current Opinion in Environmental Sustainability","journal","1877-3435","2025-10-10T00:00:00","2026-02-14T14:00:54.825952"
"S153840704","ep","W2886837551","10.1016/j.cosust.2018.07.003",NA,"2886837551","Editorial overview: Keeping fit in the dynamics of coupled natural and human systems",2018,"2018-08-01","editorial","en",46,24,1,2,2,2.01406565,FALSE,FALSE,FALSE,FALSE,"closed","33",NA,"A1","A4","Ecosystem dynamics and resilience","Global and Planetary Change","Environmental Science","Physical Sciences","Current Opinion in Environmental Sustainability","journal","1877-3435","2025-10-10T00:00:00","2026-02-16T07:36:33.822630"
"S153840704","ep","W2892297440","10.1016/j.cosust.2018.08.002",NA,"2892297440","Editorial overview: Forest governance interventions for sustainability through information, incentives, and institutions",2018,"2018-06-01","editorial","en",44,48,1,2,5,3.88426947,FALSE,FALSE,FALSE,FALSE,"closed","32",NA,"A1","A7","Conservation, Biodiversity, and Resource Management","Global and Planetary Change","Environmental Science","Physical Sciences","Current Opinion in Environmental Sustainability","journal","1877-3435","2025-10-10T00:00:00","2025-11-06T03:46:38.306776"
"S153840704","ep","W2915122692","10.1016/j.cosust.2019.01.001",NA,"2915122692","Editorial overview: Water quality: A new challenge for global scale model development and application",2019,"2019-02-01","editorial","en",26,41,2,2,4,1.5551658,FALSE,FALSE,FALSE,TRUE,"green","36",NA,"A1","A5","Water Quality Monitoring Technologies","Water Science and Technology","Environmental Science","Physical Sciences","Current Opinion in Environmental Sustainability","journal","1877-3435","2025-10-10T00:00:00","2026-02-09T09:26:11.010843"
"S153840704","ep","W2536858378","10.1016/j.cosust.2016.10.001",NA,"2536858378","Editorial overview: Transformations and co-design: Co-designing research projects on social transformations to sustainability",2016,"2016-06-01","editorial","en",24,42,1,0,1,3.93035777,FALSE,FALSE,FALSE,FALSE,"closed","20",NA,"v","viii","Innovation and Socioeconomic Development","Business and International Management","Business, Management and Accounting","Social Sciences","Current Opinion in Environmental Sustainability","journal","1877-3435","2025-10-10T00:00:00","2025-11-06T03:46:38.306776"
"S153840704","ep","W2086064973","10.1016/j.cosust.2013.11.017",NA,"2086064973","Editorial overview: Sustainability challenges: Agroforestry from the past into the future",2013,"2013-12-12","editorial","en",24,27,1,1,2,1.56353592,FALSE,FALSE,FALSE,FALSE,"closed","6",NA,"134","137","Agroforestry and silvopastoral systems","Forestry","Agricultural and Biological Sciences","Life Sciences","Current Opinion in Environmental Sustainability","journal","1877-3435","2025-10-10T00:00:00","2025-11-06T03:46:38.306776"
"S153840704","ep","W2400250561","10.1016/j.cosust.2016.05.002",NA,"2400250561","Editorial overview: Sustainability science: social–environmental systems (SES) research: how the field has developed and what we have learned for future efforts",2016,"2016-04-01","editorial","en",17,38,1,1,1,1.88162795,FALSE,FALSE,FALSE,FALSE,"closed","19",NA,"v","xii","Forest Management and Policy","Global and Planetary Change","Environmental Science","Physical Sciences","Current Opinion in Environmental Sustainability","journal","1877-3435","2025-10-10T00:00:00","2025-11-06T03:46:38.306776"
"S153840704","ep","W2995636445","10.1016/j.cosust.2019.12.002",NA,"2995636445","Editorial overview: Inclusive business for sustainability",2019,"2019-12-01","editorial","en",17,19,3,1,3,4.58579041,FALSE,FALSE,FALSE,FALSE,"closed","41",NA,"A1","A4","Innovation and Socioeconomic Development","Business and International Management","Business, Management and Accounting","Social Sciences","Current Opinion in Environmental Sustainability","journal","1877-3435","2025-10-10T00:00:00","2026-02-09T09:26:11.010843"
"S153840704","ep","W2995244790","10.1016/j.cosust.2019.12.003",NA,"2995244790","Editorial overview: Towards an inclusive food systems approach for sustainable food and nutrition security",2019,"2019-12-01","editorial","en",10,23,4,0,3,1.30491999,FALSE,FALSE,FALSE,FALSE,"closed","41",NA,"93","96","Organic Food and Agriculture","Plant Science","Agricultural and Biological Sciences","Life Sciences","Current Opinion in Environmental Sustainability","journal","1877-3435","2025-10-10T00:00:00","2026-02-09T09:26:11.010843"
"S153840704","ep","W2615785901","10.1016/j.cosust.2017.05.001",NA,"2615785901","Editorial overview: System dynamics and sustainability: Urban transitions to sustainability and resilience",2016,"2016-10-01","editorial","en",11,13,2,4,4,1.50504511,FALSE,FALSE,FALSE,FALSE,"closed","22",NA,"iv","viii","Complex Systems and Decision Making","Management Science and Operations Research","Decision Sciences","Social Sciences","Current Opinion in Environmental Sustainability","journal","1877-3435","2025-10-10T00:00:00","2026-02-09T09:26:11.010843"
"S153840704","ep","W2582578833","10.1016/j.cosust.2016.01.003",NA,"2582578833","Editorial overview: Sustainability governance and transformation 2016: Informational governance and environmental sustainability",2016,"2016-02-01","editorial","en",4,24,2,2,4,1.45509849,FALSE,FALSE,FALSE,FALSE,"closed","18",NA,"v","vii","Environmental Sustainability in Business","Marketing","Business, Management and Accounting","Social Sciences","Current Opinion in Environmental Sustainability","journal","1877-3435","2025-10-10T00:00:00","2026-02-09T09:26:11.010843"
"S153840704","ep","W4401629589","10.1016/j.cosust.2024.101473",NA,NA,"Editorial overview: Climate finance, risks, and accounting",2024,"2024-08-16","editorial","en",3,25,1,3,3,2.99720292,FALSE,FALSE,FALSE,FALSE,"closed","70",NA,"101473","101473","Sustainable Finance and Green Bonds","Finance","Economics, Econometrics and Finance","Social Sciences","Current Opinion in Environmental Sustainability","journal","1877-3435","2025-10-10T00:00:00","2026-02-05T00:54:17.221276"
"S153840704","ep","W2793984915","10.1016/j.cosust.2018.01.002",NA,"2793984915","Editorial overview: How to promote transdisciplinary, evidence-based sustainability solutions?",2017,"2017-12-01","editorial","en",5,35,2,1,1,0.64588994,FALSE,FALSE,FALSE,FALSE,"closed","29",NA,"xii","xv","Sustainability and Climate Change Governance","Global and Planetary Change","Environmental Science","Physical Sciences","Current Opinion in Environmental Sustainability","journal","1877-3435","2025-10-10T00:00:00","2026-02-09T09:26:11.010843"
"S153840704","ep","W4387321792","10.1016/j.cosust.2023.101365",NA,NA,"Editorial overview: Values and decisions: How can development trajectories transform",2023,"2023-10-03","editorial","en",4,47,2,5,4,2.30345214,FALSE,FALSE,FALSE,TRUE,"green","65",NA,"101365","101365","Sustainable Development and Environmental Policy","Management, Monitoring, Policy and Law","Environmental Science","Physical Sciences","Current Opinion in Environmental Sustainability","journal","1877-3435","2025-10-10T00:00:00","2026-02-09T09:26:11.010843"
"S153840704","ep","W2579963366","10.1016/j.cosust.2015.10.001",NA,"2579963366","Editorial overview: Open issue: Sustainability — from concept to practice",2015,"2015-06-01","editorial","en",1,33,2,2,3,0,FALSE,FALSE,FALSE,TRUE,"green","14",NA,"v","vii","Forest Management and Policy","Global and Planetary Change","Environmental Science","Physical Sciences","Current Opinion in Environmental Sustainability","journal","1877-3435","2025-10-10T00:00:00","2026-02-09T09:26:11.010843"
"S153840704","ep","W2808683460","10.1016/j.cosust.2018.05.019",NA,"2808683460","Editorial overview: Environmental change issues: Integrated global change and biodiversity research for a sustainable future",2017,"2017-12-01","editorial","en",4,16,1,1,6,0.32294497,FALSE,FALSE,FALSE,FALSE,"closed","29",NA,"vii","xi","Conservation, Biodiversity, and Resource Management","Global and Planetary Change","Environmental Science","Physical Sciences","Current Opinion in Environmental Sustainability","journal","1877-3435","2025-10-10T00:00:00","2025-11-06T03:46:38.306776"
"S153840704","ep","W2075379061","10.1016/j.cosust.2014.12.003",NA,"2075379061","Editorial overview: Sustainability governance and transformation: Partnerships and sustainability governance: progress, prospects and pitfalls",2015,"2015-01-02","editorial","en",3,16,1,1,2,0.84175084,FALSE,FALSE,FALSE,FALSE,"closed","12",NA,"iv","vi","Community Development and Social Impact","Finance","Economics, Econometrics and Finance","Social Sciences","Current Opinion in Environmental Sustainability","journal","1877-3435","2025-10-10T00:00:00","2025-11-06T03:46:38.306776"
"S153840704","ep","W2037973760","10.1016/j.cosust.2014.02.001",NA,"2037973760","Editorial overview: Environmental change issues: Coral reefs sustainability and its challenges",2014,"2014-03-16","editorial","en",2,29,1,2,2,0.25276899,FALSE,FALSE,FALSE,FALSE,"closed","7",NA,"iv","vii","Coral and Marine Ecosystems Studies","Ecology","Environmental Science","Physical Sciences","Current Opinion in Environmental Sustainability","journal","1877-3435","2025-10-10T00:00:00","2025-11-06T03:46:38.306776"
"S153840704","ep","W2601876039","10.1016/j.cosust.2017.03.002",NA,"2601876039","Editorial overview: Open issue, part I: A new era of global environmental sustainability understanding",2016,"2016-12-01","editorial","en",2,12,2,2,3,0.23022374,FALSE,FALSE,FALSE,TRUE,"green","23",NA,"iv","vi","Mine drainage and remediation techniques","Environmental Chemistry","Environmental Science","Physical Sciences","Current Opinion in Environmental Sustainability","journal","1877-3435","2025-10-10T00:00:00","2026-02-09T09:26:11.010843"
"S153840704","ep","W2771968991","10.1016/j.cosust.2017.10.005",NA,"2771968991","Editorial overview: Confronting the challenges of implementing global sustainability goals",2017,"2017-06-01","editorial","en",2,21,1,0,1,0.8252925,FALSE,FALSE,FALSE,FALSE,"closed","26-27",NA,"v","vii","Sustainable Development and Environmental Policy","Management, Monitoring, Policy and Law","Environmental Science","Physical Sciences","Current Opinion in Environmental Sustainability","journal","1877-3435","2025-10-10T00:00:00","2025-11-06T03:46:38.306776"
"S153840704","ep","W2771601857","10.1016/j.cosust.2017.11.004",NA,"2771601857","Editorial overview: Learning and Innovation in Resilient Systems",2017,"2017-10-01","editorial","en",0,10,5,1,4,0,FALSE,FALSE,FALSE,TRUE,"green","28",NA,"iv","vi","Complex Systems and Decision Making","Management Science and Operations Research","Decision Sciences","Social Sciences","Current Opinion in Environmental Sustainability","journal","1877-3435","2025-10-10T00:00:00","2026-02-20T08:17:22.645390"
"S153840704","ep","W4386412830","10.1016/j.cosust.2023.101358",NA,NA,"Editorial overview: On the environmental sustainability of small island states",2023,"2023-09-04","editorial","en",0,36,1,1,1,0,FALSE,FALSE,FALSE,FALSE,"closed","64",NA,"101358","101358","Island Studies and Pacific Affairs","Demography","Social Sciences","Social Sciences","Current Opinion in Environmental Sustainability","journal","1877-3435","2025-10-10T00:00:00","2026-02-05T00:54:17.221276"
"S153840704","ep","W4399782170","10.1016/j.cosust.2024.101450",NA,NA,"Editorial overview: Navigating climate challenges for the future of food systems",2024,"2024-06-18","editorial","en",0,19,1,3,3,0,FALSE,FALSE,FALSE,TRUE,"hybrid","69",NA,"101450","101450","Agriculture Sustainability and Environmental Impact","Ecology","Environmental Science","Physical Sciences","Current Opinion in Environmental Sustainability","journal","1877-3435","2025-10-10T00:00:00","2026-02-05T00:54:17.221276"
"S153840704","ep","W4416816488","10.1016/j.cosust.2025.101592",NA,NA,"Editorial overview: Biodiversity finance",2025,"2025-11-29","article","en",0,22,2,1,3,NA,FALSE,FALSE,FALSE,TRUE,"hybrid","78",NA,"101592","101592",NA,NA,NA,NA,"Current Opinion in Environmental Sustainability","journal","1877-3435","2025-11-29T00:00:00","2026-02-19T08:20:09.288608"
"S153840704","ep","W4416988938","10.1016/j.cosust.2025.101594",NA,NA,"Editorial overview: Leveraging the power of collective learning through networks to amplify sustainability transformation",2025,"2025-12-04","editorial","en",0,16,1,2,2,NA,FALSE,FALSE,FALSE,FALSE,"closed","78",NA,"101594","101594",NA,NA,NA,NA,"Current Opinion in Environmental Sustainability","journal","1877-3435","2025-12-04T00:00:00","2026-02-22T13:39:03.778224"
"S153840704","ep","W7128734149","10.1016/j.cosust.2026.101608",NA,NA,"Urbanization and energy transition in developing countries: examining the interplay of social cohesion and social innovation in facilitating low-carbon energy transitions",2026,"2026-02-13","article","en",0,45,1,0,5,0,FALSE,FALSE,FALSE,TRUE,"hybrid","79",NA,"101608","101608","Sustainability and Climate Change Governance","Global and Planetary Change","Environmental Science","Physical Sciences","Current Opinion in Environmental Sustainability","journal","1877-3435","2026-02-13T00:00:00","2026-02-14T06:23:00.392402"
"S153840704","ep","W7130310390","10.1016/j.cosust.2026.101617",NA,NA,"Transformative pathways for social networks to navigate towards a nature-positive society: collaborate, challenge, and disrupt",2026,"2026-02-18","article","en",0,64,1,7,14,0,FALSE,FALSE,FALSE,TRUE,"hybrid","79",NA,"101617","101617","Conservation, Ecology, Wildlife Education","Management, Monitoring, Policy and Law","Environmental Science","Physical Sciences","Current Opinion in Environmental Sustainability","journal","1877-3435","2026-02-19T00:00:00","2026-02-19T06:31:58.851227"
"S200872515","ep","W3028081715","10.1016/j.jeem.2021.102470",NA,"3028081715","Pro-environmental interventions and behavioral spillovers: Evidence from organic waste sorting in Sweden",2021,"2021-05-08","preprint","en",17,33,6,3,3,4.7758,FALSE,FALSE,FALSE,TRUE,"hybrid","108",NA,"102470","102470","Environmental Education and Sustainability","Management, Monitoring, Policy and Law","Environmental Science","Physical Sciences","Journal of Environmental Economics and Management","journal","0095-0696","2025-10-10T00:00:00","2026-02-25T23:00:34.991745"
"S200872515","ep","W3115702399","10.1016/j.jeem.2021.102452",NA,"3115702399","Commodity prices and robust environmental regulation: Evidence from deforestation in Brazil",2021,"2021-04-26","preprint","en",13,52,7,3,3,1.3136,FALSE,FALSE,FALSE,TRUE,"hybrid","108",NA,"102452","102452","Conservation, Biodiversity, and Resource Management","Global and Planetary Change","Environmental Science","Physical Sciences","Journal of Environmental Economics and Management","journal","0095-0696","2025-10-10T00:00:00","2026-02-26T08:16:20.718346"
"S200872515","ep","W2911860440","10.1016/j.jeem.2020.102403",NA,"2911860440","Exporting and pollution abatement expenditure: Evidence from firm-level data",2020,"2020-12-22","preprint","en",12,71,4,1,3,1.47983298,FALSE,FALSE,TRUE,TRUE,"green","105",NA,"102403","102403","Energy, Environment, Economic Growth","Economics and Econometrics","Economics, Econometrics and Finance","Social Sciences","Journal of Environmental Economics and Management","journal","0095-0696","2025-10-10T00:00:00","2026-02-09T09:26:11.010843"
"S200872515","ep","W3026556854","10.1016/j.jeem.2021.102426",NA,"3026556854","The Climate Decade: Changing Attitudes on Three Continents",2020,"2020-01-01","preprint","en",7,30,6,3,8,1.942,FALSE,FALSE,FALSE,TRUE,"hybrid","107",NA,"102426","102426","Environmental Education and Sustainability","Management, Monitoring, Policy and Law","Environmental Science","Physical Sciences","Journal of Environmental Economics and Management","journal","0095-0696","2025-10-10T00:00:00","2026-02-26T08:16:20.718346"
"S200872515","ep","W3168068490","10.1016/j.jeem.2021.102589",NA,"3168068490","How effective is carbon pricing?—A machine learning approach to policy evaluation",2021,"2021-12-17","preprint","en",7,51,6,3,3,0.31723311,FALSE,FALSE,TRUE,TRUE,"green","112",NA,"102589","102589","Energy, Environment, and Transportation Policies","Renewable Energy, Sustainability and the Environment","Energy","Physical Sciences","Journal of Environmental Economics and Management","journal","0095-0696","2025-10-10T00:00:00","2026-02-09T09:26:11.010843"
"S200872515","ep","W3001175121","10.1016/j.jeem.2021.102454",NA,"3001175121","Air quality warnings and temporary driving bans: Evidence from air pollution, car trips, and mass-transit ridership in Santiago",2021,"2021-05-06","preprint","en",7,53,4,1,1,0.59131492,FALSE,FALSE,FALSE,TRUE,"green","108",NA,"102454","102454","Air Quality and Health Impacts","Health, Toxicology and Mutagenesis","Environmental Science","Physical Sciences","Journal of Environmental Economics and Management","journal","0095-0696","2025-10-10T00:00:00","2026-02-09T09:26:11.010843"
"S200872515","ep","W3038899680","10.1016/j.jeem.2021.102468",NA,"3038899680","Emissions trading with transaction costs",2021,"2021-04-27","preprint","en",5,62,8,3,3,0.66162424,FALSE,FALSE,FALSE,FALSE,"closed","108",NA,"102468","102468","Climate Change Policy and Economics","Economics and Econometrics","Economics, Econometrics and Finance","Social Sciences","Journal of Environmental Economics and Management","journal","0095-0696","2025-10-10T00:00:00","2026-02-09T09:26:11.010843"
"S200872515","ep","W2793860685","10.1016/j.jeem.2020.102402",NA,"2793860685","How smart are ‘Water Smart Landscapes’?",2020,"2020-12-10","preprint","en",3,40,9,1,2,0.5296,FALSE,FALSE,FALSE,TRUE,"hybrid","106",NA,"102402","102402","Water resources management and optimization","Ocean Engineering","Engineering","Physical Sciences","Journal of Environmental Economics and Management","journal","0095-0696","2025-10-10T00:00:00","2026-02-25T08:12:03.925757"
"S200872515","ep","W3004883099","10.1016/j.jeem.2021.102560",NA,"3004883099","Climate policy without a price signal: Evidence on the implicit carbon price of energy efficiency in buildings",2021,"2021-10-25","preprint","en",3,46,7,2,2,0.10574437,FALSE,FALSE,FALSE,TRUE,"hybrid","111",NA,"102560","102560","Energy Efficiency and Management","Renewable Energy, Sustainability and the Environment","Energy","Physical Sciences","Journal of Environmental Economics and Management","journal","0095-0696","2025-10-10T00:00:00","2026-02-19T08:20:09.288608"
"S200872515","ep","W2600474124","10.1016/j.jeem.2017.06.006",NA,"2600474124","Peeling back the onion: Using latent class analysis to uncover heterogeneous responses to stated preference surveys",2017,"2017-06-28","preprint","en",3,47,5,2,2,0.60499781,FALSE,FALSE,FALSE,FALSE,"closed","87",NA,"165","189","Economic and Environmental Valuation","Economics and Econometrics","Economics, Econometrics and Finance","Social Sciences","Journal of Environmental Economics and Management","journal","0095-0696","2025-10-10T00:00:00","2026-02-09T09:26:11.010843"
"S200872515","ep","W2890612296","10.1016/j.jeem.2003.09.002",NA,"2890612296","ENTICE: endogenous technological change in the DICE model of global warming",2003,"2003-12-04","preprint","en",5,28,3,1,1,0.63080128,FALSE,FALSE,FALSE,FALSE,"closed","48","1","742","768","Climate Change Policy and Economics","Economics and Econometrics","Economics, Econometrics and Finance","Social Sciences","Journal of Environmental Economics and Management","journal","0095-0696","2025-10-10T00:00:00","2026-02-09T09:26:11.010843"
"S200872515","ep","W2811429022","10.1016/j.jeem.2012.10.002",NA,"2811429022","Political influence on non-cooperative international climate policy",2012,"2012-11-06","preprint","en",4,24,9,1,2,0.67299167,FALSE,FALSE,FALSE,TRUE,"green","66","2","219","234","Climate Change Policy and Economics","Economics and Econometrics","Economics, Econometrics and Finance","Social Sciences","Journal of Environmental Economics and Management","journal","0095-0696","2025-10-10T00:00:00","2026-02-09T09:26:11.010843"
"S200872515","ep","W3123589738","10.1016/j.jeem.2011.04.005",NA,"3123589738","Emissions targets and the real business cycle: Intensity targets versus caps or taxes",2011,"2011-07-10","preprint","en",3,26,6,1,2,0.66504267,FALSE,FALSE,FALSE,FALSE,"closed","62","3","352","366","Climate Change Policy and Economics","Economics and Econometrics","Economics, Econometrics and Finance","Social Sciences","Journal of Environmental Economics and Management","journal","0095-0696","2025-10-10T00:00:00","2026-02-09T09:26:11.010843"
"S200872515","ep","W3042605848","10.1016/j.jeem.2021.102584",NA,"3042605848","Environmental Policy with Green Consumerism",2020,"2020-01-01","preprint","en",1,29,14,1,2,0.2382,FALSE,FALSE,FALSE,TRUE,"bronze","111",NA,"102584","102584","Economic and Environmental Valuation","Economics and Econometrics","Economics, Econometrics and Finance","Social Sciences","Journal of Environmental Economics and Management","journal","0095-0696","2025-10-10T00:00:00","2026-02-25T23:00:34.991745"
"S200872515","ep","W3122682944","10.1016/j.jeem.2014.04.004",NA,"3122682944","Brown backstops versus the green paradox",2014,"2014-05-09","preprint","en",1,46,4,1,1,0.7513996,FALSE,FALSE,FALSE,FALSE,"closed","68","1","87","110","Climate Change Policy and Economics","Economics and Econometrics","Economics, Econometrics and Finance","Social Sciences","Journal of Environmental Economics and Management","journal","0095-0696","2025-10-10T00:00:00","2026-02-09T09:26:11.010843"
"S200872515","ep","W3123159565","10.1016/j.jeem.2013.11.003",NA,"3123159565","Are energy efficiency standards justified?",2013,"2013-12-18","preprint","en",1,31,3,1,3,0,FALSE,FALSE,FALSE,FALSE,"closed","67","2","104","125","Energy, Environment, and Transportation Policies","Renewable Energy, Sustainability and the Environment","Energy","Physical Sciences","Journal of Environmental Economics and Management","journal","0095-0696","2025-10-10T00:00:00","2026-02-09T09:26:11.010843"
"S200872515","ep","W3198714465","10.1016/j.jeem.2024.102969",NA,"3198714465","Asset Pricing and the Carbon Beta of Externalities",2021,"2021-01-01","preprint","en",1,47,8,1,3,0.23,FALSE,FALSE,FALSE,TRUE,"hybrid","125",NA,"102969","102969","Climate Change Policy and Economics","Economics and Econometrics","Economics, Econometrics and Finance","Social Sciences","Journal of Environmental Economics and Management","journal","0095-0696","2025-10-10T00:00:00","2026-02-26T08:16:20.718346"
"S200872515","ep","W3123501114","10.1016/j.jeem.2006.08.003",NA,"3123501114","A laboratory investigation of compliance behavior under tradable emissions rights: Implications for targeted enforcement",2007,"2007-01-27","preprint","en",1,29,10,1,2,0.67829197,FALSE,FALSE,FALSE,TRUE,"gold","53","2","196","212","Regulation and Compliance Studies","Strategy and Management","Business, Management and Accounting","Social Sciences","Journal of Environmental Economics and Management","journal","0095-0696","2025-10-10T00:00:00","2026-02-09T09:26:11.010843"
"S200872515","ep","W2242427302","10.1016/j.jeem.2007.05.003",NA,"2242427302","Enforcement and over-compliance",2007,"2007-09-13","preprint","en",0,30,5,2,2,0,FALSE,FALSE,TRUE,FALSE,"closed","55","1","90","105","Regulation and Compliance Studies","Strategy and Management","Business, Management and Accounting","Social Sciences","Journal of Environmental Economics and Management","journal","0095-0696","2025-10-10T00:00:00","2026-02-09T09:26:11.010843"
"S200872515","ep","W2890533354","10.1006/jeem.1997.1004",NA,"2890533354","Sulfur Dioxide Compliance of a Regulated Utility",1997,"1997-09-01","preprint","en",0,20,4,1,3,0,FALSE,FALSE,FALSE,TRUE,"green","34","1","32","53","Climate Change Policy and Economics","Economics and Econometrics","Economics, Econometrics and Finance","Social Sciences","Journal of Environmental Economics and Management","journal","0095-0696","2025-10-10T00:00:00","2026-02-09T09:26:11.010843"
"S200872515","ep","W2911748944","10.1016/j.jeem.2016.09.003",NA,"2911748944","Emissions trading systems with cap adjustments",2016,"2016-09-16","preprint","en",0,23,6,2,2,0,FALSE,FALSE,FALSE,TRUE,"hybrid","80",NA,"20","36","Climate Change Policy and Economics","Economics and Econometrics","Economics, Econometrics and Finance","Social Sciences","Journal of Environmental Economics and Management","journal","0095-0696","2025-10-10T00:00:00","2026-02-14T14:00:54.825952"
"S200872515","ep","W2969343017","10.1016/j.jeem.2018.08.017",NA,"2969343017","The effectiveness of taxing the carbon content of energy consumption",2018,"2018-09-10","preprint","en",0,46,7,2,2,0,FALSE,FALSE,TRUE,TRUE,"green","92",NA,"74","99","Fiscal Policy and Economic Growth","Economics and Econometrics","Economics, Econometrics and Finance","Social Sciences","Journal of Environmental Economics and Management","journal","0095-0696","2025-10-10T00:00:00","2026-02-23T08:04:50.183275"
"S200872515","ep","W3021399691","10.1016/j.jeem.2009.07.003",NA,"3021399691","Pattern formation, spatial externalities and regulation in coupled economic–ecological systems",2009,"2009-11-16","preprint","en",0,25,5,2,2,0,FALSE,FALSE,FALSE,TRUE,"green","59","2","149","164","Evolutionary Game Theory and Cooperation","Sociology and Political Science","Social Sciences","Social Sciences","Journal of Environmental Economics and Management","journal","0095-0696","2025-10-10T00:00:00","2026-02-09T09:26:11.010843"
"S200872515","ep","W3048656908","10.1016/j.jeem.2022.102709",NA,"3048656908","Measuring energy-saving technological change: International trends and differences",2022,"2022-07-12","preprint","en",0,48,6,1,3,0,FALSE,FALSE,FALSE,TRUE,"green","115",NA,"102709","102709","Energy, Environment, Economic Growth","Economics and Econometrics","Economics, Econometrics and Finance","Social Sciences","Journal of Environmental Economics and Management","journal","0095-0696","2025-10-10T00:00:00","2026-02-09T09:26:11.010843"
"S200872515","ep","W3083793618","10.1016/j.jeem.2003.12.002",NA,"3083793618","An intergenerational common pool resource experiment",2004,"2004-02-29","preprint","en",0,42,8,2,3,0,FALSE,FALSE,FALSE,TRUE,"green","48","2","811","836","Experimental Behavioral Economics Studies","Safety Research","Social Sciences","Social Sciences","Journal of Environmental Economics and Management","journal","0095-0696","2025-10-10T00:00:00","2026-02-09T09:26:11.010843"
"S200872515","ep","W3121194681","10.1016/j.jeem.2010.10.010",NA,"3121194681","An experimental analysis of compliance in dynamic emissions markets",2011,"2011-05-02","preprint","en",0,25,9,1,3,0,FALSE,FALSE,TRUE,TRUE,"green","62","3","414","429","Climate Change Policy and Economics","Economics and Econometrics","Economics, Econometrics and Finance","Social Sciences","Journal of Environmental Economics and Management","journal","0095-0696","2025-10-10T00:00:00","2026-02-09T09:26:11.010843"
"S200872515","ep","W3123427332","10.1016/j.jeem.2016.01.002",NA,"3123427332","Vertical Fiscal Externalities and the Environment",2014,"2014-01-01","preprint","en",0,29,12,4,3,0,FALSE,FALSE,FALSE,TRUE,"green","77",NA,"51","74","Fiscal Policy and Economic Growth","Economics and Econometrics","Economics, Econometrics and Finance","Social Sciences","Journal of Environmental Economics and Management","journal","0095-0696","2025-10-10T00:00:00","2026-02-09T09:26:11.010843"
"S200872515","ep","W3123513996","10.1016/j.jeem.2018.03.010",NA,"3123513996","Double limit pricing",2018,"2018-03-30","preprint","en",0,38,7,2,3,0,FALSE,FALSE,FALSE,TRUE,"green","89",NA,"153","167","Climate Change Policy and Economics","Economics and Econometrics","Economics, Econometrics and Finance","Social Sciences","Journal of Environmental Economics and Management","journal","0095-0696","2025-10-10T00:00:00","2026-02-09T09:26:11.010843"
"S200872515","ep","W3124873851","10.1016/j.jeem.2016.06.003",NA,"3124873851","Incentives, green preferences, and private provision of impure public goods",2016,"2016-06-23","preprint","en",0,46,4,1,1,0,FALSE,FALSE,FALSE,FALSE,"closed","79",NA,"208","220","Economic and Environmental Valuation","Economics and Econometrics","Economics, Econometrics and Finance","Social Sciences","Journal of Environmental Economics and Management","journal","0095-0696","2025-10-10T00:00:00","2026-02-09T09:26:11.010843"
"S200872515","ep","W4416299132","10.1016/j.jeem.2025.103255",NA,NA,"The impacts of depopulation and climate change on the cost of rural electric services",2025,"2025-11-13","article","en",0,40,1,1,4,NA,FALSE,FALSE,FALSE,FALSE,"closed","135",NA,"103255","103255",NA,NA,NA,NA,"Journal of Environmental Economics and Management","journal","0095-0696","2025-11-13T00:00:00","2026-02-20T08:17:22.645390"
"S200872515","ep","W4416419947","10.1016/j.jeem.2025.103261",NA,NA,"Does central supervision mitigate border pollution? Evidence from the national specially monitored firms program in China",2025,"2025-11-20","article","en",0,39,1,1,3,NA,FALSE,FALSE,FALSE,FALSE,"closed","136",NA,"103261","103261",NA,NA,NA,NA,"Journal of Environmental Economics and Management","journal","0095-0696","2025-11-20T00:00:00","2026-02-20T08:17:22.645390"
"S200872515","ep","W4416420104","10.1016/j.jeem.2025.103258",NA,NA,"Do sufficiency consumption changes drive emissions down? A production network approach",2025,"2025-11-20","article","en",0,45,1,1,2,NA,FALSE,FALSE,FALSE,FALSE,"closed","136",NA,"103258","103258",NA,NA,NA,NA,"Journal of Environmental Economics and Management","journal","0095-0696","2025-11-20T00:00:00","2026-02-20T08:17:22.645390"
"S200872515","ep","W7118952535","10.1016/j.jeem.2026.103283",NA,NA,"European energy crisis: Did electricity prices shock real estate markets?",2026,"2026-01-06","article","en",0,36,1,0,4,0,FALSE,FALSE,FALSE,TRUE,"hybrid","137",NA,"103283","103283","Electric Power System Optimization","Electrical and Electronic Engineering","Engineering","Physical Sciences","Journal of Environmental Economics and Management","journal","0095-0696","2025-12-10T00:00:00","2026-01-11T23:08:45.486102"
"S200872515","ep","W7124909610","10.1016/j.jeem.2026.103285",NA,NA,"Hot and cold choices: The role of extreme temperatures in shaping industrial geographical distribution",2026,"2026-01-20","article","en",0,59,1,2,4,0,FALSE,FALSE,FALSE,FALSE,"closed","137",NA,"103285","103285","Regional Economics and Spatial Analysis","Economics and Econometrics","Economics, Econometrics and Finance","Social Sciences","Journal of Environmental Economics and Management","journal","0095-0696","2026-01-21T00:00:00","2026-02-01T03:34:12.195049"
"S200872515","ep","W7125494882","10.1016/j.jeem.2026.103297",NA,NA,"Willingness to pay for climate mitigation: Evidence from Latin America",2026,"2026-01-23","article","en",0,25,1,1,3,0,FALSE,FALSE,FALSE,FALSE,"closed","137",NA,"103297","103297","Economic and Environmental Valuation","Economics and Econometrics","Economics, Econometrics and Finance","Social Sciences","Journal of Environmental Economics and Management","journal","0095-0696","2026-01-24T00:00:00","2026-02-23T20:09:44.859080"
"S200872515","ep","W7128469048","10.1016/j.jeem.2026.103302",NA,NA,"From brown to green? The displacement effect of coal-fired power plant closures in China",2026,"2026-02-11","article","en",0,33,1,1,3,0,FALSE,FALSE,FALSE,TRUE,"hybrid","137",NA,"103302","103302","Energy, Environment, Economic Growth","Economics and Econometrics","Economics, Econometrics and Finance","Social Sciences","Journal of Environmental Economics and Management","journal","0095-0696","2026-02-11T00:00:00","2026-02-17T06:05:46.635709"
"S200872515","ep","W7128540628","10.1016/j.jeem.2026.103306",NA,NA,"A helping hand for the regulator: The role of industry associations in firm water pollution abatement in China",2026,"2026-02-10","article","en",0,93,1,1,3,0,FALSE,FALSE,FALSE,FALSE,"closed","137",NA,"103306","103306","Energy, Environment, Economic Growth","Economics and Econometrics","Economics, Econometrics and Finance","Social Sciences","Journal of Environmental Economics and Management","journal","0095-0696","2026-02-11T00:00:00","2026-02-15T05:58:04.055770"
"S200872515","ep","W7130430205","10.1016/j.jeem.2026.103309",NA,NA,"Water stress and industrial firm productivity",2026,"2026-02-18","article","en",0,73,1,2,4,0,FALSE,FALSE,FALSE,FALSE,"closed","138",NA,"103309","103309","Water resources management and optimization","Ocean Engineering","Engineering","Physical Sciences","Journal of Environmental Economics and Management","journal","0095-0696","2026-02-19T00:00:00","2026-02-24T06:16:03.338239"
"S200872515","ep","W7130571539","10.1016/j.jeem.2026.103312",NA,NA,"The illusion of free electricity: Household responses to solar panel program in Singapore",2026,"2026-02-19","article","en",0,67,1,1,2,0,FALSE,FALSE,FALSE,FALSE,"closed","138",NA,"103312","103312","Sustainability and Climate Change Governance","Global and Planetary Change","Environmental Science","Physical Sciences","Journal of Environmental Economics and Management","journal","0095-0696","2026-02-20T00:00:00","2026-02-25T06:17:34.324206"
"S200872515","ep","W7130652253","10.1016/j.jeem.2026.103313",NA,NA,"Rising waters, falling taxes: The impact of hurricane sandy on property tax assessments in New York city",2026,"2026-02-01","article","en",0,75,1,3,4,0,FALSE,FALSE,FALSE,FALSE,"closed",NA,NA,"103313","103313","Housing Market and Economics","Economics and Econometrics","Economics, Econometrics and Finance","Social Sciences","Journal of Environmental Economics and Management","journal","0095-0696","2026-02-20T00:00:00","2026-02-21T06:11:54.161237"
"S200872515","ep","W7131123891","10.1016/j.jeem.2026.103314",NA,NA,"Consumer response to environmental standards: Evidence from gasoline regulation in China",2026,"2026-02-01","article","en",0,31,1,2,3,0,FALSE,FALSE,FALSE,TRUE,"hybrid",NA,NA,"103314","103314","Energy, Environment, Economic Growth","Economics and Econometrics","Economics, Econometrics and Finance","Social Sciences","Journal of Environmental Economics and Management","journal","0095-0696","2026-02-24T00:00:00","2026-02-25T06:17:34.324206"
"S92470662","ep","W2261697888","10.1080/09640568.2015.1084832",NA,"2261697888","Editorial",2015,"2015-09-18","editorial","en",2,12,3,1,1,0.90711669,FALSE,FALSE,FALSE,FALSE,"closed","58","12","2082","2087","French Urban and Social Studies","Sociology and Political Science","Social Sciences","Social Sciences","Journal of Environmental Planning and Management","journal","0964-0568","2016-06-24T00:00:00","2026-02-09T09:26:11.010843"
"S92470662","ep","W4403813372","10.1080/09640568.2024.2418345",NA,NA,"Deciding climate change adaptation implementation at the local level – a tale of two cities in the Netherlands",2024,"2024-10-28","article","en",1,61,3,1,5,NA,FALSE,FALSE,FALSE,TRUE,"hybrid",NA,NA,"1","21",NA,NA,NA,NA,"Journal of Environmental Planning and Management","journal","0964-0568","2025-10-10T00:00:00","2026-02-05T00:54:17.221276"
"S92470662","ep","W4416131599","10.1080/09640568.2025.2578844",NA,NA,"Building birdhouses with LEGO? Affordance of LEGO <sup>®</sup> SERIOUS PLAY <sup>®</sup> for the green transition through public engagement and co-creation",2025,"2025-11-12","article","en",0,45,2,2,4,NA,FALSE,FALSE,FALSE,TRUE,"hybrid",NA,NA,"1","21",NA,NA,NA,NA,"Journal of Environmental Planning and Management","journal","0964-0568","2025-11-12T00:00:00","2026-02-02T05:57:53.111627"
"S92470662","ep","W4416331795","10.1080/09640568.2025.2586549",NA,NA,"Urban household uptake of water-sensitive urban design measures in the context of an applied water demand management study",2025,"2025-11-18","article","en",0,39,1,1,1,NA,FALSE,FALSE,FALSE,FALSE,"closed",NA,NA,"1","19",NA,NA,NA,NA,"Journal of Environmental Planning and Management","journal","0964-0568","2025-11-18T00:00:00","2025-11-28T11:26:28.391203"
"S92470662","ep","W4416575489","10.1080/09640568.2025.2588380",NA,NA,"From liability to opportunity: how environmental protection taxes can propel water pollution mitigation in heavy polluting enterprises",2025,"2025-11-24","article","en",0,87,1,1,5,NA,FALSE,FALSE,FALSE,FALSE,"closed",NA,NA,"1","32",NA,NA,NA,NA,"Journal of Environmental Planning and Management","journal","0964-0568","2025-11-25T00:00:00","2025-11-28T17:43:27.876669"
"S92470662","ep","W4417151393","10.1080/09640568.2025.2587266",NA,NA,"Understanding the temporal dynamics of agri-environmental climate scheme adoption",2025,"2025-12-09","article","en",0,121,1,4,2,NA,FALSE,FALSE,FALSE,FALSE,"closed",NA,NA,"1","33",NA,NA,NA,NA,"Journal of Environmental Planning and Management","journal","0964-0568","2025-12-09T00:00:00","2025-12-10T02:49:46.989445"
"S92470662","ep","W7124730567","10.1080/09640568.2025.2605655",NA,NA,"Participation rules and policy outcomes in China’s authoritarian-hybrid governance: evidence from rural environmental programs",2026,"2026-01-19","article","en",0,57,1,1,1,0,FALSE,FALSE,FALSE,FALSE,"closed",NA,NA,"1","23","China's Socioeconomic Reforms and Governance","Political Science and International Relations","Social Sciences","Social Sciences","Journal of Environmental Planning and Management","journal","0964-0568","2026-01-20T00:00:00","2026-01-20T17:29:24.968406"
"S92470662","ep","W7127186256","10.1080/09640568.2026.2613812",NA,NA,"Environmental planning and hollowed governments: relationships between external consultants, administrative context, and plan quality in the context of hazard mitigation planning",2026,"2026-02-02","article","en",0,69,1,2,2,0,FALSE,FALSE,FALSE,FALSE,"closed",NA,NA,"1","24","Disaster Management and Resilience","Sociology and Political Science","Social Sciences","Social Sciences","Journal of Environmental Planning and Management","journal","0964-0568","2026-02-03T00:00:00","2026-02-07T06:11:34.122080"
"S92470662","ep","W7127982639","10.1080/09640568.2026.2621311",NA,NA,"Initiating and sustaining household plastic waste recycling: evidence from personal norm and self-efficacy interventions in Western India",2026,"2026-02-05","article","en",0,43,1,1,2,0,FALSE,FALSE,FALSE,FALSE,"closed",NA,NA,"1","20","Municipal Solid Waste Management","Industrial and Manufacturing Engineering","Environmental Science","Physical Sciences","Journal of Environmental Planning and Management","journal","0964-0568","2026-02-07T00:00:00","2026-02-11T14:41:00.668223"
"S92470662","ep","W7129102871","10.1080/09640568.2026.2623126",NA,NA,"The role of internet information in farmers’ climate change adaptation: evidence from Jianghan Plain, China",2026,"2026-02-16","article","en",0,49,1,1,2,0,FALSE,FALSE,FALSE,FALSE,"closed",NA,NA,"1","25","Agricultural Innovations and Practices","General Agricultural and Biological Sciences","Agricultural and Biological Sciences","Life Sciences","Journal of Environmental Planning and Management","journal","0964-0568","2026-02-17T00:00:00","2026-02-18T06:20:13.636215"
"S5491134","ep","W2970342461","10.1146/energy.721",NA,"2970342461","Annual Review of Environment and Resources",2017,"2017-05-03","paratext","en",282,158,1,0,0,NA,FALSE,TRUE,FALSE,TRUE,"diamond",NA,NA,NA,NA,NA,NA,NA,NA,"Annual Review of Environment and Resources","journal","1543-5938","2025-10-10T00:00:00","2025-11-06T03:46:38.306776"
"S5491134","ep","W4233306062","10.1146/energy.2017.42.issue-1",NA,NA,NA,2017,"2017-10-17","paratext","en",2,6,1,0,0,NA,NA,TRUE,FALSE,TRUE,"diamond","42","1",NA,NA,NA,NA,NA,NA,"Annual Review of Environment and Resources","journal","1543-5938","2022-05-12T00:00:00","2025-11-06T03:46:38.306776"
"S5491134","ep","W4240719067","10.1146/energy.2014.39.issue-1",NA,NA,NA,2014,"2014-10-17","paratext","en",0,94,1,0,0,NA,NA,TRUE,FALSE,FALSE,"closed","39","1",NA,NA,NA,NA,NA,NA,"Annual Review of Environment and Resources","journal","1543-5938","2022-05-12T00:00:00","2025-11-06T03:46:38.306776"
"S184363771","ep","W4291915055","10.1177/0958305x221117518",NA,NA,"RETRACTED: Charging infrastructure facilitate a large-scale Introduction of electric vehicle in urban areas using hybrid technique: A RBFNN-SPOA approach",2022,"2022-08-15","article","en",2,45,2,1,3,0.1829,TRUE,FALSE,FALSE,FALSE,"closed","34","8","3103","3129","Electric Vehicles and Infrastructure","Electrical and Electronic Engineering","Engineering","Physical Sciences","Energy & Environment","journal","0958-305X","2025-10-10T00:00:00","2025-11-25T21:42:39.735039"
"S184363771","ep","W4415599363","10.1177/0958305x251389830",NA,NA,"Can enhancing competitive industrial performance and adopting renewables stimulate progress toward carbon neutrality targets? Evidence from Asian developing countries",2025,"2025-10-27","article","en",2,63,1,5,3,NA,FALSE,FALSE,FALSE,FALSE,"closed",NA,NA,NA,NA,NA,NA,NA,NA,"Energy & Environment","journal","0958-305X","2025-10-28T00:00:00","2026-02-15T07:36:51.736424"
"S184363771","ep","W4416948183","10.1177/0958305x251395638",NA,NA,"Digital and sustainable synergies: Insights into green investment, technological innovation, and low-carbon economies",2025,"2025-12-03","article","en",1,78,1,3,4,NA,FALSE,FALSE,FALSE,FALSE,"closed",NA,NA,NA,NA,NA,NA,NA,NA,"Energy & Environment","journal","0958-305X","2025-12-03T00:00:00","2026-02-13T15:27:49.765798"
"S184363771","ep","W1537078484","10.1260/0958-305x.21.6.545",NA,"1537078484","Investments and Energy Efficiency in Colombian Manufacturing Industries",2010,"2010-10-01","preprint","en",0,33,5,2,1,0,FALSE,FALSE,FALSE,FALSE,"closed","21","6","545","562","Energy Efficiency and Management","Renewable Energy, Sustainability and the Environment","Energy","Physical Sciences","Energy & Environment","journal","0958-305X","2016-06-24T00:00:00","2026-02-09T09:26:11.010843"
"S184363771","ep","W4415621966","10.1177/0958305x251385233",NA,NA,"Analysis of price elasticity of electricity demand by region and use in South Korea",2025,"2025-10-28","article","en",0,23,1,2,2,NA,FALSE,FALSE,FALSE,FALSE,"closed",NA,NA,NA,NA,NA,NA,NA,NA,"Energy & Environment","journal","0958-305X","2025-10-28T00:00:00","2025-11-06T03:46:38.306776"
"S184363771","ep","W4415818564","10.1177/0958305x251388945",NA,NA,"Pathways to sustainable agriculture in Africa: The role of natural resources, renewable energy, and technological innovation",2025,"2025-11-03","article","en",0,89,1,3,6,NA,FALSE,FALSE,FALSE,FALSE,"closed",NA,NA,NA,NA,NA,NA,NA,NA,"Energy & Environment","journal","0958-305X","2025-11-03T00:00:00","2025-11-06T03:46:38.306776"
"S184363771","ep","W4415976064","10.1177/0958305x251388941",NA,NA,"Exploring the interplay of financial development, renewable energy, and global climate agreements in carbon emission dynamics: Insights from BRICS economies",2025,"2025-11-06","article","en",0,50,1,3,4,NA,FALSE,FALSE,FALSE,FALSE,"closed",NA,NA,NA,NA,NA,NA,NA,NA,"Energy & Environment","journal","0958-305X","2025-11-06T00:00:00","2025-11-07T23:23:33.682996"
"S184363771","ep","W4416181702","10.1177/0958305x251392870",NA,NA,"Digital intelligence and energy sustainability in China: Spatial dynamics, threshold effects, and policy implications",2025,"2025-11-13","article","en",0,43,1,1,5,NA,FALSE,FALSE,FALSE,FALSE,"closed",NA,NA,NA,NA,NA,NA,NA,NA,"Energy & Environment","journal","0958-305X","2025-11-14T00:00:00","2025-11-28T07:11:45.254374"
"S184363771","ep","W4416182197","10.1177/0958305x251393645",NA,NA,"Understanding environmental sustainability: How green tech, renewable energy, and regulatory quality are tackling carbon emissions in developing economies",2025,"2025-11-13","article","en",0,65,1,2,4,NA,FALSE,FALSE,FALSE,FALSE,"closed",NA,NA,NA,NA,NA,NA,NA,NA,"Energy & Environment","journal","0958-305X","2025-11-14T00:00:00","2025-11-28T07:12:23.081088"
"S184363771","ep","W4416926817","10.1177/0958305x251403065",NA,NA,"Cross level effects of digitalization and environment management on energy savings in Chinese manufacturing firms",2025,"2025-12-02","article","en",0,48,2,2,4,NA,FALSE,FALSE,FALSE,TRUE,"hybrid",NA,NA,NA,NA,NA,NA,NA,NA,"Energy & Environment","journal","0958-305X","2025-12-02T00:00:00","2025-12-03T23:09:05.601824"
"S184363771","ep","W4417121335","10.1177/0958305x251401166",NA,NA,"Do green consumption behaviors contribute to decoupling economic growth from carbon emission? A comparative study on China, the United States, the European Union, and India",2025,"2025-12-08","article","en",0,66,1,1,4,NA,FALSE,FALSE,FALSE,FALSE,"closed",NA,NA,NA,NA,NA,NA,NA,NA,"Energy & Environment","journal","0958-305X","2025-12-08T00:00:00","2025-12-10T02:45:41.426853"
"S184363771","ep","W4417128662","10.1177/0958305x251395643",NA,NA,"Exploring the nexus between urbanization dynamics and greenhouse gas emissions: A comparative analysis of CO <sub>2</sub> trends in BRICS economies",2025,"2025-12-08","article","en",0,45,1,1,3,NA,FALSE,FALSE,FALSE,FALSE,"closed",NA,NA,NA,NA,NA,NA,NA,NA,"Energy & Environment","journal","0958-305X","2025-12-08T00:00:00","2025-12-10T02:45:41.426853"
"S184363771","ep","W7117993861","10.1177/0958305x251410136",NA,NA,"Green finance and carbon intensity in OECD economies–Mediating roles of industrial structure upgrading and green technology innovation",2026,"2026-01-02","article","en",0,85,1,3,3,0,FALSE,FALSE,FALSE,FALSE,"closed",NA,NA,NA,NA,"Energy, Environment, Economic Growth","Economics and Econometrics","Economics, Econometrics and Finance","Social Sciences","Energy & Environment","journal","0958-305X","2026-01-02T00:00:00","2026-01-03T23:08:47.215875"
"S184363771","ep","W7119856829","10.1177/0958305x251410126",NA,NA,"Advancing climate change resiliency through artificial intelligence: The moderating roles of resource efficiency, eco-productivity, and human capital in developed and emerging economies",2026,"2026-01-09","article","en",0,69,1,3,4,0,FALSE,FALSE,FALSE,FALSE,"closed",NA,NA,NA,NA,"Energy, Environment, Economic Growth","Economics and Econometrics","Economics, Econometrics and Finance","Social Sciences","Energy & Environment","journal","0958-305X","2026-01-10T00:00:00","2026-01-10T23:44:22.266649"
"S184363771","ep","W7124166836","10.1177/0958305x251410116",NA,NA,"Trade-offs between resource tax and carbon tax policies in China: Improvement in air quality and health co-benefits",2026,"2026-01-14","article","en",0,56,1,3,9,0,FALSE,FALSE,FALSE,FALSE,"closed",NA,NA,NA,NA,"Atmospheric and Environmental Gas Dynamics","Global and Planetary Change","Environmental Science","Physical Sciences","Energy & Environment","journal","0958-305X","2026-01-15T00:00:00","2026-01-15T23:21:31.212559"
"S184363771","ep","W7125148384","10.1177/0958305x251410115",NA,NA,"Carbon price–new energy Tango: Causality swings in China",2026,"2026-01-20","article","en",0,81,1,2,4,0,FALSE,FALSE,FALSE,FALSE,"closed",NA,NA,NA,NA,"Energy, Environment, Economic Growth","Economics and Econometrics","Economics, Econometrics and Finance","Social Sciences","Energy & Environment","journal","0958-305X","2026-01-22T00:00:00","2026-01-22T23:33:04.759266"
"S184363771","ep","W7125475953","10.1177/0958305x251414298",NA,NA,"Do the energy and non-energy price indices co-move? A wavelet quantile investigation",2026,"2026-01-23","article","en",0,34,1,5,3,0,FALSE,FALSE,FALSE,FALSE,"closed",NA,NA,NA,NA,"Market Dynamics and Volatility","Economics and Econometrics","Economics, Econometrics and Finance","Social Sciences","Energy & Environment","journal","0958-305X","2026-01-24T00:00:00","2026-01-24T23:27:35.965710"
"S184363771","ep","W7126181667","10.1177/0958305x261418244",NA,NA,"Deep learning-based evaluation of China’s new energy vehicle policies: A synergy perspective through policy documents",2026,"2026-01-30","article","en",0,40,1,2,3,0,FALSE,FALSE,FALSE,FALSE,"closed",NA,NA,NA,NA,"Electric Vehicles and Infrastructure","Electrical and Electronic Engineering","Engineering","Physical Sciences","Energy & Environment","journal","0958-305X","2026-02-01T00:00:00","2026-02-01T03:38:14.988550"
"S184363771","ep","W7127645847","10.1177/0958305x261418247",NA,NA,"From resource curse to digital blessing? The impact of digitalization on the global energy value chain",2026,"2026-02-04","article","en",0,55,1,2,4,0,FALSE,FALSE,FALSE,FALSE,"closed",NA,NA,NA,NA,"Natural Resources and Economic Development","General Economics, Econometrics and Finance","Economics, Econometrics and Finance","Social Sciences","Energy & Environment","journal","0958-305X","2026-02-06T00:00:00","2026-02-07T06:11:34.122080"
"S184363771","ep","W7129516672","10.1177/0958305x261418245",NA,NA,"Assessing the influences of green macro-prudential policy on green material monitoring: Fresh insights from global database",2026,"2026-02-17","article","en",0,61,1,1,2,0,FALSE,FALSE,FALSE,FALSE,"closed",NA,NA,NA,NA,"Corporate Social Responsibility Reporting","Strategy and Management","Business, Management and Accounting","Social Sciences","Energy & Environment","journal","0958-305X","2026-02-18T00:00:00","2026-02-18T06:25:47.457606"
"S184363771","ep","W7131373619","10.1177/0958305x261421361",NA,NA,"Can effective natural resource governance unlock green trade's sustainability potential in carbon-intensive countries?",2026,"2026-02-25","article","en",0,72,1,1,5,0,FALSE,FALSE,FALSE,FALSE,"closed",NA,NA,NA,NA,"Energy, Environment, Economic Growth","Economics and Econometrics","Economics, Econometrics and Finance","Social Sciences","Energy & Environment","journal","0958-305X","2026-02-26T00:00:00","2026-02-26T08:16:20.718346"
"S43379938","ep","W4200430677","10.1142/9789811240553_0010",NA,NA,"Climate and Migration",2021,"2021-12-01","book-chapter","en",0,100,3,2,2,0,FALSE,FALSE,FALSE,TRUE,"green",NA,NA,"309","341","Climate Change, Adaptation, Migration","Sociology and Political Science","Social Sciences","Social Sciences","Climate and Development","journal","1756-5529","2025-10-10T00:00:00","2025-11-06T03:46:38.306776"
"S43379938","ep","W4415713692","10.1080/17565529.2025.2577258",NA,NA,"Climate-energy justice intersections: critical perspectives on mini-grids transition in Ghana’s island communities",2025,"2025-10-30","article","en",0,62,1,1,1,NA,FALSE,FALSE,FALSE,FALSE,"closed",NA,NA,"1","15",NA,NA,NA,NA,"Climate and Development","journal","1756-5529","2025-10-30T00:00:00","2025-11-06T03:46:38.306776"
"S43379938","ep","W4416346165","10.1080/17565529.2025.2563147",NA,NA,"Operationalizing resilience: application of the disaster resilience integrated framework for transformation to enhance community resilience in Fiji",2025,"2025-11-17","article","en",0,135,1,5,12,NA,FALSE,FALSE,FALSE,TRUE,"hybrid",NA,NA,"1","22",NA,NA,NA,NA,"Climate and Development","journal","1756-5529","2025-11-18T00:00:00","2025-11-28T11:48:57.035676"
"S43379938","ep","W4416587978","10.1080/17565529.2025.2590719",NA,NA,"Integrating climate and urban development goals? An examination of policies with a focus on informal settlements in East Africa",2025,"2025-11-24","article","en",0,80,2,2,2,NA,FALSE,FALSE,FALSE,FALSE,"closed",NA,NA,"1","17",NA,NA,NA,NA,"Climate and Development","journal","1756-5529","2025-11-25T00:00:00","2026-02-20T08:17:22.645390"
"S43379938","ep","W4417097798","10.1080/17565529.2025.2592260",NA,NA,"Adaptive labour: a typology of climate (im)mobilities and structured stillness in tourism contexts",2025,"2025-12-07","article","en",0,26,1,2,1,NA,FALSE,FALSE,FALSE,FALSE,"closed",NA,NA,"1","11",NA,NA,NA,NA,"Climate and Development","journal","1756-5529","2025-12-07T00:00:00","2025-12-08T23:26:33.048892"
"S43379938","ep","W4417136849","10.1080/17565529.2025.2592072",NA,NA,"Harvesting resilience: the role of social capital in driving adaptive behaviour among Iranian farmers",2025,"2025-12-08","article","en",0,112,2,4,7,NA,FALSE,FALSE,FALSE,TRUE,"hybrid",NA,NA,"1","15",NA,NA,NA,NA,"Climate and Development","journal","1756-5529","2025-12-08T00:00:00","2025-12-10T02:49:46.989445"
"S43379938","ep","W4417220853","10.1080/17565529.2025.2595637",NA,NA,"Institutions as inequality regimes in climate change policy frameworks",2025,"2025-12-09","article","en",0,52,1,2,3,NA,FALSE,FALSE,FALSE,FALSE,"closed",NA,NA,"1","15",NA,NA,NA,NA,"Climate and Development","journal","1756-5529","2025-12-11T00:00:00","2025-12-11T06:56:43.089635"
"S43379938","ep","W7117869576","10.1080/17565529.2025.2609782",NA,NA,"Climate-smart agriculture: analysis of the determinants of adoption intensity of sustainable agronomic practices among mango farmers in the Yilo Krobo Municipality of Eastern Region of Ghana",2026,"2026-01-01","article","en",0,68,1,1,5,0,FALSE,FALSE,FALSE,FALSE,"closed",NA,NA,"1","17","Climate change impacts on agriculture","Ecology, Evolution, Behavior and Systematics","Agricultural and Biological Sciences","Life Sciences","Climate and Development","journal","1756-5529","2026-01-01T00:00:00","2026-01-02T23:11:23.791532"
"S43379938","ep","W7117995368","10.1080/17565529.2025.2604301",NA,NA,"The ‘Single Adaptation Imaginary’ (SAI): mapping the contours of dominant adaptation",2026,"2026-01-02","article","en",0,140,1,2,2,0,FALSE,FALSE,FALSE,FALSE,"closed",NA,NA,"1","17","Shakespeare, Adaptation, and Literary Criticism","Literature and Literary Theory","Arts and Humanities","Social Sciences","Climate and Development","journal","1756-5529","2026-01-02T00:00:00","2026-01-03T23:08:47.215875"
"S43379938","ep","W7126062239","10.1080/17565529.2026.2620539",NA,NA,"Communicating weather and climate information to smallholder farmers in resource-poor climate-vulnerable southern Somalia: a social science inquiry",2026,"2026-01-29","article","en",0,41,1,1,3,0,FALSE,FALSE,FALSE,TRUE,"hybrid",NA,NA,"1","10","Climate change impacts on agriculture","Ecology, Evolution, Behavior and Systematics","Agricultural and Biological Sciences","Life Sciences","Climate and Development","journal","1756-5529","2026-01-30T00:00:00","2026-02-01T03:34:12.195049"
"S43379938","ep","W7130363878","10.1080/17565529.2026.2631125",NA,NA,"Techno-social systems and readiness for energy transition: solar mini-grids in Tanzania",2026,"2026-02-18","article","en",0,30,1,2,2,0,FALSE,FALSE,FALSE,FALSE,"closed",NA,NA,"1","11","Energy and Environment Impacts","Pollution","Environmental Science","Physical Sciences","Climate and Development","journal","1756-5529","2026-02-19T00:00:00","2026-02-20T06:14:18.993340"
"S161018996","ep","W7125166405","10.1108/ijesm-07-2025-0012",NA,NA,"Can green energy curb emissions? Evidence from 11 Central European and Baltic Countries",2026,"2026-01-21","article","en",1,52,1,2,3,212.6887,FALSE,FALSE,FALSE,FALSE,"closed",NA,NA,"1","27","Energy, Environment, Economic Growth","Economics and Econometrics","Economics, Econometrics and Finance","Social Sciences","International Journal of Energy Sector Management","journal","1750-6220","2026-01-22T00:00:00","2026-02-26T08:16:20.718346"
"S161018996","ep","W2806808964","10.1108/ijesm-05-2018-0005",NA,"2806808964","Empirical analysis of factors influencing the price of solar modules",2018,"2018-10-24","preprint","en",6,35,4,1,3,0.88578928,FALSE,FALSE,TRUE,TRUE,"green","13","1","77","97","Innovation Diffusion and Forecasting","Management Science and Operations Research","Decision Sciences","Social Sciences","International Journal of Energy Sector Management","journal","1750-6220","2025-10-10T00:00:00","2026-02-09T09:26:11.010843"
"S161018996","ep","W3024977291","10.1108/ijesm-01-2020-0001",NA,"3024977291","Forecasting Electricity Prices With Machine Learning: Predictor Sensitivity",2020,"2020-01-01","preprint","en",5,66,4,2,2,0.39281749,FALSE,FALSE,FALSE,TRUE,"green","15","1","157","172","Energy Load and Power Forecasting","Electrical and Electronic Engineering","Engineering","Physical Sciences","International Journal of Energy Sector Management","journal","1750-6220","2025-10-10T00:00:00","2025-11-06T03:46:38.306776"
"S161018996","ep","W1536538832","10.1108/17506221011033125",NA,"1536538832","Analysis of energy efficiency development in the German and Colombian food industries",2010,"2010-04-13","preprint","en",3,38,3,2,1,0.33271789,FALSE,FALSE,FALSE,FALSE,"closed","4","1","113","136","Energy Efficiency and Management","Renewable Energy, Sustainability and the Environment","Energy","Physical Sciences","International Journal of Energy Sector Management","journal","1750-6220","2025-10-10T00:00:00","2026-02-09T09:26:11.010843"
"S161018996","ep","W4415732330","10.1108/ijesm-07-2025-0009",NA,NA,"Analysis of migrant remittances’ effects on energy poverty in Sub-Saharan African countries: a threshold analysis through the role of structural factors",2025,"2025-10-31","article","en",0,84,1,2,2,NA,FALSE,FALSE,FALSE,FALSE,"closed",NA,NA,"1","25",NA,NA,NA,NA,"International Journal of Energy Sector Management","journal","1750-6220","2025-10-31T00:00:00","2025-11-06T03:46:38.306776"
"S161018996","ep","W4417113428","10.1108/ijesm-05-2025-0046",NA,NA,"Willing to drive green? Exploring behavioral and policy influences on electric vehicle ownership",2025,"2025-12-08","article","en",0,68,1,4,5,NA,FALSE,FALSE,FALSE,FALSE,"closed",NA,NA,"1","20",NA,NA,NA,NA,"International Journal of Energy Sector Management","journal","1750-6220","2025-12-08T00:00:00","2025-12-08T23:26:33.048892"
"S161018996","ep","W7118799321","10.1108/ijesm-05-2025-0040",NA,NA,"Does women’s empowerment foster clean energy consumption in the context of economic expansion and expenditure? Evidence from Nigeria",2026,"2026-01-07","article","en",0,46,1,1,4,0,FALSE,FALSE,FALSE,FALSE,"closed",NA,NA,"1","17","Economic Growth and Development","Information Systems","Computer Science","Physical Sciences","International Journal of Energy Sector Management","journal","1750-6220","2026-01-08T00:00:00","2026-01-08T20:10:11.968330"
"S161018996","ep","W7119113576","10.1108/ijesm-05-2025-0033",NA,NA,"A study on the impact of data assets on carbon emission intensity of energy enterprises – evidence from China",2026,"2026-01-07","article","en",0,59,1,1,2,0,FALSE,FALSE,FALSE,FALSE,"closed",NA,NA,"1","21","Energy, Environment, Economic Growth","Economics and Econometrics","Economics, Econometrics and Finance","Social Sciences","International Journal of Energy Sector Management","journal","1750-6220","2026-01-08T00:00:00","2026-01-08T20:10:11.968330"
"S161018996","ep","W7122657192","10.1108/ijesm-04-2025-0058",NA,NA,"Advancing renewable energy production with green financial technology. Do institutional quality, exchange rate and the overall inflation rate matter",2026,"2026-01-12","article","en",0,93,1,1,3,0,FALSE,FALSE,FALSE,FALSE,"closed",NA,NA,"1","24","Energy, Environment, Economic Growth","Economics and Econometrics","Economics, Econometrics and Finance","Social Sciences","International Journal of Energy Sector Management","journal","1750-6220","2026-01-13T00:00:00","2026-01-13T01:18:01.560105"
"S161018996","ep","W7123348441","10.1108/ijesm-03-2025-0067",NA,NA,"Understanding the employment effects of renewable energy transition: a multi-dimensional analysis of Vietnam’s energy sector",2026,"2026-01-13","article","en",0,26,1,2,3,0,FALSE,FALSE,FALSE,FALSE,"closed",NA,NA,"1","21","Social Acceptance of Renewable Energy","Sociology and Political Science","Social Sciences","Social Sciences","International Journal of Energy Sector Management","journal","1750-6220","2026-01-14T00:00:00","2026-01-14T23:40:02.550235"
"S161018996","ep","W7123368458","10.1108/ijesm-01-2025-0053",NA,NA,"Resilience antecedents of energy companies: comparing the public and private sectors in Switzerland",2026,"2026-01-13","article","en",0,38,1,1,2,0,FALSE,FALSE,FALSE,TRUE,"hybrid",NA,NA,"1","23","Supply Chain Resilience and Risk Management","Strategy and Management","Business, Management and Accounting","Social Sciences","International Journal of Energy Sector Management","journal","1750-6220","2026-01-14T00:00:00","2026-01-14T23:40:02.550235"
"S161018996","ep","W7124242423","10.1108/ijesm-03-2025-0027",NA,NA,"Exploring the impact of environment-related technologies, environmental taxes, renewable electricity generation and economic growth on environmental quality: evidence from European countries using panel ARDL approach",2026,"2026-01-15","article","en",0,61,1,1,3,0,FALSE,FALSE,FALSE,FALSE,"closed",NA,NA,"1","23","Energy, Environment, Economic Growth","Economics and Econometrics","Economics, Econometrics and Finance","Social Sciences","International Journal of Energy Sector Management","journal","1750-6220","2026-01-16T00:00:00","2026-01-16T23:21:37.720618"
"S161018996","ep","W7124686887","10.1108/ijesm-05-2025-0060",NA,NA,"Renewable energy investment in the economic viability of SIDS: a bibliometric analysis aligned UN-SDG 7.b",2026,"2026-01-19","article","en",0,59,1,2,2,0,FALSE,FALSE,FALSE,FALSE,"closed",NA,NA,"1","25","COVID-19 impact on air quality","Global and Planetary Change","Environmental Science","Physical Sciences","International Journal of Energy Sector Management","journal","1750-6220","2026-01-20T00:00:00","2026-01-20T17:29:24.968406"
"S161018996","ep","W7124938236","10.1108/ijesm-09-2025-0025",NA,NA,"Government and private sector financial sovereignty risks in balancing fuel subsidies and renewable energy investments",2026,"2026-01-20","article","en",0,46,1,1,2,0,FALSE,FALSE,FALSE,FALSE,"closed",NA,NA,"1","25","Energy, Environment, and Transportation Policies","Renewable Energy, Sustainability and the Environment","Energy","Physical Sciences","International Journal of Energy Sector Management","journal","1750-6220","2026-01-21T00:00:00","2026-01-22T23:29:09.771500"
"S161018996","ep","W7125279401","10.1108/ijesm-06-2025-0046",NA,NA,"China’s path between carbon and clean energy: empirical insights from the Kuznets curve framework",2026,"2026-01-21","article","en",0,60,1,1,3,0,FALSE,FALSE,FALSE,FALSE,"closed",NA,NA,"1","24","Energy, Environment, Economic Growth","Economics and Econometrics","Economics, Econometrics and Finance","Social Sciences","International Journal of Energy Sector Management","journal","1750-6220","2026-01-22T00:00:00","2026-01-23T23:20:30.427331"
"S161018996","ep","W7125895681","10.1108/ijesm-02-2025-0030",NA,NA,"Linking of technology and political globalization policies with sustainable management",2026,"2026-01-28","article","en",0,67,1,2,2,0,FALSE,FALSE,FALSE,FALSE,"closed",NA,NA,"1","21","Energy, Environment, Economic Growth","Economics and Econometrics","Economics, Econometrics and Finance","Social Sciences","International Journal of Energy Sector Management","journal","1750-6220","2026-01-29T00:00:00","2026-01-29T23:17:01.242718"
"S161018996","ep","W7127339099","10.1108/ijesm-07-2025-0034",NA,NA,"Socio-economic impacts of green hydrogen on Australia’s circular economy: a study of job creation, regional fairness and public acceptance",2026,"2026-02-03","article","en",0,55,1,3,6,0,FALSE,FALSE,FALSE,FALSE,"closed",NA,NA,"1","30","Social Acceptance of Renewable Energy","Sociology and Political Science","Social Sciences","Social Sciences","International Journal of Energy Sector Management","journal","1750-6220","2026-02-04T00:00:00","2026-02-06T02:01:19.302388"
"S161018996","ep","W7127649300","10.1108/ijesm-08-2025-0018",NA,NA,"Navigating systemic risk: a dynamic analysis of multilayer interdependencies in the energy industrial chain",2026,"2026-02-04","article","en",0,49,1,2,3,0,FALSE,FALSE,FALSE,FALSE,"closed",NA,NA,"1","31","Market Dynamics and Volatility","Economics and Econometrics","Economics, Econometrics and Finance","Social Sciences","International Journal of Energy Sector Management","journal","1750-6220","2026-02-06T00:00:00","2026-02-06T02:05:47.483045"
"S161018996","ep","W7128439131","10.1108/ijesm-06-2025-0075",NA,NA,"From supply chain pressure to energy turbulence: a wavelet analysis of Japan’s energy landscape",2026,"2026-02-09","article","en",0,66,1,3,5,0,FALSE,FALSE,FALSE,FALSE,"closed",NA,NA,"1","23","Market Dynamics and Volatility","Economics and Econometrics","Economics, Econometrics and Finance","Social Sciences","International Journal of Energy Sector Management","journal","1750-6220","2026-02-10T00:00:00","2026-02-10T19:18:50.034462"
"S161018996","ep","W7128477419","10.1108/ijesm-09-2025-0007",NA,NA,"Waste management, energy efficiency and R&amp;D spending as drivers of carbon mitigation in Lithuania: a wavelet-based perspective",2026,"2026-02-11","article","en",0,80,1,3,4,0,FALSE,FALSE,FALSE,FALSE,"closed",NA,NA,"1","26","Municipal Solid Waste Management","Industrial and Manufacturing Engineering","Environmental Science","Physical Sciences","International Journal of Energy Sector Management","journal","1750-6220","2026-02-11T00:00:00","2026-02-11T22:13:25.172316"
"S161018996","ep","W7128478730","10.1108/ijesm-12-2024-0001",NA,NA,"Barriers to the adoption of solar and wind energy technologies: a systematic literature review",2026,"2026-02-10","article","en",0,80,1,1,3,0,FALSE,FALSE,FALSE,TRUE,"hybrid",NA,NA,"1","28","Social Acceptance of Renewable Energy","Sociology and Political Science","Social Sciences","Social Sciences","International Journal of Energy Sector Management","journal","1750-6220","2026-02-11T00:00:00","2026-02-13T13:36:01.753593"
"S161018996","ep","W7128519715","10.1108/ijesm-02-2025-0020",NA,NA,"Does green finance and green energy contribute to reducing environmental degradation? The moderating role of green innovation and geopolitical risk in India",2026,"2026-02-11","article","en",0,44,1,2,4,0,FALSE,FALSE,FALSE,FALSE,"closed",NA,NA,"1","18","Energy, Environment, Economic Growth","Economics and Econometrics","Economics, Econometrics and Finance","Social Sciences","International Journal of Energy Sector Management","journal","1750-6220","2026-02-11T00:00:00","2026-02-11T22:13:25.172316"
"S161018996","ep","W7128777525","10.1108/ijesm-05-2025-0034",NA,NA,"Powering sustainability: a D-BWM approach to overcoming barriers and advancing solar power adoption among Indian households",2026,"2026-02-13","article","en",0,79,1,1,2,0,FALSE,FALSE,FALSE,FALSE,"closed",NA,NA,"1","23","Sustainability and Climate Change Governance","Global and Planetary Change","Environmental Science","Physical Sciences","International Journal of Energy Sector Management","journal","1750-6220","2026-02-14T00:00:00","2026-02-14T06:27:19.455381"
"S161018996","ep","W7130516716","10.1108/ijesm-06-2025-0079",NA,NA,"Leadership and institutional quality in Nigeria’s energy sector: governance pathways to sustainable development",2026,"2026-02-19","article","en",0,29,1,1,2,0,FALSE,FALSE,FALSE,FALSE,"closed",NA,NA,"1","17","Energy and Environment Impacts","Pollution","Environmental Science","Physical Sciences","International Journal of Energy Sector Management","journal","1750-6220","2026-02-19T00:00:00","2026-02-20T06:18:38.638704"
"S161018996","ep","W7131312581","10.1108/ijesm-05-2025-0048",NA,NA,"Understanding solar power adoption in emerging markets: empirical evidence from Assam, India",2026,"2026-02-24","article","en",0,33,1,1,3,0,FALSE,FALSE,FALSE,FALSE,"closed",NA,NA,"1","18","Social Acceptance of Renewable Energy","Sociology and Political Science","Social Sciences","Social Sciences","International Journal of Energy Sector Management","journal","1750-6220","2026-02-25T00:00:00","2026-02-25T06:22:25.187761"
"S135262353","ep","W4416338041","10.1016/j.tej.2025.107516",NA,NA,"Factors influencing recent trends in retail electricity prices in the United States",2025,"2025-10-10","article","en",1,27,1,0,5,NA,FALSE,FALSE,FALSE,TRUE,"hybrid","38","4","107516","107516",NA,NA,NA,NA,"The Electricity Journal","journal","1040-6190","2025-10-13T00:00:00","2026-02-13T15:27:49.765798"
"S135262353","ep","W4415955796","10.1016/j.tej.2025.107517",NA,NA,"Risks and hedging avenues for power market participants: A novel framework and application to India",2025,"2025-11-06","article","en",0,56,1,1,7,NA,FALSE,FALSE,FALSE,FALSE,"closed","38","4","107517","107517",NA,NA,NA,NA,"The Electricity Journal","journal","1040-6190","2025-11-06T00:00:00","2026-02-20T08:17:22.645390"
"S135262353","ep","W4416417484","10.1016/j.tej.2025.107520",NA,NA,"Flexibility forward: A survey of smart tariffs optimising electric vehicles and heat pumps in Europe",2025,"2025-11-20","article","en",0,26,1,1,2,NA,FALSE,FALSE,FALSE,TRUE,"hybrid","38","4","107520","107520",NA,NA,NA,NA,"The Electricity Journal","journal","1040-6190","2025-11-20T00:00:00","2026-02-20T08:17:22.645390"
"S135262353","ep","W4416808598","10.1016/j.tej.2025.107521",NA,NA,"Administering energy aid: State approaches to low income home energy assistance program implementation",2025,"2025-11-29","article","en",0,52,1,1,2,NA,FALSE,FALSE,FALSE,FALSE,"closed","38","4","107521","107521",NA,NA,NA,NA,"The Electricity Journal","journal","1040-6190","2025-11-29T00:00:00","2026-02-20T08:17:22.645390"
"S135262353","ep","W4416808608","10.1016/j.tej.2025.107522",NA,NA,"Energy transition: Are Indian DisComs prepared?",2025,"2025-11-29","article","en",0,17,1,1,1,NA,FALSE,FALSE,FALSE,FALSE,"closed","38","4","107522","107522",NA,NA,NA,NA,"The Electricity Journal","journal","1040-6190","2025-11-29T00:00:00","2026-02-20T08:17:22.645390"
"S135262353","ep","W7124244703","10.1016/j.tej.2026.107526",NA,NA,"A viable clean power sector: Price dynamics, renewable viability, and dispatchable hybrids",2026,"2026-01-01","article","en",0,16,1,1,2,0,FALSE,FALSE,FALSE,FALSE,"closed",NA,NA,"107526","107526","Integrated Energy Systems Optimization","Electrical and Electronic Engineering","Engineering","Physical Sciences","The Electricity Journal","journal","1040-6190","2026-01-16T00:00:00","2026-01-16T23:21:37.720618"
"S135262353","ep","W7124935992","10.1016/j.tej.2026.107528",NA,NA,"Not everyone wants a seat at the table: A national segmentation of participatory needs in the Dutch energy transition",2026,"2026-01-20","article","en",0,31,3,1,3,0,FALSE,FALSE,FALSE,TRUE,"hybrid","39","2","107528","107528","Sustainability and Climate Change Governance","Global and Planetary Change","Environmental Science","Physical Sciences","The Electricity Journal","journal","1040-6190","2026-01-21T00:00:00","2026-01-30T23:17:42.513302"
"S135262353","ep","W7125146507","10.1016/j.tej.2026.107527",NA,NA,"Systems-level repurposing of coal assets: Insights from South Africa, India, and the United States",2026,"2026-01-21","article","en",0,40,1,0,6,0,FALSE,FALSE,FALSE,TRUE,"hybrid","39","2","107527","107527","Global Energy and Sustainability Research","Renewable Energy, Sustainability and the Environment","Energy","Physical Sciences","The Electricity Journal","journal","1040-6190","2026-01-22T00:00:00","2026-01-22T23:33:04.759266"
"S135262353","ep","W7128733676","10.1016/j.tej.2026.107531",NA,NA,"Battery electric vehicle adoption in the European Union: Analysis of the determining factors",2026,"2026-02-12","article","en",0,37,1,1,3,0,FALSE,FALSE,FALSE,TRUE,"hybrid","39","2","107531","107531","Electric Vehicles and Infrastructure","Electrical and Electronic Engineering","Engineering","Physical Sciences","The Electricity Journal","journal","1040-6190","2026-02-13T00:00:00","2026-02-23T20:09:44.859080"
"S135262353","ep","W7129639005","10.1016/j.tej.2026.107532",NA,NA,"Stationary or not? A deep-dive into per capita electricity consumption of Indian states",2026,"2026-02-17","article","en",0,31,1,1,3,0,FALSE,FALSE,FALSE,TRUE,"hybrid","39","2","107532","107532","Energy, Environment, and Transportation Policies","Renewable Energy, Sustainability and the Environment","Energy","Physical Sciences","The Electricity Journal","journal","1040-6190","2026-02-18T00:00:00","2026-02-19T06:27:42.648592"
"S133853345","ep","W2171059750","10.5772/9828",NA,"2171059750","Categorizing Barriers to Energy Efficiency – an Interdisciplinary Perspective",2010,"2010-08-17","book-chapter","en",80,48,3,2,3,10.2014,FALSE,FALSE,TRUE,TRUE,"hybrid",NA,NA,NA,NA,"Energy Efficiency and Management","Renewable Energy, Sustainability and the Environment","Energy","Physical Sciences","Energy Efficiency","journal","1570-646X","2025-10-10T00:00:00","2026-01-15T23:16:33.117629"
"S133853345","ep","W1603739188","10.5772/9826",NA,"1603739188","Energy Efficiency Policy",2010,"2010-08-17","book-chapter","en",27,6,3,2,2,5.6674,FALSE,FALSE,TRUE,TRUE,"hybrid",NA,NA,NA,NA,"Renewable energy and sustainable power systems","Renewable Energy, Sustainability and the Environment","Energy","Physical Sciences","Energy Efficiency","journal","1570-646X","2025-10-10T00:00:00","2025-11-06T03:46:38.306776"
"S133853345","ep","W3125919800","10.1016/b978-0-12-397879-0.00005-0",NA,"3125919800","Is There an Energy Efficiency Gap?",2013,"2013-01-01","book-chapter","en",22,62,1,1,2,7.5371,FALSE,FALSE,FALSE,FALSE,"closed",NA,NA,"133","161","Energy Efficiency and Management","Renewable Energy, Sustainability and the Environment","Energy","Physical Sciences","Energy Efficiency","journal","1570-646X","2025-10-10T00:00:00","2025-11-06T03:46:38.306776"
"S133853345","ep","W1548012517","10.5772/9827",NA,"1548012517","Energy Growth, Complexity and Efficiency",2010,"2010-08-17","book-chapter","en",6,37,3,1,2,1.1335,FALSE,FALSE,TRUE,TRUE,"hybrid",NA,NA,NA,NA,"Global Energy and Sustainability Research","Renewable Energy, Sustainability and the Environment","Energy","Physical Sciences","Energy Efficiency","journal","1570-646X","2025-10-10T00:00:00","2025-11-06T03:46:38.306776"
"S133853345","ep","W2766951003","10.1007/s12053-018-9710-0",NA,"2766951003","Simulating the deep decarbonisation of residential heating for limiting global warming to 1.5 °C",2018,"2018-07-05","preprint","en",4,94,8,2,5,0.4669,FALSE,FALSE,TRUE,TRUE,"hybrid","12","2","521","550","Climate Change Policy and Economics","Economics and Econometrics","Economics, Econometrics and Finance","Social Sciences","Energy Efficiency","journal","1570-646X","2025-10-10T00:00:00","2026-02-26T08:16:20.718346"
"S133853345","ep","W1688408990","10.1007/s12053-015-9384-9",NA,"1688408990","How ICT investment influences energy demand in South Korea and Japan",2015,"2015-08-18","preprint","en",4,85,4,1,3,0.10047928,FALSE,FALSE,FALSE,FALSE,"closed","9","2","563","589","Energy, Environment, and Transportation Policies","Renewable Energy, Sustainability and the Environment","Energy","Physical Sciences","Energy Efficiency","journal","1570-646X","2025-10-10T00:00:00","2026-02-09T09:26:11.010843"
"S133853345","ep","W197079403","10.1016/b978-0-12-397879-0.00022-0",NA,"197079403","Trading in Energy Efficiency – A Market-Based Solution to Market Failure, or Just Yet Another Market Failure?",2013,"2013-01-01","book-chapter","en",2,15,1,1,3,1.0767,FALSE,FALSE,FALSE,FALSE,"closed",NA,NA,"563","590","Energy Efficiency and Management","Renewable Energy, Sustainability and the Environment","Energy","Physical Sciences","Energy Efficiency","journal","1570-646X","2025-10-10T00:00:00","2025-11-06T03:46:38.306776"
"S133853345","ep","W4416587319","10.1007/s12053-025-10399-x",NA,NA,"Towards 2030 and beyond: assessing future energy efficiency policies and trends using ODEX methodology",2025,"2025-11-24","article","en",1,34,1,4,6,NA,FALSE,FALSE,FALSE,TRUE,"hybrid","18","8",NA,NA,NA,NA,NA,NA,"Energy Efficiency","journal","1570-646X","2025-11-25T00:00:00","2025-11-28T18:01:05.144405"
"S133853345","ep","W3121943424","10.1007/s12053-013-9198-6",NA,"3121943424","Return on investment from industrial energy efficiency: evidence from developing countries",2013,"2013-03-21","preprint","en",0,32,6,1,4,0,FALSE,FALSE,TRUE,TRUE,"gold","7","1","43","53","Energy Efficiency and Management","Renewable Energy, Sustainability and the Environment","Energy","Physical Sciences","Energy Efficiency","journal","1570-646X","2025-10-10T00:00:00","2026-02-09T09:26:11.010843"
"S133853345","ep","W4415982196","10.1007/s12053-025-10377-3",NA,NA,"Local community and adoption of solar energy in Iran (Case study of Golestan Province)",2025,"2025-11-07","article","en",0,33,1,1,2,NA,FALSE,FALSE,FALSE,FALSE,"closed","18","8",NA,NA,NA,NA,NA,NA,"Energy Efficiency","journal","1570-646X","2025-11-07T00:00:00","2026-02-20T08:17:22.645390"
"S133853345","ep","W4416120388","10.1007/s12053-025-10396-0",NA,NA,"The drivers and barriers of electricity efficiency: Global patterns, national differences, and the role of ICT",2025,"2025-11-12","article","en",0,77,1,1,1,NA,FALSE,FALSE,FALSE,FALSE,"closed","18","8",NA,NA,NA,NA,NA,NA,"Energy Efficiency","journal","1570-646X","2025-11-12T00:00:00","2026-02-20T08:17:22.645390"
"S133853345","ep","W4416220468","10.1007/s12053-025-10391-5",NA,NA,"Decomposition and decoupling analysis of industrial carbon emissions and economic growth: an energy structure perspective from China",2025,"2025-11-14","article","en",0,51,1,1,3,NA,FALSE,FALSE,FALSE,FALSE,"closed","18","8",NA,NA,NA,NA,NA,NA,"Energy Efficiency","journal","1570-646X","2025-11-14T00:00:00","2026-02-20T08:17:22.645390"
"S133853345","ep","W4416474330","10.1007/s12053-025-10393-3",NA,NA,"Barriers to the adoption of passive heating and cooling systems in residential building design: case study of Iran",2025,"2025-11-21","article","en",0,41,1,1,2,NA,FALSE,FALSE,FALSE,FALSE,"closed","18","8",NA,NA,NA,NA,NA,NA,"Energy Efficiency","journal","1570-646X","2025-11-23T00:00:00","2026-02-20T08:17:22.645390"
"S133853345","ep","W4416797817","10.1007/s12053-025-10380-8",NA,NA,"The role of personal moral obligation and policy and social propaganda on the pro-environmental intentions and behaviors of Jordanian households: An extension of the theory of planned behaior",2025,"2025-11-28","article","en",0,89,1,1,3,NA,FALSE,FALSE,FALSE,FALSE,"closed","18","8",NA,NA,NA,NA,NA,NA,"Energy Efficiency","journal","1570-646X","2025-11-28T00:00:00","2026-02-20T08:17:22.645390"
"S133853345","ep","W4416887607","10.1007/s12053-025-10400-7",NA,NA,"Greener standards, cleaner production? Empirical evidence from ISO 14001 adoption",2025,"2025-12-01","article","en",0,60,1,1,2,NA,FALSE,FALSE,FALSE,TRUE,"hybrid","18","8",NA,NA,NA,NA,NA,NA,"Energy Efficiency","journal","1570-646X","2025-12-01T00:00:00","2025-12-03T00:07:38.036990"
"S133853345","ep","W4416985330","10.1007/s12053-025-10401-6",NA,NA,"Financing the green shift: the role of financial inclusion and policy stringency in OECD energy transition",2025,"2025-12-01","article","en",0,60,1,1,3,NA,FALSE,FALSE,FALSE,FALSE,"closed","18","8",NA,NA,NA,NA,NA,NA,"Energy Efficiency","journal","1570-646X","2025-12-04T00:00:00","2026-02-20T08:17:22.645390"
"S133853345","ep","W4417349336","10.1007/s12053-025-10381-7",NA,NA,"Energy efficiency in times of geopolitical uncertainty: A global analysis across income levels",2025,"2025-12-16","article","en",0,55,1,6,5,NA,FALSE,FALSE,FALSE,TRUE,"hybrid","19","1",NA,NA,NA,NA,NA,NA,"Energy Efficiency","journal","1570-646X","2025-12-16T00:00:00","2025-12-16T23:48:00.217561"
"S133853345","ep","W7118619735","10.1007/s12053-025-10390-6","41523695",NA,"Approaches to address the gap in research on energy use and racialization in the UK",2026,"2026-01-01","article","en",0,51,3,1,3,0,FALSE,FALSE,FALSE,TRUE,"hybrid","19","1","4","4","Social Acceptance of Renewable Energy","Sociology and Political Science","Social Sciences","Social Sciences","Energy Efficiency","journal","1570-646X","2026-01-08T00:00:00","2026-02-25T23:00:34.991745"
"S133853345","ep","W7122738563","10.1007/s12053-025-10405-2",NA,NA,"Beyond energy labels: estimating housing energy efficiency and energy underconsumption using administrative microdata",2026,"2026-01-01","article","en",0,16,1,2,3,0,FALSE,FALSE,FALSE,TRUE,"hybrid","19","1",NA,NA,"Sustainable Building Design and Assessment","Building and Construction","Engineering","Physical Sciences","Energy Efficiency","journal","1570-646X","2026-01-13T00:00:00","2026-01-14T00:41:55.809242"
"S133853345","ep","W7125495939","10.1007/s12053-026-10417-6",NA,NA,"Composite index for the evaluation of energy vulnerability of micro-enterprises: relevant indicators and results",2026,"2026-01-01","article","en",0,52,1,2,3,0,FALSE,FALSE,FALSE,TRUE,"hybrid","19","1",NA,NA,"Global Energy Security and Policy","General Energy","Energy","Physical Sciences","Energy Efficiency","journal","1570-646X","2026-01-24T00:00:00","2026-01-25T23:04:38.658462"
"S133853345","ep","W7125586301","10.1007/s12053-025-10409-y",NA,NA,"Connectivity, diversity, and proximity: analysing information networks of professional actors for the diffusion of energy innovations",2026,"2026-01-01","article","en",0,61,2,1,4,0,FALSE,FALSE,FALSE,TRUE,"hybrid","19","1",NA,NA,"Sustainability and Climate Change Governance","Global and Planetary Change","Environmental Science","Physical Sciences","Energy Efficiency","journal","1570-646X","2026-01-25T00:00:00","2026-01-26T23:06:41.788003"
"S133853345","ep","W7125783092","10.1007/s12053-025-10404-3",NA,NA,"Projections in hindsight for the building sector: understanding drivers for future policymaking",2026,"2026-01-01","article","en",0,22,1,1,4,0,FALSE,FALSE,FALSE,FALSE,"closed","19","1",NA,NA,"Environmental Impact and Sustainability","Environmental Engineering","Environmental Science","Physical Sciences","Energy Efficiency","journal","1570-646X","2026-01-28T00:00:00","2026-02-23T20:09:44.859080"
"S133853345","ep","W7126058198","10.1007/s12053-025-10410-5",NA,NA,"Bridging the energy efficiency gaps: Lessons from the Swedish PFE programmes",2026,"2026-01-01","article","en",0,43,3,1,5,0,FALSE,FALSE,FALSE,TRUE,"hybrid","19","1",NA,NA,"Energy Efficiency and Management","Renewable Energy, Sustainability and the Environment","Energy","Physical Sciences","Energy Efficiency","journal","1570-646X","2026-01-30T00:00:00","2026-02-01T03:34:12.195049"
"S133853345","ep","W7126107440","10.1007/s12053-026-10414-9",NA,NA,"Effectiveness of emission reduction policies and the role of corporate governance",2026,"2026-01-01","article","en",0,101,1,1,1,0,FALSE,FALSE,FALSE,TRUE,"hybrid","19","1",NA,NA,"Sustainable Supply Chain Management","Strategy and Management","Business, Management and Accounting","Social Sciences","Energy Efficiency","journal","1570-646X","2026-01-30T00:00:00","2026-02-23T20:09:44.859080"
"S133853345","ep","W7127044950","10.1007/s12053-026-10411-y",NA,NA,"Creating green shared value: How energy-efficient technologies are transferred across borders through clean development mechanism and international cooperation",2026,"2026-02-01","article","en",0,36,1,0,2,0,FALSE,FALSE,FALSE,FALSE,"closed","19","2",NA,NA,"Sustainability and Climate Change Governance","Global and Planetary Change","Environmental Science","Physical Sciences","Energy Efficiency","journal","1570-646X","2026-02-03T00:00:00","2026-02-03T00:57:37.826532"
"S133853345","ep","W7127915702","10.1007/s12053-026-10415-8",NA,NA,"Understanding regional energy consumption patterns in Japanese households through factor analysis",2026,"2026-02-01","article","en",0,44,1,1,2,NA,FALSE,FALSE,FALSE,TRUE,"hybrid","19","2",NA,NA,"Energy, Environment, Agriculture Analysis","Renewable Energy, Sustainability and the Environment","Energy","Physical Sciences","Energy Efficiency","journal","1570-646X","2026-02-07T00:00:00","2026-02-20T08:17:22.645390"
"S133853345","ep","W7130507276","10.1007/s12053-026-10419-4",NA,NA,"Worldwide scientific landscape on district heating systems",2026,"2026-02-19","article","en",0,82,1,2,5,0,FALSE,FALSE,FALSE,TRUE,"hybrid","19","3",NA,NA,"Integrated Energy Systems Optimization","Electrical and Electronic Engineering","Engineering","Physical Sciences","Energy Efficiency","journal","1570-646X","2026-02-19T00:00:00","2026-02-21T06:11:54.161237"
"S20798355","ep","W2009668374","10.1080/15239080701622832",NA,"2009668374","Editorial: Governance for Sustainable Development in the Face of Ambivalence, Uncertainty and Distributed Power: an Introduction",2007,"2007-09-01","editorial","en",92,39,1,2,3,0.20795032,FALSE,FALSE,FALSE,FALSE,"closed","9","3-4","185","192","Sustainability and Climate Change Governance","Global and Planetary Change","Environmental Science","Physical Sciences","Journal of Environmental Policy & Planning","journal","1522-7200","2025-10-10T00:00:00","2025-11-06T03:46:38.306776"
"S20798355","ep","W2795924557","10.1080/1523908x.2018.1461083",NA,"2795924557","Leading the way with examples and ideas? Governing climate change in German municipalities through best practices",2018,"2018-04-05","article","en",43,60,1,1,1,NA,FALSE,FALSE,FALSE,FALSE,"closed","21","1","46","60",NA,NA,NA,NA,"Journal of Environmental Policy & Planning","journal","1522-7200","2025-10-10T00:00:00","2025-11-06T03:46:38.306776"
"S20798355","ep","W4390985091","10.1080/1523908x.2024.2305704",NA,NA,"Analyzing argumentation patterns in political discourse for better policy design",2024,"2024-01-18","article","en",1,35,3,1,2,NA,FALSE,FALSE,TRUE,TRUE,"hybrid","26","2","131","158",NA,NA,NA,NA,"Journal of Environmental Policy & Planning","journal","1522-7200","2025-10-10T00:00:00","2026-02-09T09:26:11.010843"
"S20798355","ep","W4416121654","10.1080/1523908x.2025.2585944",NA,NA,"Barriers to environmental policy implementation: stakeholder perceptions in the context of Ireland",2025,"2025-11-11","article","en",1,63,1,1,3,NA,FALSE,FALSE,FALSE,FALSE,"closed",NA,NA,"1","23",NA,NA,NA,NA,"Journal of Environmental Policy & Planning","journal","1522-7200","2025-11-11T00:00:00","2026-02-13T15:27:49.765798"
"S20798355","ep","W4415701536","10.1080/1523908x.2025.2577214",NA,NA,"Exploring the governance of wicked problems: insights from South Africa's Breede Valley urban food system",2025,"2025-10-30","article","en",0,63,3,2,3,NA,FALSE,FALSE,FALSE,FALSE,"closed",NA,NA,"1","24",NA,NA,NA,NA,"Journal of Environmental Policy & Planning","journal","1522-7200","2025-10-30T00:00:00","2026-02-16T07:36:33.822630"
"S20798355","ep","W4416094917","10.1080/1523908x.2025.2583200",NA,NA,"Uncertainty confounds justice: the offshore wind ‘Devil they don't know’ in the Northeast United States",2025,"2025-11-10","article","en",0,51,1,2,6,NA,FALSE,FALSE,FALSE,TRUE,"hybrid",NA,NA,"1","21",NA,NA,NA,NA,"Journal of Environmental Policy & Planning","journal","1522-7200","2025-11-10T00:00:00","2025-11-28T09:06:10.495917"
"S20798355","ep","W4416655554","10.1080/1523908x.2025.2592789",NA,NA,"Divergent responses to the cadre evaluation system reform: contrasting strategies in Chinese cities towards environmental information disclosure",2025,"2025-11-25","article","en",0,46,1,2,5,NA,FALSE,FALSE,FALSE,FALSE,"closed",NA,NA,"1","17",NA,NA,NA,NA,"Journal of Environmental Policy & Planning","journal","1522-7200","2025-11-25T00:00:00","2025-11-28T19:49:16.074982"
"S20798355","ep","W4416769935","10.1080/1523908x.2025.2591794",NA,NA,"The European Union’s CBAM: averting emissions leakage or promoting the diffusion of carbon pricing?",2025,"2025-11-02","article","en",0,59,1,3,3,NA,FALSE,FALSE,FALSE,TRUE,"hybrid","27","6","687","705",NA,NA,NA,NA,"Journal of Environmental Policy & Planning","journal","1522-7200","2025-10-10T00:00:00","2025-12-03T23:09:05.601824"
"S20798355","ep","W4417485546","10.1080/1523908x.2025.2601124",NA,NA,"Beyond wildfire crisis: explaining policy changes in the wildfire governance subsystem in Argentina through longitudinal analysis",2025,"2025-12-18","article","en",0,44,1,2,4,NA,FALSE,FALSE,FALSE,TRUE,"hybrid",NA,NA,"1","24",NA,NA,NA,NA,"Journal of Environmental Policy & Planning","journal","1522-7200","2025-12-19T00:00:00","2025-12-21T01:58:51.020947"
"S20798355","ep","W7122707707","10.1080/1523908x.2026.2614547",NA,NA,"Public participation towards procedural justice: oil and gas development in Colorado",2026,"2026-01-12","article","en",0,35,1,1,6,0,FALSE,FALSE,FALSE,FALSE,"closed",NA,NA,"1","14","Environmental law and policy","Law","Social Sciences","Social Sciences","Journal of Environmental Policy & Planning","journal","1522-7200","2026-01-13T00:00:00","2026-01-13T01:18:01.560105"
"S20798355","ep","W7127589890","10.1080/1523908x.2026.2624491",NA,NA,"Climate promotion tournaments and collaborative governance: central-local dynamics in China’s carbon neutrality policy implementation",2026,"2026-02-04","article","en",0,34,1,2,2,0,FALSE,FALSE,FALSE,FALSE,"closed",NA,NA,"1","18","Sustainability and Climate Change Governance","Global and Planetary Change","Environmental Science","Physical Sciences","Journal of Environmental Policy & Planning","journal","1522-7200","2026-02-06T00:00:00","2026-02-06T02:05:47.483045"
"S20798355","ep","W7128469348","10.1080/1523908x.2026.2628706",NA,NA,"Climate policy backlash: taming an unruly concept?",2026,"2026-02-09","article","en",0,162,1,1,4,0,FALSE,FALSE,FALSE,TRUE,"hybrid",NA,NA,"1","28","Science, Research, and Medicine","Reproductive Medicine","Medicine","Health Sciences","Journal of Environmental Policy & Planning","journal","1522-7200","2026-02-11T00:00:00","2026-02-11T14:45:31.134243"
"S20798355","ep","W7129092437","10.1080/1523908x.2026.2628707",NA,NA,"Timely transitions? How time-bound targets shape visions for the future of emerging energy storage technologies",2026,"2026-02-16","article","en",0,59,1,1,3,0,FALSE,FALSE,FALSE,TRUE,"hybrid",NA,NA,"1","21","Advanced Battery Technologies Research","Automotive Engineering","Engineering","Physical Sciences","Journal of Environmental Policy & Planning","journal","1522-7200","2026-02-17T00:00:00","2026-02-17T06:10:05.244387"
"S20798355","ep","W7129565227","10.1080/1523908x.2026.2631540",NA,NA,"The evolution of discourses on livestock farming in Germany: a text mining analysis of parliamentary debates (1949–2021)",2026,"2026-02-17","article","en",0,67,1,1,3,0,FALSE,FALSE,FALSE,TRUE,"hybrid",NA,NA,"1","21","Computational and Text Analysis Methods","General Social Sciences","Social Sciences","Social Sciences","Journal of Environmental Policy & Planning","journal","1522-7200","2026-02-18T00:00:00","2026-02-18T06:25:47.457606"
"S20798355","ep","W7129689935","10.1080/1523908x.2026.2628710",NA,NA,"The role of policy capacity in energy transitions: the case of the Brazilian wind energy sector",2026,"2026-02-16","article","en",0,62,2,3,3,0,FALSE,FALSE,FALSE,TRUE,"hybrid",NA,NA,"1","20","Sustainability and Climate Change Governance","Global and Planetary Change","Environmental Science","Physical Sciences","Journal of Environmental Policy & Planning","journal","1522-7200","2026-02-18T00:00:00","2026-02-18T06:25:47.457606"
"S20798355","ep","W7130592661","10.1080/1523908x.2026.2632123",NA,NA,"Providing orientation in a fragmented field of research: the critical review series of the Journal of Environmental Policy &amp; Planning",2026,"2026-02-19","article","en",0,12,1,1,1,0,FALSE,FALSE,FALSE,FALSE,"closed",NA,NA,"1","6","Urban Transport and Accessibility","Transportation","Social Sciences","Social Sciences","Journal of Environmental Policy & Planning","journal","1522-7200","2026-02-20T00:00:00","2026-02-20T17:44:18.066148"
"S20798355","ep","W7130651235","10.1080/1523908x.2026.2631531",NA,NA,"Exploring the interplay between public and interpersonal trust in participation for sustainable water management: an international comparison",2026,"2026-02-20","article","en",0,86,1,6,11,0,FALSE,FALSE,FALSE,TRUE,"hybrid",NA,NA,"1","20","Sustainability and Climate Change Governance","Global and Planetary Change","Environmental Science","Physical Sciences","Journal of Environmental Policy & Planning","journal","1522-7200","2026-02-20T00:00:00","2026-02-21T06:11:54.161237"
"S2735550652","ep","W3027908917","10.1086/714148",NA,"3027908917","Policy Leakage or Policy Benefit? Spatial Spillovers from Conservation Policies in Common Property Resources",2021,"2021-03-02","preprint","en",4,62,3,0,4,0.66162424,FALSE,FALSE,FALSE,FALSE,"closed","8","5","923","953","Economic and Environmental Valuation","Economics and Econometrics","Economics, Econometrics and Finance","Social Sciences","Journal of the Association of Environmental and Resource Economists","journal","2333-5955","2025-10-10T00:00:00","2025-11-06T03:46:38.306776"
"S2735550652","ep","W4415747257","10.1086/739401",NA,NA,"Comprehensive national accounting for CO2 emissions",2025,"2025-10-31","article","en",1,53,1,0,2,NA,FALSE,FALSE,FALSE,FALSE,"closed",NA,NA,NA,NA,NA,NA,NA,NA,"Journal of the Association of Environmental and Resource Economists","journal","2333-5955","2025-10-31T00:00:00","2025-11-06T03:46:38.306776"
"S2735550652","ep","W3021444448","10.1086/705786",NA,"3021444448","The Power of Mandatory Quality Disclosure: Evidence from the German Housing Market",2019,"2019-08-13","preprint","en",0,35,7,1,3,0,FALSE,FALSE,FALSE,TRUE,"green","7","1","181","208","Housing Market and Economics","Economics and Econometrics","Economics, Econometrics and Finance","Social Sciences","Journal of the Association of Environmental and Resource Economists","journal","2333-5955","2025-10-10T00:00:00","2026-02-09T09:26:11.010843"
"S2735550652","ep","W3098395988","10.1086/720612",NA,"3098395988","Testing the Dismal Theorem",2021,"2021-01-01","preprint","en",0,86,10,4,2,0,FALSE,FALSE,FALSE,TRUE,"green","9","5","885","920","Climate Change Policy and Economics","Economics and Econometrics","Economics, Econometrics and Finance","Social Sciences","Journal of the Association of Environmental and Resource Economists","journal","2333-5955","2025-10-10T00:00:00","2026-02-12T00:53:03.260389"
"S2735550652","ep","W4416076428","10.1086/739574",NA,NA,"Municipal Governments Under the Clean Water Act",2025,"2025-11-10","article","en",0,37,1,0,1,NA,FALSE,FALSE,FALSE,FALSE,"closed",NA,NA,NA,NA,NA,NA,NA,NA,"Journal of the Association of Environmental and Resource Economists","journal","2333-5955","2025-11-10T00:00:00","2025-11-28T09:51:06.149224"
"S2735550652","ep","W7125662998","10.1086/740568",NA,NA,"Are we doing more harm than good? Using hypothetical bias reduction techniques in consequential decision settings",2026,"2026-01-25","article","en",0,40,1,0,2,0,FALSE,FALSE,FALSE,FALSE,"closed",NA,NA,NA,NA,"Decision-Making and Behavioral Economics","General Decision Sciences","Decision Sciences","Social Sciences","Journal of the Association of Environmental and Resource Economists","journal","2333-5955","2026-01-26T00:00:00","2026-01-26T23:10:34.858540"
"S2735550652","ep","W7128420742","10.1086/740839",NA,NA,"Shock Avoidance: High Bill Alert Programs and Energy Consumption",2026,"2026-02-09","article","en",0,39,1,0,2,0,FALSE,FALSE,FALSE,FALSE,"closed",NA,NA,NA,NA,"Energy, Environment, and Transportation Policies","Renewable Energy, Sustainability and the Environment","Energy","Physical Sciences","Journal of the Association of Environmental and Resource Economists","journal","2333-5955","2026-02-07T00:00:00","2026-02-11T14:41:00.668223"
"S2735550652","ep","W7128742770","10.1086/740879",NA,NA,"A Hedge Fund in Your Garage: Automobile purchases under gasoline price uncertainty",2026,"2026-02-12","article","en",0,52,1,0,2,0,FALSE,FALSE,FALSE,FALSE,"closed",NA,NA,NA,NA,"Merger and Competition Analysis","Economics and Econometrics","Economics, Econometrics and Finance","Social Sciences","Journal of the Association of Environmental and Resource Economists","journal","2333-5955","2026-02-13T00:00:00","2026-02-13T13:40:29.240086"
"S114851709","ep","W1572779891","10.1023/a:1025828208823",NA,"1572779891","Future Greenhouse Gas and Local Pollutant Emissions for India: Policy Links and Disjoints",2003,"2003-03-01","article","en",35,20,2,2,5,NA,FALSE,FALSE,FALSE,FALSE,"closed","8","1","71","92",NA,NA,NA,NA,"Mitigation and Adaptation Strategies for Global Change","journal","1381-2386","2016-06-24T00:00:00","2026-02-09T09:26:11.010843"
"S114851709","ep","W1587900712","10.1023/a:1009661000859",NA,"1587900712","Structural Change of the Manufacturing Sector in Korea: Measurement of Real Energy Intensity and CO2 Emissions",2000,"2000-09-01","article","en",21,13,2,2,2,NA,FALSE,FALSE,FALSE,FALSE,"closed","5","3","221","238",NA,NA,NA,NA,"Mitigation and Adaptation Strategies for Global Change","journal","1381-2386","2016-06-24T00:00:00","2026-02-09T09:26:11.010843"
"S114851709","ep","W4415789020","10.1007/s11027-025-10261-6",NA,NA,"From scarcity to sustainability: agriculture intensification for food security and climate resilience in drylands",2025,"2025-11-03","article","en",0,424,1,1,4,NA,FALSE,FALSE,FALSE,FALSE,"closed","30","8",NA,NA,NA,NA,NA,NA,"Mitigation and Adaptation Strategies for Global Change","journal","1381-2386","2025-11-03T00:00:00","2026-02-20T08:17:22.645390"
"S114851709","ep","W4415907422","10.1007/s11027-025-10229-6",NA,NA,"Norway’s net-zero emissions target for 2030 too ambitious to be true?",2025,"2025-11-05","article","en",0,24,1,1,9,NA,FALSE,FALSE,FALSE,TRUE,"hybrid","30","8",NA,NA,NA,NA,NA,NA,"Mitigation and Adaptation Strategies for Global Change","journal","1381-2386","2025-10-10T00:00:00","2025-11-06T06:51:31.235846"
"S114851709","ep","W4416089309","10.1007/s11027-025-10264-3",NA,NA,"Unveiling the mitigation potential of non-CO2 greenhouse gases in global supply chains",2025,"2025-11-10","article","en",0,65,1,1,3,NA,FALSE,FALSE,FALSE,FALSE,"closed","30","8",NA,NA,NA,NA,NA,NA,"Mitigation and Adaptation Strategies for Global Change","journal","1381-2386","2025-11-10T00:00:00","2026-02-20T08:17:22.645390"
"S114851709","ep","W4417148112","10.1007/s11027-025-10274-1",NA,NA,"Equity and justice for sustainable development: comparing evidence on adaptation enablers from Indian States",2025,"2025-12-01","article","en",0,87,1,1,3,NA,FALSE,FALSE,FALSE,FALSE,"closed","30","8",NA,NA,NA,NA,NA,NA,"Mitigation and Adaptation Strategies for Global Change","journal","1381-2386","2025-12-09T00:00:00","2026-02-20T08:17:22.645390"
"S114851709","ep","W7119465489","10.1007/s11027-025-10276-z",NA,NA,"Towards enhanced resilience, adaptation, and sustainability of farming ecosystems: assessment of the efficiency of specialized public institutions in weather and climate services delivery to smallholder farmers",2026,"2026-01-01","article","en",0,69,1,1,5,0,FALSE,FALSE,FALSE,FALSE,"closed","31","1",NA,NA,"Climate change impacts on agriculture","Ecology, Evolution, Behavior and Systematics","Agricultural and Biological Sciences","Life Sciences","Mitigation and Adaptation Strategies for Global Change","journal","1381-2386","2026-01-09T00:00:00","2026-01-10T23:39:48.068659"
"S114851709","ep","W7123897032","10.1007/s11027-025-10284-z",NA,NA,"Municipal carbon allocation in China’s provincial budget system: integrating equity, efficiency, and regional preferences",2026,"2026-01-01","article","en",0,61,1,1,3,0,FALSE,FALSE,FALSE,FALSE,"closed","31","1",NA,NA,"Climate Change Policy and Economics","Economics and Econometrics","Economics, Econometrics and Finance","Social Sciences","Mitigation and Adaptation Strategies for Global Change","journal","1381-2386","2026-01-14T00:00:00","2026-01-14T23:44:37.837170"
"S114851709","ep","W7124425716","10.1007/s11027-025-10283-0",NA,NA,"Decarbonizing global value chains: the dual role of manufacturing servitization in export-implied carbon emissions – scale expansion vs. structural upgrading",2026,"2026-01-16","article","en",0,84,1,1,3,0,FALSE,FALSE,FALSE,FALSE,"closed","31","2",NA,NA,"Sustainable Supply Chain Management","Strategy and Management","Business, Management and Accounting","Social Sciences","Mitigation and Adaptation Strategies for Global Change","journal","1381-2386","2026-01-17T00:00:00","2026-01-17T23:15:25.596738"
"S114851709","ep","W7128166018","10.1007/s11027-025-10272-3",NA,NA,"Examining the climate adaptation and higher income conundrum: a case study of hill agriculture in Uttarakhand, India",2026,"2026-02-01","article","en",0,79,1,1,2,0,FALSE,FALSE,FALSE,FALSE,"closed","31","2",NA,NA,"Climate change impacts on agriculture","Ecology, Evolution, Behavior and Systematics","Agricultural and Biological Sciences","Life Sciences","Mitigation and Adaptation Strategies for Global Change","journal","1381-2386","2026-02-07T00:00:00","2026-02-07T23:14:19.703344"
"S114851709","ep","W7129040954","10.1007/s11027-026-10286-5",NA,NA,"A capacity building framework for urban resilience: insights from the City Resilience Action Planning (CityRAP) programme",2026,"2026-02-16","article","en",0,62,1,1,2,0,FALSE,FALSE,FALSE,TRUE,"hybrid","31","3",NA,NA,"Sustainability and Climate Change Governance","Global and Planetary Change","Environmental Science","Physical Sciences","Mitigation and Adaptation Strategies for Global Change","journal","1381-2386","2026-02-17T00:00:00","2026-02-18T06:20:13.636215"
"S114851709","ep","W7129671364","10.1007/s11027-025-10278-x",NA,NA,"Carbon pricing, green innovation, and production efficiency—new evidence from China",2026,"2026-02-17","article","en",0,51,1,1,4,0,FALSE,FALSE,FALSE,FALSE,"closed","31","3",NA,NA,"Efficiency Analysis Using DEA","Management Science and Operations Research","Decision Sciences","Social Sciences","Mitigation and Adaptation Strategies for Global Change","journal","1381-2386","2026-02-18T00:00:00","2026-02-18T06:25:47.457606"
"S114851709","ep","W7130509383","10.1007/s11027-025-10282-1",NA,NA,"Impacts of climate change on electrical subsidies’ public policies: the case of Mexico",2026,"2026-02-19","article","en",0,25,1,2,4,0,FALSE,FALSE,FALSE,TRUE,"hybrid","31","3",NA,NA,"Energy, Environment, and Transportation Policies","Renewable Energy, Sustainability and the Environment","Energy","Physical Sciences","Mitigation and Adaptation Strategies for Global Change","journal","1381-2386","2026-02-19T00:00:00","2026-02-21T06:11:54.161237"
"S102805530","ep","W2907483833","10.5547/01956574.42.5.khai",NA,"2907483833","Emission Pathways Towards a Low-Carbon Energy System for Europe: A Model-Based Analysis of Decarbonization Scenarios",2020,"2020-10-09","preprint","en",18,25,6,1,6,1.1302,FALSE,FALSE,FALSE,TRUE,"green","42","5","41","66","Integrated Energy Systems Optimization","Electrical and Electronic Engineering","Engineering","Physical Sciences","The Energy Journal","journal","0195-6574","2025-10-10T00:00:00","2026-02-24T19:35:01.260952"
"S102805530","ep","W3023519667","10.5547/01956574.43.2.ased",NA,"3023519667","Electrification and Socio-Economic Empowerment of Women in India",2021,"2021-03-03","preprint","en",9,34,11,2,3,0.42256986,FALSE,FALSE,FALSE,TRUE,"gold","43","2","215","238","Energy and Environment Impacts","Pollution","Environmental Science","Physical Sciences","The Energy Journal","journal","0195-6574","2025-10-10T00:00:00","2026-02-09T09:26:11.010843"
"S102805530","ep","W2767146084","10.5547/01956574.41.1.iaba",NA,"2767146084","On the Viability of Energy Communities",2020,"2020-01-01","preprint","en",7,44,6,1,3,0.92856629,FALSE,FALSE,FALSE,TRUE,"green","41","1","113","150","Game Theory and Applications","Management Science and Operations Research","Decision Sciences","Social Sciences","The Energy Journal","journal","0195-6574","2025-10-10T00:00:00","2026-02-09T09:26:11.010843"
"S102805530","ep","W2902733040","10.5547/01956574.42.1.jpet",NA,"2902733040","Optimal Allocation of Variable Renewable Energy Considering Contributions to Security of Supply",2020,"2020-09-09","preprint","en",5,37,6,1,2,0.5137,FALSE,FALSE,FALSE,TRUE,"green","42","1","229","259","Electric Power System Optimization","Electrical and Electronic Engineering","Engineering","Physical Sciences","The Energy Journal","journal","0195-6574","2025-10-10T00:00:00","2026-02-24T19:35:01.260952"
"S102805530","ep","W2904527426","10.5547/01956574.40.2.bleg",NA,"2904527426","A Multidimensional Approach to Measuring Fuel Poverty",2019,"2019-01-22","preprint","en",5,45,5,0,2,0.1448268,FALSE,FALSE,FALSE,TRUE,"gold","40","2","27","54","Energy and Environment Impacts","Pollution","Environmental Science","Physical Sciences","The Energy Journal","journal","0195-6574","2025-10-10T00:00:00","2026-02-09T09:26:11.010843"
"S102805530","ep","W2904479698","10.5547/01956574.42.4.jhar",NA,"2904479698","Drivers of People’s Preferences for Spatial Proximity to Energy Infrastructure Technologies: A Cross-country Analysis",2020,"2020-08-31","preprint","en",3,42,4,2,4,0,FALSE,FALSE,FALSE,TRUE,"green","42","4","47","90","Social Acceptance of Renewable Energy","Sociology and Political Science","Social Sciences","Social Sciences","The Energy Journal","journal","0195-6574","2025-10-10T00:00:00","2026-02-09T09:26:11.010843"
"S102805530","ep","W2970071865","10.5547/01956574.43.1.irie",NA,"2970071865","Seasonal Flexibility in the European Natural Gas Market",2021,"2021-03-30","preprint","en",3,22,6,1,2,1.0011,FALSE,FALSE,FALSE,TRUE,"green","43","1","117","138","Global Energy Security and Policy","General Energy","Energy","Physical Sciences","The Energy Journal","journal","0195-6574","2025-10-10T00:00:00","2026-02-24T19:35:01.260952"
"S102805530","ep","W3123796071","10.5547/01956574.42.2.mren",NA,"3123796071","Why Has China Overinvested in Coal Power?",2020,"2020-06-24","preprint","en",3,18,7,2,5,0.7147,FALSE,FALSE,FALSE,TRUE,"green","42","2","113","134","Energy, Environment, Economic Growth","Economics and Econometrics","Economics, Econometrics and Finance","Social Sciences","The Energy Journal","journal","0195-6574","2025-10-10T00:00:00","2026-02-24T19:35:01.260952"
"S102805530","ep","W2170251929","10.5547/issn0195-6574-ej-volsi2006-nosi3-14",NA,"2170251929","Burden Sharing Within a Multi-Gas Strategy",2006,"2006-06-01","preprint","en",18,40,3,2,3,5.7204,FALSE,FALSE,FALSE,TRUE,"green","27","3_suppl","289","302","Climate Change Policy and Economics","Economics and Econometrics","Economics, Econometrics and Finance","Social Sciences","The Energy Journal","journal","0195-6574","2025-10-10T00:00:00","2026-02-24T19:35:01.260952"
"S102805530","ep","W1830787149","10.5547/01956574.39.si1.scor",NA,"1830787149","An Empirical Analysis of the Relationships between Crude Oil,Gold and Stock Markets",2018,"2018-06-01","preprint","en",3,62,7,1,3,0.4669,FALSE,FALSE,FALSE,TRUE,"green","39","1_suppl","193","208","Market Dynamics and Volatility","Economics and Econometrics","Economics, Econometrics and Finance","Social Sciences","The Energy Journal","journal","0195-6574","2025-10-10T00:00:00","2026-02-24T19:35:01.260952"
"S102805530","ep","W3094810383","10.5547/01956574.42.3.faun",NA,"3094810383","Are Carbon Prices Redundant in the 2030 EU Climate and Energy Policy Package?",2020,"2020-06-25","preprint","en",3,50,7,1,2,0.4765,FALSE,FALSE,TRUE,TRUE,"hybrid","42","3","225","264","Climate Change Policy and Economics","Economics and Econometrics","Economics, Econometrics and Finance","Social Sciences","The Energy Journal","journal","0195-6574","2025-10-10T00:00:00","2026-02-24T19:35:01.260952"
"S102805530","ep","W2590627451","10.5547/01956574.40.2.jwag",NA,"2590627451","Grid Investment and Support Schemes for Renewable Electricity Generation",2019,"2019-01-22","preprint","en",2,27,6,1,1,0.2385,FALSE,FALSE,TRUE,TRUE,"hybrid","40","2","195","220","Electric Power System Optimization","Electrical and Electronic Engineering","Engineering","Physical Sciences","The Energy Journal","journal","0195-6574","2025-10-10T00:00:00","2026-02-24T19:35:01.260952"
"S102805530","ep","W2797036252","10.5547/01956574.40.3.sbak",NA,"2797036252","Energy Consumption in the French Residential Sector: How Much do Individual Preferences Matter?",2019,"2019-03-21","preprint","en",1,51,6,1,2,0.50396708,FALSE,FALSE,FALSE,TRUE,"green","40","3","77","100","Housing Market and Economics","Economics and Econometrics","Economics, Econometrics and Finance","Social Sciences","The Energy Journal","journal","0195-6574","2025-10-10T00:00:00","2026-02-09T09:26:11.010843"
"S102805530","ep","W2972882422","10.5547/01956574.42.4.blan",NA,"2972882422","Asymmetric Information on the Market for Energy Efficiency: Insights from the Credence Goods Literature",2020,"2020-09-14","preprint","en",1,79,8,1,2,0.05691225,FALSE,FALSE,TRUE,TRUE,"hybrid","42","4","91","110","Energy Efficiency and Management","Renewable Energy, Sustainability and the Environment","Energy","Physical Sciences","The Energy Journal","journal","0195-6574","2025-10-10T00:00:00","2026-02-09T09:26:11.010843"
"S102805530","ep","W3121140492","10.5547/01956574.37.4.nriv",NA,"3121140492","Free Riding on Energy Efficiency Subsidies: The Case of Natural Gas Furnaces in Canada",2016,"2016-02-08","preprint","en",1,25,6,1,2,0.10951473,FALSE,FALSE,FALSE,TRUE,"green","37","4","239","266","Energy, Environment, and Transportation Policies","Renewable Energy, Sustainability and the Environment","Energy","Physical Sciences","The Energy Journal","journal","0195-6574","2025-10-10T00:00:00","2026-02-09T09:26:11.010843"
"S102805530","ep","W3122711989","10.5547/issn0195-6574-ej-vol30-nosi-12",NA,"3122711989","Linking Natural Gas Markets - Is LNG Doing its Job?",2009,"2009-06-01","preprint","en",1,16,6,1,1,0,FALSE,FALSE,FALSE,TRUE,"green","30","1_suppl","187","200","Market Dynamics and Volatility","Economics and Econometrics","Economics, Econometrics and Finance","Social Sciences","The Energy Journal","journal","0195-6574","2025-10-10T00:00:00","2026-02-09T09:26:11.010843"
"S102805530","ep","W4239149204","10.5547/issn0195-6574-ej-vol21-no1-1",NA,NA,"Explaining Cointegration Analysis: Part 1",2000,"2000-01-01","article","en",307,45,2,1,2,NA,FALSE,FALSE,FALSE,FALSE,"closed","21","1","1","42",NA,NA,NA,NA,"The Energy Journal","journal","0195-6574","2025-10-10T00:00:00","2026-02-26T08:16:20.718346"
"S102805530","ep","W4232061680","10.5547/issn0195-6574-ej-vol20-nosi-1",NA,NA,"INTRODUCTION AND OVERVIEW",1999,"1999-06-01","article","en",55,1,2,1,2,NA,FALSE,FALSE,FALSE,FALSE,"closed","20","1_suppl","vi","xiiv",NA,NA,NA,NA,"The Energy Journal","journal","0195-6574","2025-10-10T00:00:00","2026-02-24T19:35:01.260952"
"S102805530","ep","W4232573122","10.5547/01956574.42.1.akak",NA,NA,"Selling Wind",2020,"2020-09-09","article","en",7,50,2,3,3,NA,FALSE,FALSE,TRUE,TRUE,"bronze","42","1","1","38",NA,NA,NA,NA,"The Energy Journal","journal","0195-6574","2022-05-12T00:00:00","2026-02-24T19:35:01.260952"
"S102805530","ep","W4253453951","10.5547/01956574.40.1",NA,NA,NA,2018,"2018-12-05","paratext",NA,7,83,1,0,0,NA,NA,TRUE,FALSE,FALSE,"closed","40","1",NA,NA,NA,NA,NA,NA,"The Energy Journal","journal","0195-6574","2022-05-12T00:00:00","2025-11-06T03:46:38.306776"
"S102805530","ep","W4252293517","10.5547/01956574.39.si1",NA,NA,NA,2018,"2018-09-01","paratext",NA,1,47,1,0,0,NA,NA,TRUE,TRUE,FALSE,"closed","39","01",NA,NA,NA,NA,NA,NA,"The Energy Journal","journal","0195-6574","2022-05-12T00:00:00","2025-12-21T01:58:51.020947"
"S102805530","ep","W1133306624","10.5547/01956574.38.5.gaba",NA,"1133306624","Space-time Modeling of Electricity Spot Prices",2016,"2016-11-18","preprint","en",0,20,8,2,2,0,FALSE,FALSE,FALSE,FALSE,"closed","38","5","175","196","Housing Market and Economics","Economics and Econometrics","Economics, Econometrics and Finance","Social Sciences","The Energy Journal","journal","0195-6574","2025-10-10T00:00:00","2026-02-22T13:39:03.778224"
"S102805530","ep","W2326362659","10.5547/issn0195-6574-ej-vol7-no4-8",NA,"2326362659","Book Reviews Alieto A. Guadagni, Energia Para EI Crecimieiito (Energy for Growth) (Buenos Aires, Argentina: El Cronista Commercial, 1985), 394 pages.Walter J. Mead, Asbjorn Moisdjord, Dennis D. Muraoka, and Philip E. Sorensen, Offshore Lands Oil and Cas Leasing and Conservation on the Outer Continental Shey (San Francisco: Pacific Institute for Public Policy Research, 1985), 169 pages.Robert W. Poole, Jr., ed., Unnarural Monopolies: The Case for Deregulating Public Utilities (Lexington, Mass.: Lexington Books, D. C. Heath and Company, 1985), 224 pagesB. R. Mitchell, Economic Development of the British Coal Industry, 1800-1914 (Cambridge: Cambridge University Press, 1984), 381 pages.Rene Codoni. Hi-Chun Park, and K. V. Ramani, eds., Integrated Energy Planning-A Manual (Kuala Lumpur: Asian and Pacific Development Centre, 1985).John C. Sawhill and Richard Cotton, eds., Energy Conservation. Successes, and Failures (Washington: Brookings Institution, 1986), 270 pages.Pietro S. Nivola, The Politics of Energy Conservation (Washington: Brookings Institution, 1986). 294 pages.Joseph A. Yager, with the assistance of Shelley M. Matsuba, The Energy Eoloncr in Norrhrasr Asia (Washington: The Brookings Institution, 1984). 249 pages.Richard E. Caves and Lawrence B. Krause, eds., The Australian Economy: A View from the North (Washington: The Brookings Institution, 1984), 415 pages.China Coal Industry Yearbook (Hong Kong: People's Republic of China, Economic Information Agency. USA distribution Golden: Colorado School of Mines Press.)",1986,"1986-10-01","article","en",0,10,2,0,1,NA,FALSE,FALSE,TRUE,TRUE,"bronze","7","4","109","127",NA,NA,NA,NA,"The Energy Journal","journal","0195-6574","2016-06-24T00:00:00","2025-11-06T03:46:38.306776"
"S102805530","ep","W2801804164","10.5547/01956574.40.2.ssch",NA,"2801804164","Natural Gas Transits and Market Power: The Case of Turkey",2019,"2019-01-22","preprint","en",0,30,5,1,2,0,FALSE,FALSE,FALSE,TRUE,"green","40","2","77","100","Global Energy Security and Policy","General Energy","Energy","Physical Sciences","The Energy Journal","journal","0195-6574","2025-10-10T00:00:00","2026-02-09T09:26:11.010843"
"S102805530","ep","W2936263242","10.5547/01956574.43.1.alou",NA,"2936263242","Optimal Nuclear Liability Insurance",2021,"2021-04-07","preprint","en",0,34,4,1,2,0,FALSE,FALSE,FALSE,TRUE,"green","43","1","97","115","Insurance and Financial Risk Management","Economics and Econometrics","Economics, Econometrics and Finance","Social Sciences","The Energy Journal","journal","0195-6574","2025-10-10T00:00:00","2026-02-09T09:26:11.010843"
"S102805530","ep","W3028250191","10.5547/01956574.43.3.kmor",NA,"3028250191","The Long Norwegian Boom: Dutch Disease After All?",2022,"2022-02-08","preprint","en",0,39,5,1,1,0,FALSE,FALSE,TRUE,TRUE,"bronze","43","3","133","156","Natural Resources and Economic Development","General Economics, Econometrics and Finance","Economics, Econometrics and Finance","Social Sciences","The Energy Journal","journal","0195-6574","2025-10-10T00:00:00","2026-02-24T19:35:01.260952"
"S102805530","ep","W3121298901","10.5547/01956574.37.si2.egar",NA,"3121298901","The Influence of Policy Regime Risks on Investments in Innovative Energy Technology",2016,"2016-05-11","preprint","en",0,19,5,1,2,0,FALSE,FALSE,FALSE,FALSE,"closed","37","2_suppl","145","160","Capital Investment and Risk Analysis","Finance","Economics, Econometrics and Finance","Social Sciences","The Energy Journal","journal","0195-6574","2025-10-10T00:00:00","2026-02-24T19:35:01.260952"
"S102805530","ep","W3121382264","10.5547/01956574.40.2.mbuc",NA,"3121382264","Impact of Coordinated Capacity Mechanisms on the European Power Market",2019,"2019-01-22","preprint","en",0,50,5,1,3,0,FALSE,FALSE,TRUE,TRUE,"green","40","2","221","264","Electric Power System Optimization","Electrical and Electronic Engineering","Engineering","Physical Sciences","The Energy Journal","journal","0195-6574","2025-10-10T00:00:00","2026-02-24T19:35:01.260952"
"S102805530","ep","W3121855833","10.5547/01956574.37.2.aalm",NA,"3121855833","The Impact of Stochastic Extraction Cost on the Value of an Exhaustible Resource: An Application to the Alberta Oil Sands",2015,"2015-05-04","preprint","en",0,33,4,2,2,0,FALSE,FALSE,FALSE,TRUE,"green","37","2","61","88","Market Dynamics and Volatility","Economics and Econometrics","Economics, Econometrics and Finance","Social Sciences","The Energy Journal","journal","0195-6574","2025-10-10T00:00:00","2026-02-09T09:26:11.010843"
"S102805530","ep","W3121876170","10.5547/01956574.42.4.nmay",NA,"3121876170","Financing Power: Impacts of Energy Policies in Changing Regulatory Environments",2020,"2020-08-31","preprint","en",0,30,5,1,2,0,FALSE,FALSE,TRUE,TRUE,"bronze","42","4","131","152","Electric Power System Optimization","Electrical and Electronic Engineering","Engineering","Physical Sciences","The Energy Journal","journal","0195-6574","2025-10-10T00:00:00","2026-02-24T19:35:01.260952"
"S102805530","ep","W3121901215","10.5547/issn0195-6574-ej-vol30-nosi-10",NA,"3121901215","European Natural Gas Markets: Resource Constraints and Market Power",2009,"2009-06-01","preprint","en",0,15,6,1,1,0,FALSE,FALSE,TRUE,TRUE,"green","30","1_suppl","151","166","Market Dynamics and Volatility","Economics and Econometrics","Economics, Econometrics and Finance","Social Sciences","The Energy Journal","journal","0195-6574","2025-10-10T00:00:00","2026-02-24T19:35:01.260952"
"S102805530","ep","W3122350098","10.5547/01956574.41.4.dbro",NA,"3122350098","Imperfect Competition in Electricity Markets with Renewable Generation: The Role of Renewable Compensation Policies",2019,"2019-12-10","preprint","en",0,36,4,1,2,0,FALSE,FALSE,FALSE,FALSE,"closed","41","4","61","88","Electric Power System Optimization","Electrical and Electronic Engineering","Engineering","Physical Sciences","The Energy Journal","journal","0195-6574","2025-10-10T00:00:00","2026-02-24T19:35:01.260952"
"S102805530","ep","W3122752875","10.5547/issn0195-6574-ej-vol26-no1-3",NA,"3122752875","Inscrutable OPEC? Behavioral Tests of the Cartel Hypothesis*",2005,"2005-01-01","preprint","en",0,21,6,1,1,0,FALSE,FALSE,FALSE,TRUE,"green","26","1","51","82","Market Dynamics and Volatility","Economics and Econometrics","Economics, Econometrics and Finance","Social Sciences","The Energy Journal","journal","0195-6574","2025-10-10T00:00:00","2026-02-09T09:26:11.010843"
"S102805530","ep","W3133449865","10.5547/01956574.43.3.wwal",NA,"3133449865","Fracking and Structural Shifts in Oil Supply",2021,"2021-04-21","preprint","en",0,31,4,2,2,0,FALSE,FALSE,TRUE,TRUE,"bronze","43","3","1","32","Natural Resources and Economic Development","General Economics, Econometrics and Finance","Economics, Econometrics and Finance","Social Sciences","The Energy Journal","journal","0195-6574","2025-10-10T00:00:00","2026-02-24T19:35:01.260952"
"S102805530","ep","W4244066583","10.5547/issn0195-6574-ej-vol5-no4-12",NA,NA,"Book Reviews Gilbert Jenkins, 011 Econoniists' Harrdbook 1986 (London: AppliedScience Publishers, 1981).",1984,"1984-10-01","article","en",0,7,2,0,1,NA,FALSE,FALSE,TRUE,TRUE,"bronze","5","4","81","94",NA,NA,NA,NA,"The Energy Journal","journal","0195-6574","2022-05-12T00:00:00","2025-11-06T03:46:38.306776"
"S102805530","ep","W4246774857","10.5547/issn0195-6574-ej-vol4-no4-10",NA,NA,"Volume 4 Index",1983,"1983-10-01","article","en",0,11,1,0,1,NA,FALSE,FALSE,TRUE,TRUE,"bronze","4","4",NA,NA,NA,NA,NA,NA,"The Energy Journal","journal","0195-6574","2022-05-12T00:00:00","2025-11-06T03:46:38.306776"
"S102805530","ep","W4249106052","10.5547/01956574.37.si1.yfan",NA,NA,"Chinese Energy Economics",2016,"2016-01-01","article","en",0,26,2,1,2,NA,FALSE,FALSE,FALSE,FALSE,"closed","37","1_suppl","1","2",NA,NA,NA,NA,"The Energy Journal","journal","0195-6574","2025-10-10T00:00:00","2026-02-24T19:35:01.260952"
"S102805530","ep","W4251592551","10.5547/issn0195-6574-ej-vol6-no4-17",NA,NA,"Volume 6 Index",1985,"1985-10-01","article","en",0,14,1,0,1,NA,FALSE,FALSE,TRUE,TRUE,"bronze","6","4",NA,NA,NA,NA,NA,NA,"The Energy Journal","journal","0195-6574","2022-05-12T00:00:00","2025-11-06T03:46:38.306776"
"S102805530","ep","W4415786051","10.1177/01956574251387610",NA,NA,"Temperature-Induced Residential Air Conditioning Adoption and Its Effect on Electricity Use in China",2025,"2025-11-03","article","en",0,33,1,4,5,NA,FALSE,FALSE,FALSE,FALSE,"closed","47","2","31","49",NA,NA,NA,NA,"The Energy Journal","journal","0195-6574","2025-11-03T00:00:00","2026-02-13T13:36:01.753593"
"S102805530","ep","W4416228005","10.1177/01956574251369484",NA,NA,"Beyond the Mean: Examining Electricity Spot Price Distribution in Australia",2025,"2025-11-14","article","en",0,25,1,2,2,NA,FALSE,FALSE,FALSE,TRUE,"hybrid","47","2","209","254",NA,NA,NA,NA,"The Energy Journal","journal","0195-6574","2025-11-14T00:00:00","2026-02-13T13:36:01.753593"
"S102805530","ep","W4416991795","10.1177/01956574251395630",NA,NA,"Lessons from an International Review of Successful and Unsuccessful Consumer Energy Subsidy Reforms",2025,"2025-12-04","article","en",0,36,1,3,3,NA,FALSE,FALSE,FALSE,TRUE,"hybrid","47","2","1","30",NA,NA,NA,NA,"The Energy Journal","journal","0195-6574","2025-12-04T00:00:00","2026-02-13T13:36:01.753593"
"S102805530","ep","W7124552780","10.1177/01956574251410584",NA,NA,"Price Discovery in a Financialized Oil Market",2026,"2026-01-17","article","en",0,38,1,1,3,0,FALSE,FALSE,FALSE,FALSE,"closed",NA,NA,NA,NA,"Market Dynamics and Volatility","Economics and Econometrics","Economics, Econometrics and Finance","Social Sciences","The Energy Journal","journal","0195-6574","2026-01-19T00:00:00","2026-01-19T04:05:37.678316"
"S102805530","ep","W7125581913","10.1177/01956574251414077",NA,NA,"Structural Shocks on Renewable Energy Consumption and Investment Regimes",2026,"2026-01-23","article","en",0,46,1,1,3,0,FALSE,FALSE,FALSE,FALSE,"closed",NA,NA,NA,NA,"Market Dynamics and Volatility","Economics and Econometrics","Economics, Econometrics and Finance","Social Sciences","The Energy Journal","journal","0195-6574","2026-01-25T00:00:00","2026-01-25T23:08:32.236327"
"S102805530","ep","W7127657289","10.1177/01956574251366204",NA,NA,"Housing Market Beliefs of Energy Efficiency",2026,"2026-02-04","article","en",0,46,1,1,2,0,FALSE,FALSE,FALSE,TRUE,"hybrid",NA,NA,NA,NA,"Sustainable Building Design and Assessment","Building and Construction","Engineering","Physical Sciences","The Energy Journal","journal","0195-6574","2025-12-16T00:00:00","2025-12-16T23:48:00.217561"
"S102805530","ep","W7128789911","10.1177/01956574251414079",NA,NA,"How Do Governments Set Fuel Excise Levies? A Testable Theoretical Framework and Evidence from Australia",2026,"2026-02-13","article","en",0,42,1,1,2,0,FALSE,FALSE,FALSE,TRUE,"hybrid",NA,NA,NA,NA,"Energy, Environment, and Transportation Policies","Renewable Energy, Sustainability and the Environment","Energy","Physical Sciences","The Energy Journal","journal","0195-6574","2026-02-14T00:00:00","2026-02-15T05:58:04.055770"
"S102805530","ep","W7130926641","10.1177/01956574261421837",NA,NA,"Social Unrest and Fuel Prices: The Role of Macroeconomic, Social, and Institutional Factors",2026,"2026-02-21","article","en",0,42,1,2,4,0,FALSE,FALSE,FALSE,FALSE,"closed",NA,NA,NA,NA,"Energy, Environment, and Transportation Policies","Renewable Energy, Sustainability and the Environment","Energy","Physical Sciences","The Energy Journal","journal","0195-6574","2026-02-23T00:00:00","2026-02-23T06:24:36.507609"
